1,2,2008,0.871373402
1,3,2008,0.297239608
1,4,2008,-0.077127246
1,7,2008,0.360589817
1,8,2008,0.322040461
1,9,2008,-0.308877747
1,10,2008,-0.837630176
1,11,2008,0.662082314
1,14,2008,-3.133617487
1,15,2008,0.166962495
1,16,2008,-0.551282051
1,17,2008,0.913534471
1,18,2008,-0.179577991
1,22,2008,-0.498082995
1,23,2008,-0.886072152
1,24,2008,-0.705765431
1,25,2008,1.125041999
1,28,2008,-0.204060696
1,29,2008,-0.153888171
1,30,2008,-0.7078443
1,31,2008,0.154096565
2,1,2008,0.077079
2,4,2008,0.090521141
2,5,2008,-0.320924254
2,6,2008,-0.141752581
2,7,2008,-1.858786603
2,8,2008,0.483411282
2,11,2008,0.038853776
2,12,2008,0.352808054
2,13,2008,-0.534904096
2,14,2008,-0.750294843
2,15,2008,1.119248456
2,19,2008,0.535334575
2,20,2008,0.494645702
2,21,2008,0.383041875
2,22,2008,-0.668933648
2,25,2008,-0.8325585
2,26,2008,0.346346077
2,27,2008,-0.092924463
2,28,2008,0.15746359
2,29,2008,0.612219641
3,3,2008,0.104523124
3,4,2008,-0.914192242
3,5,2008,-1.511768108
3,6,2008,0.013265252
3,7,2008,0.119421442
3,10,2008,0.449670673
3,11,2008,0.412790956
3,12,2008,1.614184927
3,13,2008,-0.716149712
3,14,2008,0.393952715
3,17,2008,0.117580349
3,18,2008,-1.137986522
3,19,2008,0.622654073
3,20,2008,0.38625339
3,24,2008,0
3,25,2008,1.08610576
3,26,2008,0.390618474
3,27,2008,-1.138712489
3,28,2008,0.07823338
3,31,2008,-0.387650864
4,1,2008,-0.566311076
4,2,2008,0.302983781
4,3,2008,-0.393694241
4,4,2008,-0.065150489
4,7,2008,-0.1045413
4,8,2008,-0.624261941
4,9,2008,0.626391777
4,10,2008,-0.311280164
4,11,2008,-0.375941151
4,14,2008,-0.598411581
4,15,2008,-0.209318414
4,16,2008,-0.302995637
4,17,2008,-0.711182668
4,18,2008,-0.145005271
4,21,2008,0.451053348
4,22,2008,0.052632895
4,23,2008,-0.078715559
4,24,2008,-0.039566078
4,25,2008,0.105962914
4,28,2008,1.064258376
4,29,2008,-0.599816127
4,30,2008,0.564157694
5,1,2008,-0.494208616
5,2,2008,0.422943409
5,5,2008,0.514918155
5,6,2008,-0.934209211
5,7,2008,0.146277931
5,8,2008,0.56780798
5,9,2008,-0.221842629
5,12,2008,-0.249019649
5,13,2008,-0.882970515
5,14,2008,-0.540902353
5,15,2008,0.93964931
5,16,2008,0.079340119
5,19,2008,-0.58930984
5,20,2008,-0.339561186
5,21,2008,-0.28924797
5,22,2008,-0.344008988
5,23,2008,0.612107768
5,27,2008,-0.053242382
5,28,2008,-1.050522648
5,29,2008,-0.941752968
5,30,2008,-0.174844658
6,2,2008,0.377509785
6,3,2008,0.902354209
6,4,2008,-0.840780729
6,5,2008,-0.608031331
6,6,2008,0.067190273
6,9,2008,0.053714247
6,10,2008,-0.36325036
6,11,2008,-0.728058534
6,12,2008,-0.366842401
6,13,2008,-0.231362266
6,16,2008,0.040909586
6,17,2008,-0.218335156
6,18,2008,1.078646944
6,19,2008,-0.095134545
6,20,2008,0.040636684
6,23,2008,0.040671094
6,24,2008,0.420107055
6,25,2008,-0.053898924
6,26,2008,-0.187944696
6,27,2008,0.471377778
6,30,2008,-0.173607112
7,1,2008,-0.416326893
7,2,2008,0.296337562
7,3,2008,0.704602952
7,7,2008,0.121027432
7,8,2008,0.619694169
7,9,2008,0.28113388
7,10,2008,0.053427272
7,11,2008,-0.988111911
7,14,2008,0.944410377
7,15,2008,-0.227665735
7,16,2008,-0.8655653
7,17,2008,0.013690118
7,18,2008,-0.476253925
7,21,2008,0.328764384
7,22,2008,-0.44970566
7,23,2008,0.247718126
7,24,2008,0.5458529
7,25,2008,-0.558816932
7,28,2008,0.245465696
7,29,2008,0.314372591
7,30,2008,0.561494134
7,31,2008,-0.026988799
8,1,2008,-0.739350729
8,4,2008,-0.203890173
8,5,2008,-0.680272109
8,6,2008,-0.56080426
8,7,2008,0.736598029
8,8,2008,0.230474506
8,11,2008,-0.527524686
8,12,2008,0.027044901
8,13,2008,-0.619360467
8,14,2008,-0.228676364
8,15,2008,-0.026832997
8,18,2008,0.782506714
8,19,2008,-0.763153012
8,20,2008,0.120557264
8,21,2008,0
8,22,2008,0.040364543
8,25,2008,-0.093369346
8,26,2008,0.080209867
8,27,2008,0.631033809
8,28,2008,0.240641702
8,29,2008,-0.6914854
9,2,2008,0.147019513
9,3,2008,0.07991211
9,4,2008,0.332623718
9,5,2008,-0.673705443
9,8,2008,0.735287404
9,9,2008,0.184939241
9,10,2008,0.237311806
9,11,2008,-0.262670085
9,12,2008,-1.121379903
9,15,2008,1.738436771
9,16,2008,-3.136653771
9,17,2008,-0.956684801
9,18,2008,-1.870387299
9,19,2008,0.324277792
9,22,2008,0.481759106
9,23,2008,-1.450064335
9,24,2008,-0.616434247
9,25,2008,-1.422708657
9,26,2008,0
9,29,2008,0.289895078
9,30,2008,-1.856188566
10,1,2008,0.465445685
10,2,2008,0.352112676
10,3,2008,0.112157574
10,6,2008,1.341530222
10,7,2008,-0.013930362
10,8,2008,-3.856673802
10,9,2008,-1.180321388
10,10,2008,-1.310884909
10,13,2008,1.943078306
10,14,2008,0.897060294
10,15,2008,0.058894289
10,16,2008,-0.870971387
10,17,2008,-0.597910296
10,20,2008,0.481203008
10,21,2008,0.536594159
10,22,2008,1.265067681
10,23,2008,0.484928707
10,24,2008,0.014646361
10,27,2008,-1.279592625
10,28,2008,-0.81699792
10,29,2008,-0.464416479
10,30,2008,-0.315041985
10,31,2008,-0.884551764
11,3,2008,-0.288012729
11,4,2008,1.119694424
11,5,2008,1.163309418
11,6,2008,0.280280273
11,7,2008,-0.325481599
11,10,2008,0.414874809
11,11,2008,0.7652745
11,12,2008,-0.439243026
11,13,2008,-0.442863904
11,14,2008,0.264589156
11,17,2008,0.454342645
11,18,2008,0.716057285
11,19,2008,1.639815606
11,20,2008,1.253519718
11,21,2008,-0.50661555
11,24,2008,0.227719891
11,25,2008,0.125798153
11,26,2008,-0.124961127
11,28,2008,0.125727853
12,1,2008,1.26826301
12,2,2008,0.824399572
12,3,2008,0.162992387
12,4,2008,0.998511658
12,5,2008,0.2433748
12,8,2008,-0.607939771
12,9,2008,1.249148642
12,10,2008,0.473355411
12,11,2008,0.133259593
12,12,2008,-0.385998951
12,15,2008,1.230766555
12,16,2008,1.885051386
12,17,2008,-0.641996459
12,18,2008,0.909085894
12,19,2008,0.533566226
12,22,2008,0.062223742
12,23,2008,0.423364473
12,24,2008,0.450056268
12,26,2008,0.571143524
12,29,2008,-0.394964221
12,30,2008,0.570435275
12,31,2008,-1.060027156
1,2,2009,-2.292259959
1,5,2009,-0.385508867
1,6,2009,-0.517801942
1,7,2009,0.47957873
1,8,2009,0.412434613
1,9,2009,0.595236809
1,12,2009,0.051441614
1,13,2009,0.180294908
1,14,2009,1.035141214
1,15,2009,0.189348647
1,16,2009,0.520970795
1,20,2009,1.449465567
1,21,2009,-0.581928085
1,22,2009,-0.833007918
1,23,2009,-0.262749596
1,26,2009,-0.999871043
1,27,2009,1.892285298
1,28,2009,-0.972384324
1,29,2009,-1.250992856
1,30,2009,-0.516624732
2,2,2009,0.238759786
2,3,2009,-0.996148214
2,4,2009,0.040132441
2,5,2009,0.293883245
2,6,2009,-1.270060109
2,9,2009,0.624320033
2,10,2009,-1.12761745
2,11,2009,-0.810632558
2,12,2009,-1.616323465
2,13,2009,-0.73954952
2,17,2009,-0.851970147
2,18,2009,-1.672642993
2,19,2009,-0.531335135
2,20,2009,-0.797291892
2,23,2009,-1.533540513
2,24,2009,-0.967483229
2,25,2009,-1.119959505
2,26,2009,-0.654479174
2,27,2009,-0.3689478
3,2,2009,-0.813564568
3,3,2009,0.390351301
3,4,2009,0.08406473
3,5,2009,1.41059885
3,6,2009,-0.35680251
3,9,2009,-0.411131966
3,10,2009,-0.847694564
3,11,2009,1.065175923
3,12,2009,0.666670833
3,13,2009,0
3,16,2009,-0.111828346
3,17,2009,-0.139770784
3,18,2009,2.402482973
3,19,2009,-1.221002594
3,20,2009,0.690798592
3,23,2009,-0.286258175
3,24,2009,0.782000285
3,25,2009,-0.805026596
3,26,2009,0.689655172
3,27,2009,0.394720289
3,30,2009,-0.553077049
3,31,2009,0.446612538
4,1,2009,-0.972056163
4,2,2009,-0.490329624
4,3,2009,-1.002189786
4,6,2009,-0.809989062
4,7,2009,-0.151600059
4,8,2009,0.651422019
4,9,2009,0.347366954
4,13,2009,0.247798737
4,14,2009,0.684275352
4,15,2009,0.162528778
4,16,2009,0.478271386
4,17,2009,-1.02152005
4,20,2009,0.288183054
4,21,2009,-0.878617158
4,22,2009,-0.953025226
4,23,2009,-0.013674641
4,24,2009,0.247084427
4,27,2009,0.109238013
4,28,2009,-0.851875527
4,29,2009,-0.508036509
4,30,2009,-0.703354001
5,1,2009,-0.347173994
5,4,2009,-0.069690592
5,5,2009,-0.055618745
5,6,2009,-0.728220675
5,7,2009,-0.703742228
5,8,2009,-0.940266869
5,11,2009,-0.384086409
5,12,2009,-0.35524251
5,13,2009,0.109297715
5,14,2009,-0.298144731
5,15,2009,-0.297741241
5,18,2009,-1.07846185
5,19,2009,-1.028837105
5,20,2009,0.557599627
5,21,2009,-2.224020698
5,22,2009,-0.441075102
5,26,2009,-1.129165472
5,27,2009,-1.681030772
5,28,2009,0.294075043
5,29,2009,1.309914958
6,1,2009,-0.403113695
6,2,2009,0.696572871
6,3,2009,0.639153805
6,4,2009,-0.414999303
6,5,2009,-0.377459812
6,8,2009,-0.195585354
6,9,2009,-0.069817087
6,10,2009,0
6,11,2009,0.857343616
6,12,2009,0.376407345
6,15,2009,-0.386258805
6,16,2009,0.054856008
6,17,2009,-0.041094521
6,18,2009,-1.450859607
6,19,2009,0.871847471
6,22,2009,-0.271733703
6,23,2009,0.461574778
6,24,2009,-0.820886848
6,25,2009,0.229768894
6,26,2009,0.040265702
6,29,2009,-0.547328765
6,30,2009,0.321972091
7,1,2009,-0.404251454
7,2,2009,0.281764394
7,6,2009,-0.349654379
7,7,2009,0.836926273
7,8,2009,1.016181294
7,9,2009,-0.62541848
7,10,2009,1.146208199
7,13,2009,-0.804963062
7,14,2009,-0.798613103
7,15,2009,-0.742635721
7,16,2009,-0.539157554
7,17,2009,-0.244167116
7,20,2009,0.36644544
7,21,2009,1.23289937
7,22,2009,-0.758281249
7,23,2009,-1.056292271
7,24,2009,-0.054194555
7,27,2009,0.584954412
7,28,2009,0.406673461
7,29,2009,-0.453208496
7,30,2009,1.003478753
7,31,2009,0.341030964
8,3,2009,-0.877190398
8,4,2009,-0.590547267
8,5,2009,0.697607986
8,6,2009,0.253000007
8,7,2009,-0.373232486
8,10,2009,0.479488533
8,11,2009,0.487743205
8,12,2009,-1.075409836
8,13,2009,0.739857293
8,14,2009,-0.065269546
8,17,2009,0.156091317
8,18,2009,0.02602968
8,19,2009,0.155848052
8,20,2009,-0.012920811
8,21,2009,-1.291989631
8,24,2009,0.995548913
8,25,2009,0.683957948
8,26,2009,-0.179072653
8,27,2009,-0.525779667
8,28,2009,0.671223691
8,31,2009,0.166726944
9,1,2009,-0.424766368
9,2,2009,0.756600381
9,3,2009,-0.331973953
9,4,2009,-0.820827231
9,8,2009,0
9,9,2009,0.46789835
9,10,2009,1.01633085
9,11,2009,0.037978226
9,14,2009,-0.369192857
9,15,2009,-0.012791502
9,16,2009,-0.025521379
9,17,2009,0.789812739
9,18,2009,-0.089001905
9,21,2009,0.038200688
9,22,2009,0.394609226
9,23,2009,-0.012689673
9,24,2009,0.228097821
9,25,2009,0.314465409
9,28,2009,0.262564381
9,29,2009,0.337875093
9,30,2009,-0.012513449
10,1,2009,0.187539378
10,2,2009,-0.608853109
10,5,2009,-0.162232628
10,6,2009,-0.462956718
10,7,2009,0.300458199
10,8,2009,-0.931908514
10,9,2009,-1.613307366
10,12,2009,0.012776428
10,13,2009,0.012734912
10,14,2009,-0.37127256
10,15,2009,-0.413116453
10,16,2009,0.15437411
10,19,2009,0.038366798
10,20,2009,0.215378183
10,21,2009,-0.012718372
10,22,2009,-0.102030348
10,23,2009,0.076810907
10,26,2009,-0.680970045
10,27,2009,0.797431511
10,28,2009,0.293297636
10,29,2009,-0.293962175
10,30,2009,0.472063044
11,2,2009,-0.331001897
11,3,2009,-0.86756829
11,4,2009,-1.001539587
11,5,2009,-0.077889135
11,6,2009,0.168859597
11,9,2009,-0.438592638
11,10,2009,-0.657219089
11,11,2009,-0.219267383
11,12,2009,-0.051820183
11,13,2009,0.038672167
11,16,2009,0.282850351
11,17,2009,-0.432951744
11,18,2009,-0.561156712
11,19,2009,0.076842109
11,20,2009,-0.064007934
11,23,2009,-0.20463358
11,24,2009,0.115242
11,25,2009,0.33142385
11,27,2009,0.868232891
11,30,2009,0.596599398
12,1,2009,0.03819096
12,2,2009,0.063647356
12,3,2009,0.038342281
12,4,2009,-0.564539375
12,7,2009,-0.218208178
12,8,2009,-0.127901263
12,9,2009,-0.49846627
12,10,2009,-0.194050445
12,11,2009,0.220891375
12,14,2009,0.090521141
12,15,2009,-0.013023437
12,16,2009,-0.116615704
12,17,2009,0.439498443
12,18,2009,-0.257396406
12,21,2009,-0.776204368
12,22,2009,-0.327139501
12,23,2009,-0.091431559
12,24,2009,-0.763652433
12,28,2009,0.146161304
12,29,2009,0.251359982
12,30,2009,-0.144112403
12,31,2009,0.302915844
1,4,2010,0.631084687
1,5,2010,0.248987033
1,6,2010,-0.925441854
1,7,2010,-0.07872589
1,8,2010,0.144491008
1,11,2010,-0.131077466
1,12,2010,0.130632261
1,13,2010,-0.769035444
1,14,2010,0.839342951
1,15,2010,-0.129793635
1,19,2010,0.29932849
1,20,2010,0.323582699
1,21,2010,0.244209502
1,22,2010,0.01283421
1,25,2010,0.064712051
1,26,2010,-0.359942147
1,27,2010,-0.29647331
1,28,2010,-0.644495988
1,29,2010,0.322872272
2,1,2010,-0.658143003
2,2,2010,0.259409864
2,3,2010,-0.221236347
2,4,2010,0.311332225
2,5,2010,0.116817236
2,8,2010,-0.116183838
2,9,2010,-0.453306572
2,10,2010,-0.897496133
2,11,2010,-0.485112121
2,12,2010,-0.039363601
2,16,2010,0.43449903
2,17,2010,-0.47275245
2,18,2010,-0.421162131
2,19,2010,0.197968861
2,22,2010,0.105362834
2,23,2010,0.656512571
2,24,2010,0.10414215
2,25,2010,-0.361849329
2,26,2010,0.375600316
3,1,2010,-0.181228479
3,2,2010,0.207527891
3,3,2010,-0.12964865
3,4,2010,0.323876141
3,5,2010,-0.751287594
3,8,2010,-0.195517464
3,9,2010,-0.260242037
3,10,2010,0.209072262
3,11,2010,0.091551139
3,12,2010,0.639851119
3,15,2010,0
3,16,2010,0.31032585
3,17,2010,0.12841038
3,18,2010,-0.384422086
3,19,2010,0
3,22,2010,-0.205370289
3,23,2010,-0.128664435
3,24,2010,-0.506559307
3,25,2010,-0.430138159
3,26,2010,0.433073508
3,29,2010,-0.13073474
3,30,2010,0.091563117
3,31,2010,0.443927429
4,1,2010,0.196466279
4,5,2010,-0.683936613
4,6,2010,-0.342559938
4,7,2010,1.057355218
4,8,2010,-0.339773929
4,9,2010,0.143698231
4,12,2010,0.41824597
4,13,2010,0.116756613
4,14,2010,-0.376087403
4,15,2010,0.613659779
4,16,2010,0.168193813
4,19,2010,-0.335616363
4,20,2010,-0.141936774
4,21,2010,0.515930614
4,22,2010,-0.166963779
4,23,2010,-0.218929808
4,26,2010,-0.244618263
4,27,2010,0.320595012
4,28,2010,-0.281512469
4,29,2010,0.46308208
4,30,2010,0.806035015
5,3,2010,0.038312898
5,4,2010,0.215651396
5,5,2010,-0.277849204
5,6,2010,1.135649211
5,7,2010,0.266225923
5,10,2010,0.152870064
5,11,2010,-0.012716631
5,12,2010,-0.305428855
5,13,2010,0.152978069
5,14,2010,-0.340733224
5,17,2010,-0.402769052
5,18,2010,1.060477226
5,19,2010,0.162619461
5,20,2010,-0.886482383
5,21,2010,-0.135367951
5,24,2010,-0.564693108
5,25,2010,-0.759993852
5,26,2010,-0.234793629
5,27,2010,-0.525194441
5,28,2010,-0.112843528
6,1,2010,-0.425377205
6,2,2010,-0.465695424
6,3,2010,-1.214019995
6,4,2010,0.225818595
6,7,2010,0.399151812
6,8,2010,0.137311195
6,9,2010,-0.037381931
6,10,2010,-0.916053434
6,11,2010,0.529108108
6,14,2010,0.517355205
6,15,2010,-0.75188719
6,16,2010,-0.037719672
6,17,2010,0.513136408
6,18,2010,-0.186662516
6,21,2010,0.626644935
6,22,2010,0.447873866
6,23,2010,0.283884237
6,24,2010,0.061852034
6,25,2010,0.54584046
6,28,2010,0.28221227
6,29,2010,0.182728721
6,30,2010,0.230305455
7,1,2010,-1.066026612
7,2,2010,0.085856741
7,6,2010,0.501164907
7,7,2010,-0.170927839
7,8,2010,-0.110706023
7,9,2010,0.098865549
7,12,2010,-0.098819028
7,13,2010,-0.580463127
7,14,2010,0.419696323
7,15,2010,0.36791145
7,16,2010,0.231596779
7,19,2010,-0.581883879
7,20,2010,-0.036522637
7,21,2010,1.032688641
7,22,2010,-0.506448812
7,23,2010,-0.460213152
7,26,2010,-0.121653289
7,27,2010,-0.366125205
7,28,2010,-0.279426565
7,29,2010,0.21956696
7,30,2010,0.531531777
8,2,2010,-0.290941939
8,3,2010,0
8,4,2010,-0.677808012
8,5,2010,-0.08479709
8,6,2010,0.19309196
8,9,2010,-0.012056413
8,10,2010,0.180759213
8,11,2010,0.529040532
8,12,2010,-0.417560248
8,13,2010,1.077458411
8,16,2010,0.268749702
8,17,2010,-0.372611797
8,18,2010,-0.383625914
8,19,2010,0.826830063
8,20,2010,-0.392251961
8,23,2010,0.523434913
8,24,2010,0.540479537
8,25,2010,-1.248578916
8,26,2010,0.852237686
8,27,2010,-1.776304108
8,30,2010,0.614562862
8,31,2010,-0.102699992
9,1,2010,-0.347950587
9,2,2010,-0.175933611
9,3,2010,0.66794612
9,7,2010,0.563053372
9,8,2010,-0.292226758
9,9,2010,-0.813395006
9,10,2010,0.334486923
9,13,2010,0.62097446
9,14,2010,0.663986278
9,15,2010,-0.390951291
9,16,2010,-0.286975976
9,17,2010,-0.071732426
9,20,2010,-0.023827455
9,21,2010,0.772798707
9,22,2010,-0.16392342
9,23,2010,-0.442896255
9,24,2010,-0.36461775
9,27,2010,0.480603692
9,28,2010,0.302776279
9,29,2010,-0.139205341
9,30,2010,-0.046518201
10,1,2010,0.08237232
10,4,2010,0.246188737
10,5,2010,-0.432085733
10,6,2010,0.255934158
10,7,2010,-0.440738803
10,8,2010,-0.732554651
10,11,2010,0.222616291
10,12,2010,-0.815657189
10,13,2010,0.318776871
10,14,2010,-1.524751313
10,15,2010,-0.669383186
10,18,2010,0
10,19,2010,0.525879061
10,20,2010,0.488905313
10,21,2010,-0.899304203
10,22,2010,0.286701712
10,25,2010,-0.07100343
10,26,2010,-0.654835115
10,27,2010,-0.43201847
10,28,2010,0.07222463
10,29,2010,0.336294731
11,1,2010,-1.035224881
11,2,2010,0.587183964
11,3,2010,-1.730266712
11,4,2010,0.227465584
11,5,2010,-0.26556375
11,8,2010,-0.253254951
11,9,2010,-1.724762913
11,10,2010,0.049129208
11,11,2010,-0.012265309
11,12,2010,-0.760925352
11,15,2010,-1.227674866
11,16,2010,0.910910917
11,17,2010,-0.345975534
11,18,2010,0.08679355
11,19,2010,0.234938782
11,22,2010,-0.049038862
11,23,2010,-0.207474977
11,24,2010,-0.909535387
11,26,2010,0.345420685
11,29,2010,-0.073491731
11,30,2010,-0.679773028
12,1,2010,-0.136408732
12,2,2010,-0.049779689
12,3,2010,-1.175593396
12,6,2010,0.949765094
12,7,2010,-0.550415298
12,8,2010,-0.729929533
12,9,2010,0.189395209
12,10,2010,-0.214915303
12,13,2010,0.508390951
12,14,2010,-0.446940377
12,15,2010,-0.857871981
12,16,2010,0.906027675
12,17,2010,1.100447829
12,20,2010,-0.528441097
12,21,2010,0.468288812
12,22,2010,0.037863182
12,23,2010,0.012622413
12,27,2010,0.562940094
12,28,2010,-1.5511786
12,29,2010,1.547793132
12,30,2010,0.127477379
12,31,2010,0.228097821
1,3,2011,0.853500637
1,4,2011,0.114106754
1,5,2011,-0.688513324
1,6,2011,0.269713585
1,7,2011,0.744823395
1,10,2011,0.242165438
1,11,2011,-0.343157092
1,12,2011,-0.012791917
1,13,2011,0.895949094
1,14,2011,-0.697796245
1,18,2011,0.128384903
1,19,2011,0.410361615
1,20,2011,-0.449637742
1,21,2011,0.761974687
1,24,2011,-0.408319494
1,25,2011,0.5886857
1,26,2011,-0.992122832
1,27,2011,0.269793179
1,28,2011,1.018173786
1,31,2011,-0.128015868
2,1,2011,-0.090508151
2,2,2011,-0.387050693
2,3,2011,0.117136532
2,4,2011,-0.456084192
2,7,2011,0.762056224
2,8,2011,-0.522332188
2,9,2011,0.431478801
2,10,2011,-0.419287212
2,11,2011,0.457823432
2,14,2011,0.378591394
2,15,2011,0.286534257
2,16,2011,0.038974925
2,17,2011,-0.012957637
2,18,2011,0.260446669
2,22,2011,0.712153281
2,23,2011,-0.192506422
2,24,2011,0.256316805
2,25,2011,0.267720544
2,28,2011,0.088888889
3,1,2011,0.486126404
3,2,2011,-0.408214063
3,3,2011,-0.167651533
3,4,2011,0.607630268
3,7,2011,0.142010072
3,8,2011,-0.090544563
3,9,2011,0.322872272
3,10,2011,0.667431618
3,11,2011,-0.26768516
3,14,2011,0.204582537
3,15,2011,-0.291772161
3,16,2011,0.366718504
3,17,2011,-0.0379398
3,18,2011,0.253480348
3,21,2011,0.522487568
3,22,2011,0.432234913
3,23,2011,-0.617748361
3,24,2011,-0.190502926
3,25,2011,-0.368534747
3,28,2011,0.24290846
3,29,2011,-0.21724984
3,30,2011,0.743486713
3,31,2011,-0.458133101
4,1,2011,0.61633798
4,4,2011,0.255685243
4,5,2011,0.306942056
4,6,2011,-0.753902357
4,7,2011,-0.386851049
4,8,2011,0.012952306
4,11,2011,0.168771909
4,12,2011,0.038658506
4,13,2011,0.865295105
4,14,2011,-0.255750649
4,15,2011,0.407330713
4,18,2011,0.9202467
4,19,2011,0.303910342
4,20,2011,-0.202347287
4,21,2011,0.177583723
4,25,2011,0.063222914
4,26,2011,0.731217852
4,27,2011,0.025175626
4,28,2011,0.630199175
4,29,2011,0.275586865
5,2,2011,0.226131915
5,3,2011,0.125170861
5,4,2011,0.511929105
5,5,2011,0.496280409
5,6,2011,0.29798609
5,9,2011,0.335191794
5,10,2011,0
5,11,2011,0.535558593
5,12,2011,-0.434142876
5,13,2011,0.34727398
5,16,2011,0.75504517
5,17,2011,0.491151756
5,18,2011,-0.550195616
5,19,2011,0.569305672
5,20,2011,0.33267125
5,23,2011,-0.049017039
5,24,2011,-0.085616436
5,25,2011,-0.354871508
5,26,2011,0.354958397
5,27,2011,0.367695814
5,31,2011,0.366786889
6,1,2011,0.559678779
6,2,2011,-0.622409065
6,3,2011,-0.330360932
6,6,2011,0.172477521
6,7,2011,0.55494515
6,8,2011,0.256910943
6,9,2011,-0.462902934
6,10,2011,0.048775758
6,13,2011,-0.10991207
6,14,2011,-0.393555538
6,15,2011,0.826647718
6,16,2011,0.012197561
6,17,2011,0
6,20,2011,-0.061248163
6,21,2011,-0.036758975
6,22,2011,-0.122526337
6,23,2011,0.134327758
6,24,2011,-0.02440918
6,27,2011,-0.965889461
6,28,2011,-0.717104379
6,29,2011,-0.410654549
6,30,2011,-0.099952522
7,1,2011,-0.499867552
7,5,2011,0.025073954
7,6,2011,0.049976261
7,7,2011,0.300900193
7,8,2011,0.384754872
7,11,2011,0.653996784
7,12,2011,-0.207299105
7,13,2011,0.758506258
7,14,2011,-0.611396437
7,15,2011,0.532046523
7,18,2011,-0.566431481
7,19,2011,1.458590817
7,20,2011,-0.354481123
7,21,2011,0.272111324
7,22,2011,0.110696183
7,25,2011,0.185889201
7,26,2011,0.456896748
7,27,2011,0.024644574
7,28,2011,0
7,29,2011,1.242997837
8,1,2011,0.893178054
8,2,2011,1.622718091
8,3,2011,-0.02339104
8,4,2011,1.785304613
8,5,2011,-1.205510648
8,8,2011,0.737788977
8,9,2011,1.522199664
8,10,2011,0.487307355
8,11,2011,-2.805768438
8,12,2011,0.583022374
8,15,2011,-0.545055066
8,16,2011,0.956714514
8,17,2011,0.989189073
8,18,2011,-0.315135629
8,19,2011,0.326568683
8,22,2011,0
8,23,2011,-0.375386173
8,24,2011,-2.313924462
8,25,2011,0.568575075
8,26,2011,-0.160604569
8,29,2011,0.756872407
8,30,2011,0.552173013
8,31,2011,-0.70800845
9,1,2011,1.24567709
9,2,2011,0.381598213
9,6,2011,-0.507781234
9,7,2011,-0.27973592
9,8,2011,0.122863846
9,9,2011,0.380266172
9,12,2011,0.144933115
9,13,2011,-0.747683286
9,14,2011,0.606947279
9,15,2011,-0.495265668
9,16,2011,0.543789528
9,19,2011,0
9,20,2011,0.311290727
9,21,2011,1.974484704
9,22,2011,0.804375822
9,23,2011,-1.404221231
9,26,2011,-0.881686049
9,27,2011,0.188594411
9,28,2011,-0.144040997
9,29,2011,-0.143722503
9,30,2011,0.26220693
10,3,2011,1.116772164
10,4,2011,-1.528922287
10,5,2011,-0.293674129
10,6,2011,-0.831049781
10,7,2011,0.533752919
10,10,2011,-0.698298596
10,11,2011,-0.64387432
10,12,2011,0.078695899
10,13,2011,0.325250098
10,14,2011,0.158065937
10,17,2011,0.92259229
10,18,2011,-0.277808652
10,19,2011,0.334862165
10,20,2011,-0.10045318
10,21,2011,-0.413411173
10,24,2011,-0.278768956
10,25,2011,1.912108912
10,26,2011,-0.616941741
10,27,2011,-1.253491914
10,28,2011,0.25915831
10,31,2011,1.175033823
11,1,2011,0.054213836
11,2,2011,0.822278268
11,3,2011,0.142603109
11,4,2011,0.561305299
11,7,2011,0.328222093
11,8,2011,-0.733199849
11,9,2011,-0.206278361
11,10,2011,-0.339761077
11,11,2011,-0.011047051
11,14,2011,0.230590754
11,15,2011,-0.197260274
11,16,2011,0.043763675
11,17,2011,0.724315165
11,18,2011,-0.010927565
11,21,2011,-0.369649912
11,22,2011,0.380846564
11,23,2011,0.727942191
11,25,2011,-1.079796987
11,28,2011,1.146891266
11,29,2011,-0.481983783
11,30,2011,-0.276518072
12,1,2011,-0.089457676
12,2,2011,1.0597914
12,5,2011,0.766235399
12,6,2011,-0.243256297
12,7,2011,0.176967142
12,8,2011,0.563219197
12,9,2011,-1.210385163
12,12,2011,-0.143930469
12,13,2011,1.300287798
12,14,2011,0.622541516
12,15,2011,0.097821739
12,16,2011,0.455282385
12,19,2011,0.849463441
12,20,2011,-1.116479847
12,21,2011,-0.911561565
12,22,2011,-0.217870363
12,23,2011,0.211230691
12,27,2011,0.255191399
12,28,2011,1.216148188
12,29,2011,0.371134152
12,30,2011,-0.021728784
1,3,2012,0.295927231
1,4,2012,-0.624861866
1,5,2012,-0.198478328
1,6,2012,0.584350626
1,9,2012,-0.087866005
1,10,2012,0.474196074
1,11,2012,-0.032826823
1,12,2012,-0.207176973
1,13,2012,-0.010835863
1,17,2012,-0.270328711
1,18,2012,-0.583651121
1,19,2012,-0.762107801
1,20,2012,-0.462045094
1,23,2012,-0.077690346
1,24,2012,-0.232608554
1,25,2012,0.579004578
1,26,2012,0.640886188
1,27,2012,0.33961109
1,30,2012,-0.237864639
1,31,2012,0.694066812
2,1,2012,-0.499076717
2,2,2012,0.054505124
2,3,2012,0.221064439
2,6,2012,0.771941994
2,7,2012,-0.495000528
2,8,2012,0.044097674
2,9,2012,-0.287041283
2,10,2012,0.121306793
2,13,2012,0.022017177
2,14,2012,0.329709865
2,15,2012,-0.098472646
2,16,2012,-0.296675084
2,17,2012,0.376193861
2,21,2012,-0.30925447
2,22,2012,0.563787316
2,23,2012,0.430083811
2,24,2012,0.054713864
2,27,2012,0.217184286
2,28,2012,-0.346291512
2,29,2012,-0.530586909
3,1,2012,0.033013095
3,2,2012,0.252022786
3,5,2012,-0.578663635
3,6,2012,-0.09824891
3,7,2012,-0.284178605
3,8,2012,-0.34088959
3,9,2012,0.110495028
3,12,2012,-0.263879063
3,13,2012,-0.675219202
3,14,2012,-1.089888764
3,15,2012,0.227199821
3,16,2012,0.352598962
3,19,2012,-0.894779693
3,20,2012,0.171489652
3,21,2012,0.716638575
3,22,2012,-0.033832188
3,23,2012,0.326568683
3,26,2012,-0.06738349
3,27,2012,0.336854937
3,28,2012,0.235504099
3,29,2012,0.156041015
3,30,2012,-1.035164783
4,2,2012,-0.269600099
4,3,2012,-1.504777041
4,4,2012,0.226881447
4,5,2012,-0.101210079
4,9,2012,-0.232685873
4,10,2012,0.143563772
4,11,2012,0.188886667
4,12,2012,-0.387981381
4,13,2012,0.520027678
4,16,2012,-0.043976474
4,17,2012,0.121172066
4,18,2012,-0.131667765
4,19,2012,0.043875179
4,20,2012,0.395779468
4,23,2012,-0.480186636
4,24,2012,0.043908892
4,25,2012,0.011016632
4,26,2012,-0.142128565
4,27,2012,0.240938566
4,30,2012,-0.163685074
5,1,2012,-0.469945355
5,2,2012,-0.021900121
5,3,2012,0.208565317
5,4,2012,0.316940984
5,7,2012,-0.086911458
5,8,2012,0.086892582
5,9,2012,-0.443008089
5,10,2012,0.348887916
5,11,2012,0.173287119
5,14,2012,0.032208504
5,15,2012,0.257066193
5,16,2012,0.882194757
5,17,2012,1.070320026
5,18,2012,0.266439299
5,21,2012,0.03191383
5,22,2012,-0.053582297
5,23,2012,-0.287637149
5,24,2012,-0.181641209
5,25,2012,0.202907947
5,29,2012,-0.255943274
5,30,2012,0.232485477
5,31,2012,0.398779511
6,1,2012,0.823432336
6,4,2012,0.166697223
6,5,2012,-0.449414716
6,6,2012,-1.12406658
6,7,2012,0.297776245
6,8,2012,-0.850838262
6,11,2012,0.818710234
6,12,2012,-0.307824013
6,13,2012,0.648108777
6,14,2012,-0.042235245
6,15,2012,-0.157530979
6,18,2012,0
6,19,2012,-0.2632133
6,20,2012,0.763514292
6,21,2012,0.483759617
6,22,2012,-0.430803834
6,25,2012,0.209780793
6,26,2012,0.305232074
6,27,2012,0.304399086
6,28,2012,-0.104338485
6,29,2012,0.274574923
7,2,2012,0.610906876
7,3,2012,-0.283142824
7,5,2012,0.357936632
7,6,2012,0.450120386
7,9,2012,0.415716063
7,10,2012,0.591409024
7,11,2012,-0.154601118
7,12,2012,0.298109584
7,13,2012,0.041043505
7,16,2012,-0.265172863
7,17,2012,-0.235314103
7,18,2012,-0.152876065
7,19,2012,-0.030579002
7,20,2012,0.253729831
7,23,2012,-0.353034097
7,24,2012,0.883251777
7,25,2012,0.241787221
7,26,2012,-0.130808014
7,27,2012,-0.53725189
7,30,2012,0.500100005
7,31,2012,-0.101193078
8,1,2012,0.142797836
8,2,2012,-0.04064729
8,3,2012,-0.245723359
8,6,2012,0.184577528
8,7,2012,-0.216949373
8,8,2012,-0.671488616
8,9,2012,0.093766407
8,10,2012,-0.320179715
8,13,2012,-0.289195414
8,14,2012,-0.104667154
8,15,2012,-0.694156485
8,16,2012,-0.751242181
8,17,2012,0.138353556
8,20,2012,-0.021219228
8,21,2012,0.339666706
8,22,2012,0.419068635
8,23,2012,0.176952222
8,24,2012,-0.507514226
8,27,2012,-0.082816772
8,28,2012,0.165713097
8,29,2012,-0.361494526
8,30,2012,-0.020680243
8,31,2012,0.960843052
9,4,2012,-0.226083655
9,5,2012,-0.216204063
9,6,2012,-0.653057939
9,7,2012,-1.104800229
9,10,2012,0.219549394
9,11,2012,-0.333785324
9,12,2012,-0.052629196
9,13,2012,-0.23141054
9,14,2012,-0.873269417
9,17,2012,0.502890012
9,18,2012,-0.359070644
9,19,2012,-0.262936469
9,20,2012,-0.743220985
9,21,2012,0.411608443
9,24,2012,0.314172171
9,25,2012,0.354642734
9,26,2012,0.155200204
9,27,2012,-0.124034109
9,28,2012,-0.268236872
10,1,2012,0.300987033
10,2,2012,0.17629161
10,3,2012,0.124239574
10,4,2012,-0.301174574
10,5,2012,-0.292855347
10,8,2012,-0.073037357
10,9,2012,0.324230726
10,10,2012,0.837699476
10,11,2012,0.843044321
10,12,2012,0.010303904
10,15,2012,0.030917242
10,16,2012,-0.40351784
10,17,2012,-0.353765473
10,18,2012,-0.459197454
10,19,2012,0.892386352
10,22,2012,-0.25044975
10,23,2012,0.21861233
10,24,2012,-0.041728562
10,25,2012,0
10,26,2012,0.39662249
10,31,2012,0.456529377
11,1,2012,-0.062250469
11,2,2012,0.638143138
11,5,2012,0
11,6,2012,-0.373832802
11,7,2012,-0.185490517
11,8,2012,0.868752697
11,9,2012,0.092387602
11,12,2012,-0.020489805
11,13,2012,0
11,14,2012,0.349036019
11,15,2012,0.102605172
11,16,2012,0.051233608
11,19,2012,-0.092511048
11,20,2012,-0.453097514
11,21,2012,0.20744424
11,23,2012,-0.020699793
11,26,2012,-0.257731959
11,27,2012,0.175226763
11,28,2012,-0.563816487
11,29,2012,0.092797198
11,30,2012,-0.411143998
12,3,2012,0.54104255
12,4,2012,0.278863871
12,5,2012,0.010286126
12,6,2012,0.020551675
12,7,2012,-0.144598224
12,10,2012,-0.113508405
12,11,2012,-0.144852558
12,12,2012,-0.602286586
12,13,2012,0.178240727
12,14,2012,0.355281098
12,17,2012,-0.905121695
12,18,2012,-0.547365263
12,19,2012,0.073925439
12,20,2012,-0.231458173
12,21,2012,-0.020990555
12,24,2012,0.075058973
12,26,2012,0.589301391
12,27,2012,0.490456333
12,28,2012,0.285869781
12,31,2012,-0.666663492
1,2,2013,0.064562574
1,3,2013,-0.883049743
1,4,2013,0.554651459
1,7,2013,0.216775413
1,8,2013,0.140203838
1,9,2013,-0.021507364
1,10,2013,0.19432258
1,11,2013,0.962474306
1,14,2013,-0.085793029
1,15,2013,-0.010702506
1,16,2013,-0.415733939
1,17,2013,0.118357002
1,18,2013,0.473528852
1,22,2013,0.408168645
1,23,2013,-0.096149575
1,24,2013,-0.053537472
1,25,2013,-0.162041698
1,28,2013,0.501643419
1,29,2013,-0.651960237
1,30,2013,0.021941429
1,31,2013,-0.273552908
2,1,2013,-1.233755922
2,4,2013,0.011014206
2,5,2013,0.121681413
2,6,2013,0.341557948
2,7,2013,-0.054885281
2,8,2013,0
2,11,2013,0.16463725
2,12,2013,0.12088022
2,13,2013,-0.06617073
2,14,2013,0.197868526
2,15,2013,-0.010965903
2,19,2013,-0.219592661
2,20,2013,0.452284601
2,21,2013,0.076594814
2,22,2013,0.098582538
2,25,2013,1.956903056
2,26,2013,0.216338568
2,27,2013,-0.708910864
2,28,2013,0.02163241
3,1,2013,0.054107142
3,4,2013,-0.302603483
3,5,2013,0.076095229
3,6,2013,-0.152587466
3,7,2013,-0.35053127
3,8,2013,-0.022152432
3,11,2013,-0.353863762
3,12,2013,0.099353134
3,13,2013,-0.099254521
3,14,2013,-0.265220472
3,15,2013,0.077399379
3,18,2013,-0.416079045
3,19,2013,0.08760622
3,20,2013,-0.591717059
3,21,2013,0.120991085
3,22,2013,-0.076670315
3,25,2013,-0.021939873
3,26,2013,0.274423716
3,27,2013,0.065421438
3,28,2013,-0.217741975
4,1,2013,0.18634111
4,2,2013,-0.218839044
4,3,2013,0.294691106
4,4,2013,0.412011263
4,5,2013,-0.170217021
4,8,2013,-0.339954329
4,9,2013,-0.266070671
4,10,2013,-0.353737803
4,11,2013,-0.171770259
4,12,2013,0.224094549
4,15,2013,0.308249356
4,16,2013,0.11702234
4,17,2013,0.169883202
4,18,2013,0.27574716
4,19,2013,-0.063510794
4,22,2013,0.063551156
4,23,2013,-0.485435828
4,24,2013,0.07419184
4,25,2013,0.308511702
4,26,2013,0.126630432
4,29,2013,-0.389345474
4,30,2013,-0.347114758
5,1,2013,0.285227117
5,2,2013,-0.073490814
5,3,2013,-0.48759701
5,6,2013,-0.288150489
5,7,2013,0.096645186
5,8,2013,0.16111923
5,9,2013,-0.299496209
5,10,2013,-0.591528267
5,13,2013,-0.152305269
5,14,2013,-0.965605966
5,15,2013,-0.043664447
5,16,2013,0.184500762
5,17,2013,-0.304512245
5,20,2013,-0.316620824
5,21,2013,0.69026517
5,22,2013,-1.110018512
5,23,2013,-0.328518397
5,24,2013,-0.120752009
5,28,2013,-1.409068754
5,29,2013,0.301740044
5,30,2013,-0.189202008
5,31,2013,-0.713887324
6,3,2013,0.361051575
6,4,2013,-0.461291645
6,5,2013,0.395568477
6,6,2013,0.315100154
6,7,2013,-0.304435668
6,10,2013,-0.136785587
6,11,2013,0.93060316
6,12,2013,-0.63853822
6,13,2013,0.503090561
6,14,2013,0.033973951
6,17,2013,-0.600361357
6,18,2013,0.194403666
6,19,2013,-1.549152505
6,20,2013,-0.690376793
6,21,2013,-1.285222292
6,24,2013,0.349651547
6,25,2013,0.012044798
6,26,2013,0.286427971
6,27,2013,0.603973221
6,28,2013,0.626263758
7,1,2013,0.718916929
7,2,2013,0.292980188
7,3,2013,-0.093539526
7,5,2013,-0.131958972
7,8,2013,0.660664264
7,9,2013,-0.095287675
7,10,2013,-0.334327164
7,11,2013,0.309452522
7,12,2013,-0.248490114
7,15,2013,0.225414637
7,16,2013,0.165250234
7,17,2013,-0.246448777
7,18,2013,-0.705050545
7,19,2013,0.578373459
7,22,2013,0.128746486
7,23,2013,0.235132853
7,24,2013,-0.059098215
7,25,2013,0.344991681
7,26,2013,0.391229411
7,29,2013,-0.201467179
7,30,2013,-0.366956663
7,31,2013,1.139631704
8,1,2013,-0.634501384
8,2,2013,-0.095733607
8,5,2013,-0.5627323
8,6,2013,0
8,7,2013,0.203785668
8,8,2013,-0.155035186
8,9,2013,0.143448891
8,12,2013,-0.523999041
8,13,2013,-0.277470144
8,14,2013,0.084766285
8,15,2013,-0.280731112
8,16,2013,-0.685777581
8,19,2013,-0.395696783
8,20,2013,0.334122023
8,21,2013,-0.297293436
8,22,2013,0.559419429
8,23,2013,1.286174854
8,26,2013,0.097575316
8,27,2013,0.448869344
8,28,2013,-0.242195441
8,29,2013,0.437637967
8,30,2013,-0.01207217
9,3,2013,-0.560222865
9,4,2013,-0.404018119
9,5,2013,-1.022294592
9,6,2013,-0.111349744
9,9,2013,-0.406196465
9,10,2013,-0.309520873
9,11,2013,0.371788316
9,12,2013,-0.577893752
9,13,2013,0.086248148
9,16,2013,-1.185676597
9,17,2013,0.357716788
9,18,2013,1.178781896
9,19,2013,-0.520959528
9,20,2013,-0.024269936
9,23,2013,0.400623999
9,24,2013,0.433736145
9,25,2013,0.204063143
9,26,2013,-0.144026644
9,27,2013,0.204816867
9,30,2013,-0.192357538
10,1,2013,-0.01211923
10,2,2013,0.205710312
10,3,2013,0.03625695
10,4,2013,-0.012082629
10,7,2013,-0.132531325
10,8,2013,0.169060504
10,9,2013,-0.120780189
10,10,2013,0.486019423
10,11,2013,-0.409101186
10,14,2013,-0.447727498
10,15,2013,-0.254451718
10,16,2013,0.995991716
10,17,2013,0.406402084
10,18,2013,-0.047497626
10,21,2013,-0.083391706
10,22,2013,0.165620492
10,23,2013,0.129747584
10,24,2013,-0.364797587
10,25,2013,0.129718156
10,28,2013,0.058958851
10,29,2013,0.094565014
10,30,2013,-0.165268565
10,31,2013,-0.341539261
11,1,2013,-0.665870408
11,4,2013,-0.310598499
11,5,2013,-0.492724438
11,6,2013,-0.084469648
11,7,2013,0.373761746
11,8,2013,-0.304580889
11,11,2013,-0.061210673
11,12,2013,0.405109261
11,13,2013,0.048763867
11,14,2013,0.193944242
11,15,2013,0
11,18,2013,0.434197301
11,19,2013,-0.468467267
11,20,2013,-1.040658289
11,21,2013,0.13449199
11,22,2013,0.170035228
11,25,2013,0.363551879
11,26,2013,0.205295259
11,27,2013,-0.012085853
11,29,2013,0.084602371
12,2,2013,-0.557574545
12,3,2013,-0.072945897
12,4,2013,-0.25662837
12,5,2013,-0.171610685
12,6,2013,0.257352947
12,9,2013,0.244525
12,10,2013,0.254822218
12,11,2013,-0.181951718
12,12,2013,-0.121594118
12,13,2013,0.012138349
12,16,2013,-0.35138859
12,17,2013,0.048503698
12,18,2013,0.085065013
12,19,2013,-0.012149022
12,20,2013,0.507436288
12,23,2013,-0.240786184
12,24,2013,-0.012160486
12,26,2013,-0.280082795
12,27,2013,-0.207898993
12,30,2013,0.085397095
12,31,2013,-0.487508818
1,2,2014,0.34292467
1,3,2014,0.195317388
1,6,2014,0.097326038
1,7,2014,-0.10890126
1,8,2014,-0.085106383
1,9,2014,0.182009456
1,10,2014,0.409042334
1,13,2014,0.335820353
1,14,2014,-0.095753438
1,15,2014,0.252311657
1,16,2014,0.071604009
1,17,2014,0.250745075
1,21,2014,0.226219793
1,22,2014,-0.249821562
1,23,2014,0.356594569
1,24,2014,0.200753425
1,27,2014,-0.271189725
1,28,2014,0.094353107
1,29,2014,0.246738336
1,30,2014,0.18795255
1,31,2014,0.163626699
2,3,2014,0.771473965
2,4,2014,-0.046632083
2,5,2014,-0.397991338
2,6,2014,-0.152731433
2,7,2014,0.03532917
2,10,2014,0.828211104
2,11,2014,0.011770109
2,12,2014,-0.22419115
2,13,2014,0.023586842
2,14,2014,0.023545273
2,18,2014,0.047010227
2,19,2014,-0.620753126
2,20,2014,-0.094341978
2,21,2014,0.495925127
2,24,2014,-0.176049302
2,25,2014,0.257974909
2,26,2014,0.338707066
2,27,2014,0.11593971
2,28,2014,-0.069530704
3,3,2014,0.104500693
3,4,2014,-0.418896895
3,5,2014,0.093677984
3,6,2014,-0.141072188
3,7,2014,0.130470884
3,10,2014,0.071096102
3,11,2014,0.213195547
3,12,2014,0.070602425
3,13,2014,1.072223363
3,14,2014,-0.348637989
3,17,2014,-0.116724644
3,18,2014,0.221904921
3,19,2014,-0.68700049
3,20,2014,0.035205962
3,21,2014,0.491743333
3,24,2014,0.605713468
3,25,2014,0.197557227
3,26,2014,0.591032558
3,27,2014,0.356892697
3,28,2014,-0.160844437
3,31,2014,0.312287767
4,1,2014,0.034882587
4,2,2014,-0.186484842
4,3,2014,0.13991954
4,4,2014,0.325777789
4,7,2014,0.323893591
4,8,2014,0.242026054
4,9,2014,0.173111364
4,10,2014,0.368451361
4,11,2014,0.079881322
4,14,2014,0.114087847
4,15,2014,0.467764964
4,16,2014,0.616008414
4,17,2014,-0.736546176
4,21,2014,-0.102650547
4,22,2014,0.43492845
4,23,2014,0.261814462
4,24,2014,0.478148929
4,25,2014,0.079256114
4,28,2014,-0.249264667
4,29,2014,0.364797077
4,30,2014,0.499775097
5,1,2014,0.635493623
5,2,2014,0.767754319
5,5,2014,-0.515174146
5,6,2014,0.348948687
5,7,2014,-0.235398501
5,8,2014,-0.31425141
5,9,2014,-0.225475769
5,12,2014,-0.316740943
5,13,2014,0.056506951
5,14,2014,0.426244522
5,15,2014,-0.011131887
5,16,2014,-0.055726065
5,19,2014,-0.722865897
5,20,2014,0.168295753
5,21,2014,0.045000563
5,22,2014,-0.14619546
5,23,2014,0.179811187
5,27,2014,0.347414535
5,28,2014,0.400134485
5,29,2014,-0.353747517
5,30,2014,-0.044420876
6,2,2014,-0.078456623
6,3,2014,-0.450198097
6,4,2014,-0.203389831
6,5,2014,0.465913636
6,6,2014,-0.225196492
6,9,2014,0.079158657
6,10,2014,0.170051017
6,11,2014,-0.056558079
6,12,2014,0.554108334
6,13,2014,0.428947982
6,16,2014,0.157409486
6,17,2014,-0.236538637
6,18,2014,0.575940127
6,19,2014,-0.751118859
6,20,2014,0.294154319
6,23,2014,-0.315349698
6,24,2014,0.247275483
6,25,2014,-0.267765266
6,26,2014,0.178547035
6,27,2014,-0.144667259
6,30,2014,0.111368748
7,1,2014,0.044849197
7,2,2014,-0.506525237
7,3,2014,0.22750198
7,7,2014,0.339831223
7,8,2014,0.112256396
7,9,2014,0.056069747
7,10,2014,-0.412719455
7,11,2014,0.200960143
7,14,2014,-0.200892862
7,15,2014,0.168162562
7,16,2014,0.279704641
7,17,2014,0.478363561
7,18,2014,-0.09951791
7,21,2014,0.077373714
7,22,2014,0.16563715
7,23,2014,-0.06608437
7,24,2014,-0.166032772
7,25,2014,0.0661285
7,28,2014,-0.033046254
7,29,2014,-0.120774042
7,30,2014,-0.739357733
7,31,2014,0.145346598
8,1,2014,0.358461981
8,4,2014,-0.055670229
8,5,2014,0.390884517
8,6,2014,-0.177379163
8,7,2014,0.543717248
8,8,2014,-0.077184914
8,11,2014,0.176849783
8,12,2014,-0.232505536
8,13,2014,0.321580173
8,14,2014,0.231225501
8,15,2014,0.504053243
8,18,2014,-0.513493942
8,19,2014,-0.350377743
8,20,2014,-0.274876315
8,21,2014,0.286189329
8,22,2014,0.328581588
8,25,2014,0.305375716
8,26,2014,-0.152172826
8,27,2014,0.228409828
8,28,2014,0.086433277
8,29,2014,0.205120378
9,2,2014,-0.305442354
9,3,2014,0.295571982
9,4,2014,-0.591069389
9,5,2014,-0.559205062
9,8,2014,-0.646641838
9,9,2014,-0.077390826
9,10,2014,-0.055534206
9,11,2014,-0.432659202
9,12,2014,-0.459696144
9,15,2014,-0.202020207
9,16,2014,-0.32558774
9,17,2014,-0.505736103
9,18,2014,-0.101370805
9,19,2014,0.606606401
9,22,2014,0.078055308
9,23,2014,0.033361878
9,24,2014,-0.500052239
9,25,2014,0.478629808
9,26,2014,0.133253743
9,29,2014,-0.29818221
9,30,2014,-0.177006308
10,1,2014,0.486289772
10,2,2014,-0.439997781
10,3,2014,0.308981451
10,6,2014,0.054934621
10,7,2014,0.68935114
10,8,2014,0.032533348
10,9,2014,-0.31446649
10,10,2014,0.162779161
10,13,2014,0.357143932
10,14,2014,0.215081196
10,15,2014,-1.108884758
10,16,2014,-1.347048169
10,17,2014,0.064507041
10,20,2014,-0.171751817
10,21,2014,-0.140098069
10,22,2014,0.054080684
10,23,2014,-0.400436139
10,24,2014,-0.076011514
10,27,2014,0.032604064
10,28,2014,-0.11972138
10,29,2014,0.054540794
10,30,2014,-0.456023897
10,31,2014,0.021817785
11,3,2014,-0.32823194
11,4,2014,-0.360618504
11,5,2014,0.230388366
11,6,2014,-0.120721023
11,7,2014,0.593015607
11,10,2014,-0.524937653
11,11,2014,0.263908065
11,12,2014,-0.404994523
11,13,2014,0.08792395
11,14,2014,0.263683814
11,17,2014,-0.416079045
11,18,2014,0.120813835
11,19,2014,-0.066091651
11,20,2014,-0.328626352
11,21,2014,0.340029622
11,24,2014,0.317322468
11,25,2014,0.51231852
11,26,2014,0.010809467
11,28,2014,0.118521714
12,1,2014,-0.785870393
12,2,2014,-0.456916894
12,3,2014,0.043669215
12,4,2014,0.501306659
12,5,2014,-0.401775455
12,8,2014,0.380473973
12,9,2014,-0.042988714
12,10,2014,0.312063919
12,11,2014,0.032267398
12,12,2014,0.331095813
12,15,2014,0.117534998
12,16,2014,0.404475798
12,17,2014,0.074253742
12,18,2014,-0.245415064
12,19,2014,0.695710157
12,22,2014,0.554493501
12,23,2014,-1.067463706
12,24,2014,0.82011656
12,26,2014,0.107064238
12,29,2014,0.18144839
12,30,2014,-0.201253037
12,31,2014,0.095558505
1,2,2015,0.603812487
1,5,2015,0.356763892
1,6,2015,0.310941118
1,7,2015,0.404018444
1,8,2015,-0.476831134
1,9,2015,0.719877949
1,12,2015,0.17585394
1,13,2015,0.031019543
1,14,2015,-0.746500657
1,15,2015,1.048631676
1,16,2015,-0.672984603
1,20,2015,0.449249531
1,21,2015,-0.578562746
1,22,2015,-0.591416335
1,23,2015,0.468669374
1,26,2015,-0.283572013
1,27,2015,-0.857717474
1,28,2015,1.12712527
1,29,2015,-0.070500553
1,30,2015,0.369699233
2,2,2015,0.46203195
2,3,2015,-0.282741596
2,4,2015,0.478859899
2,5,2015,-0.284667545
2,6,2015,-0.758661054
2,9,2015,-0.555899738
2,10,2015,-0.321682049
2,11,2015,-0.020826652
2,12,2015,-0.208112387
2,13,2015,-0.729626835
2,17,2015,-1.303339303
2,18,2015,0.180216258
2,19,2015,-0.444442328
2,20,2015,-0.327494176
2,23,2015,0.316083645
2,24,2015,1.060815052
2,25,2015,0.363748697
2,26,2015,-0.808463905
2,27,2015,-0.072886297
3,2,2015,-1.230705086
3,3,2015,-0.422253761
3,4,2015,-0.25346393
3,5,2015,-0.317530684
3,6,2015,-1.267974454
3,9,2015,-0.107065308
3,10,2015,0.191693287
3,11,2015,0.733576456
3,12,2015,-0.546510761
3,13,2015,-0.074215437
3,16,2015,-0.136991567
3,17,2015,0.084186047
3,18,2015,1.211618993
3,19,2015,-0.175437561
3,20,2015,0
3,23,2015,-0.185681861
3,24,2015,0.381485728
3,25,2015,-0.768363889
3,26,2015,-0.962824349
3,27,2015,0.42695304
3,30,2015,-0.19711796
3,31,2015,0.093522807
4,1,2015,0.486434471
4,2,2015,-0.340524184
4,6,2015,-0.712811961
4,7,2015,0.550648312
4,8,2015,0.051688031
4,9,2015,-0.838081721
4,10,2015,-0.311691429
4,13,2015,0.104303299
4,14,2015,-0.186142715
4,15,2015,-0.248136887
4,16,2015,-0.372594689
4,17,2015,0.853455436
4,20,2015,-0.23782029
4,21,2015,-0.331537515
4,22,2015,-0.947715089
4,23,2015,0.062938958
4,24,2015,0.282343416
4,27,2015,-0.229311023
4,28,2015,-0.514703798
4,29,2015,-0.362314593
4,30,2015,0.386308609
5,1,2015,-0.486071495
5,4,2015,-0.618689915
5,5,2015,-0.130877955
5,6,2015,-0.492985325
5,7,2015,0.549571316
5,8,2015,-0.043431054
5,11,2015,-1.371065073
5,12,2015,0.447178327
5,13,2015,-1.040391833
5,14,2015,0.234478567
5,15,2015,0.708121289
5,18,2015,-0.409250065
5,19,2015,0.089650339
5,20,2015,-0.123014988
5,21,2015,0.4678679
5,22,2015,0
5,26,2015,0.784702671
5,27,2015,0.252252687
5,28,2015,-0.219230509
5,29,2015,-0.372117751
6,1,2015,-0.529212807
6,2,2015,-0.323770236
6,3,2015,-0.730995293
6,4,2015,0.338489236
6,5,2015,-0.101910318
6,8,2015,-0.237905299
6,9,2015,-0.580537293
6,10,2015,-0.298681207
6,11,2015,0.846203574
6,12,2015,0.193113713
6,15,2015,-0.665018027
6,16,2015,0.124412391
6,17,2015,-0.2260875
6,18,2015,0.102370339
6,19,2015,0.384176271
6,22,2015,-0.623789285
6,23,2015,0.172554929
6,24,2015,0.125858121
6,25,2015,-0.160365401
6,26,2015,-0.345386825
6,29,2015,0.469004815
6,30,2015,0
7,1,2015,-0.011535002
7,2,2015,-0.160678302
7,6,2015,0.102501135
7,7,2015,-0.135199411
7,8,2015,0.134856143
7,9,2015,-0.599071995
7,10,2015,0.080634721
7,13,2015,0.138795977
7,14,2015,-0.092146971
7,15,2015,0.483534418
7,16,2015,0.790734568
7,17,2015,0.113634091
7,20,2015,-0.034146842
7,21,2015,0.502057286
7,22,2015,0.113295574
7,23,2015,0.677888359
7,24,2015,-0.19034711
7,27,2015,-0.245811173
7,28,2015,0.179860614
7,29,2015,-0.056156352
7,30,2015,0.157019957
7,31,2015,0.256234397
8,3,2015,0.703514214
8,4,2015,-0.38910396
8,5,2015,-0.213070544
8,6,2015,0.336704834
8,7,2015,0.501285524
8,10,2015,-0.367977252
8,11,2015,0.355792743
8,12,2015,-0.442431127
8,13,2015,-0.011140566
8,14,2015,0.14461898
8,17,2015,-0.199445983
8,18,2015,-0.311733467
8,19,2015,0.738250543
8,20,2015,0.342879091
8,21,2015,-0.209277451
8,24,2015,-1.486176342
8,25,2015,-0.078159895
8,26,2015,-0.112530659
8,27,2015,-0.135327622
8,28,2015,-0.38027512
8,31,2015,-1.093022481
9,1,2015,0.248243052
9,2,2015,-0.259216716
9,3,2015,0.011238202
9,4,2015,0.145296746
9,8,2015,-0.303204931
9,9,2015,0.862169011
9,10,2015,-0.473351725
9,11,2015,-0.011239316
9,14,2015,-0.224287321
9,15,2015,-1.162133628
9,16,2015,-0.057113647
9,17,2015,0.719511209
9,18,2015,0.395219069
9,21,2015,-0.496281277
9,22,2015,0.202794047
9,23,2015,0.101333033
9,24,2015,-0.569445077
9,25,2015,-0.157914498
9,28,2015,0.495322515
9,29,2015,0.100810933
9,30,2015,0.201875271
10,1,2015,-0.123029857
10,2,2015,-0.51008982
10,5,2015,-0.580750496
10,6,2015,0.561545367
10,7,2015,0.23479427
10,8,2015,-0.825346829
10,9,2015,0.404631894
10,12,2015,0.234635754
10,13,2015,-0.200557103
10,14,2015,0.433911897
10,15,2015,-0.132893683
10,16,2015,-0.033255014
10,19,2015,-0.210637479
10,20,2015,-0.067021897
10,21,2015,0.200156789
10,22,2015,0.155107464
10,23,2015,0.07789784
10,26,2015,0.133041024
10,27,2015,-0.143398405
10,28,2015,-0.276273628
10,29,2015,-0.690503389
10,30,2015,0.346956919
11,2,2015,0.202634241
11,3,2015,-0.303854374
11,4,2015,-0.067572924
11,5,2015,-0.383362264
11,6,2015,-0.307933394
11,9,2015,0.068987006
11,10,2015,0.183638248
11,11,2015,-0.160530904
11,12,2015,0.298270054
11,13,2015,0.216923175
11,16,2015,-0.079753905
11,17,2015,0.59543798
11,18,2015,0.250827731
11,19,2015,-0.101828471
11,20,2015,-0.339254778
11,23,2015,0.124760125
11,24,2015,0.022637835
11,25,2015,-0.079060311
11,27,2015,-0.011301695
11,30,2015,0.294343931
12,1,2015,0.904366956
12,2,2015,0.033608559
12,3,2015,-1.332882654
12,4,2015,0.595311977
12,7,2015,0.454547727
12,8,2015,-0.271214833
12,9,2015,0.158891157
12,10,2015,-0.011323213
12,11,2015,0.090143099
12,14,2015,-0.881951586
12,15,2015,0.458086349
12,16,2015,0.114283429
12,17,2015,0.29588482
12,18,2015,0
12,21,2015,-0.47478861
12,22,2015,-0.113634091
12,23,2015,0.091988041
12,24,2015,0.263734666
12,28,2015,0.12580169
12,29,2015,-1.018072547
12,30,2015,-0.115547079
12,31,2015,0.023040673
1,4,2016,-0.514106027
1,5,2016,0.057460061
1,6,2016,0.171214471
1,7,2016,0.056912132
1,8,2016,0.341378027
1,11,2016,-0.045684103
1,12,2016,0.674059187
1,13,2016,0.555561243
1,14,2016,-0.282837428
1,15,2016,0.090295713
1,19,2016,-0.270633739
1,20,2016,-0.629857131
1,21,2016,-0.236618592
1,22,2016,0.090521667
1,25,2016,-0.18079548
1,26,2016,0.181134378
1,27,2016,-0.079293159
1,28,2016,0.476458299
1,29,2016,-0.179779775
2,1,2016,-0.349490429
2,2,2016,0.201930673
2,3,2016,-0.134629198
2,4,2016,0.449691977
2,5,2016,0.393486241
2,8,2016,0.737434637
2,9,2016,-0.409113215
2,10,2016,0.321615844
2,11,2016,-0.307217471
2,12,2016,-0.35359116
2,16,2016,-0.378404015
2,17,2016,-0.301277607
2,18,2016,0.636942689
2,19,2016,-0.155572845
2,22,2016,0.077812362
2,23,2016,0.657891392
2,24,2016,-0.264986199
2,25,2016,0.232274074
2,26,2016,0.211066437
2,29,2016,0.221710456
3,1,2016,-1.150316286
3,2,2016,0.212650257
3,3,2016,0.367731232
3,4,2016,0.289470051
3,7,2016,0.344824241
3,8,2016,-0.318682418
3,9,2016,0.2434178
3,10,2016,-0.296772907
3,11,2016,-0.132298792
3,14,2016,0.055042386
3,15,2016,-0.164313724
3,16,2016,0.219808775
3,17,2016,0.163918694
3,18,2016,-0.054362903
3,21,2016,0.305742514
3,22,2016,-0.574897482
3,23,2016,0.609885646
3,24,2016,-0.140385532
3,28,2016,-0.108329544
3,29,2016,0.269396543
3,30,2016,-0.140113172
3,31,2016,0.258618526
4,1,2016,0.086005804
4,4,2016,-0.096591543
4,5,2016,0.032012592
4,6,2016,-0.096178669
4,7,2016,0.276627307
4,8,2016,-0.07447601
4,11,2016,0.042722419
4,12,2016,-0.331938113
4,13,2016,0.311561016
4,14,2016,0.075083125
4,15,2016,0.245694902
4,18,2016,0.320139796
4,19,2016,0.223530609
4,20,2016,-0.615909538
4,21,2016,-0.042879813
4,22,2016,0.128460545
4,25,2016,-0.52558724
4,26,2016,-0.419895578
4,27,2016,0.624800159
4,28,2016,0.353548333
4,29,2016,0.385357533
5,2,2016,-0.310793062
5,3,2016,-0.106676981
5,4,2016,0.224214169
5,5,2016,0.670423532
5,6,2016,-0.053029275
5,9,2016,0.148871755
5,10,2016,0
5,11,2016,0.328735939
5,12,2016,0.244243395
5,13,2016,0.530110263
5,16,2016,-0.285529828
5,17,2016,0.042423374
5,18,2016,-1.000214907
5,19,2016,-0.053683025
5,20,2016,0.246944387
5,23,2016,-0.128235731
5,24,2016,-0.2247902
5,25,2016,-0.332294991
5,26,2016,0.462067493
5,27,2016,-0.26669512
5,31,2016,0.548153476
6,1,2016,-0.330742548
6,2,2016,0.739472741
6,3,2016,0.221541299
6,6,2016,-0.315818514
6,7,2016,0.01052953
6,8,2016,0.178419397
6,9,2016,-0.156415012
6,10,2016,-0.062516411
6,13,2016,0.062418849
6,14,2016,-0.507514226
6,15,2016,0.29099875
6,16,2016,-0.154672093
6,17,2016,-0.445226746
6,20,2016,-0.167088551
6,21,2016,-0.417842878
6,22,2016,0.062825131
6,23,2016,-0.188996224
6,24,2016,-0.351934579
6,27,2016,0.266614036
6,28,2016,0.44866116
6,29,2016,-0.639590863
6,30,2016,-0.081518396
7,1,2016,-0.060514318
7,5,2016,0.119930044
7,6,2016,-0.079523858
7,7,2016,0.079753765
7,8,2016,0.506299002
7,11,2016,-0.276842004
7,12,2016,-0.521411796
7,13,2016,0.160020005
7,14,2016,-0.040250555
7,15,2016,-0.433598879
7,18,2016,-0.494497951
7,19,2016,0.111100897
7,20,2016,0.010122457
7,21,2016,0.641676513
7,22,2016,0.527388449
7,25,2016,-0.29242816
7,26,2016,-0.372453206
7,27,2016,0.503473981
7,28,2016,0.190841707
7,29,2016,0.641281544
8,1,2016,-0.231429872
8,2,2016,-0.02036445
8,3,2016,-0.31491771
8,4,2016,0.06068467
8,5,2016,-0.587046541
8,8,2016,0.264956698
8,9,2016,0.425443675
8,10,2016,0.241406161
8,11,2016,-0.752181333
8,12,2016,-0.130205334
8,15,2016,-0.451940343
8,16,2016,-0.382714267
8,17,2016,0.201874432
8,18,2016,0.12060603
8,19,2016,0.060518459
8,22,2016,-0.050140408
8,23,2016,-0.209685468
8,24,2016,-0.249900037
8,25,2016,-0.110441769
8,26,2016,-0.751126705
8,29,2016,0.290698671
8,30,2016,-0.399195621
8,31,2016,0.050133348
9,1,2016,0.566054786
9,2,2016,-0.151180204
9,6,2016,0.535352525
9,7,2016,-0.588994721
9,8,2016,-0.785734888
9,9,2016,-0.655132549
9,12,2016,0.134136404
9,13,2016,-0.844055567
9,14,2016,0.093453787
9,15,2016,0.052051013
9,16,2016,-0.165678782
9,19,2016,-0.041404909
9,20,2016,-0.113403093
9,21,2016,0.908345404
9,22,2016,0.162829225
9,23,2016,-0.253884429
9,26,2016,0.1932218
9,27,2016,-0.040400969
9,28,2016,-0.242275394
9,29,2016,0.547889622
9,30,2016,-0.373853689
10,3,2016,-0.365890846
10,4,2016,-0.673885018
10,5,2016,-0.298109584
10,6,2016,-0.082705466
10,7,2016,-0.1135777
10,10,2016,0.165893214
10,11,2016,-0.269543855
10,12,2016,0.020794508
10,13,2016,-0.103336781
10,14,2016,-0.519912665
10,17,2016,0.1872854
10,18,2016,0.572672839
10,19,2016,0.248959538
10,20,2016,-0.380818222
10,21,2016,0.041268185
10,24,2016,-0.453610309
10,25,2016,0.301268433
10,26,2016,-0.083196752
10,27,2016,-0.460493968
10,28,2016,-0.02109459
10,31,2016,0.115559405
11,1,2016,-0.073917637
11,2,2016,0.042106316
11,3,2016,-0.116193094
11,4,2016,0.252769887
11,7,2016,0
11,8,2016,-0.378907475
11,9,2016,-1.51498442
11,10,2016,-0.767632399
11,11,2016,-0.596356689
11,14,2016,-0.986695155
11,15,2016,0.066679633
11,16,2016,0.421703469
11,17,2016,-0.489318294
11,18,2016,-0.580945133
11,21,2016,0.056069747
11,22,2016,-0.290407688
11,23,2016,0.542552271
11,25,2016,-0.335273793
11,28,2016,0.403090368
11,29,2016,0.379341751
11,30,2016,0.067443796
12,1,2016,0.079699418
12,2,2016,0.465384801
12,5,2016,0.544767898
12,6,2016,-0.146475493
12,7,2016,0.416006287
12,8,2016,-0.158030259
12,9,2016,-0.430786764
12,12,2016,0.262800512
12,13,2016,-0.124688278
12,14,2016,-1.440628057
12,15,2016,-0.341301471
12,16,2016,-0.454701598
12,19,2016,0.215421776
12,20,2016,0.11352708
12,21,2016,0.260293116
12,22,2016,0.056821591
12,23,2016,0.124731826
12,27,2016,0.147959252
12,28,2016,0.328984678
12,29,2016,0.146458987
12,30,2016,0.303844246
1,3,2017,1.050254058
1,4,2017,0.290407688
1,5,2017,0.989548566
1,6,2017,-0.331751631
1,9,2017,-0.01103962
1,10,2017,0
1,11,2017,0.24285463
1,12,2017,-0.351223792
1,13,2017,-0.132686861
1,17,2017,-0.065902899
1,18,2017,-0.606589845
1,19,2017,-0.10020822
1,20,2017,-0.055797992
1,23,2017,0.568881192
1,24,2017,-0.333336667
1,25,2017,-0.123444057
1,26,2017,0.146040221
1,27,2017,0.235266632
1,30,2017,-0.022415649
1,31,2017,0.425766947
2,1,2017,0.056214729
2,2,2017,-0.391943996
2,3,2017,-0.324821912
2,6,2017,-0.022365831
2,7,2017,0.357581861
2,8,2017,0.890772762
2,9,2017,-0.783576859
2,10,2017,0.401831696
2,13,2017,0.178467369
2,14,2017,-0.489489381
2,15,2017,0.202224465
2,16,2017,0.313661935
2,17,2017,-0.122208641
2,21,2017,0.245454655
2,22,2017,-0.287795009
2,23,2017,-0.055374306
2,24,2017,0.429798334
2,27,2017,-0.450050504
2,28,2017,0.099049085
3,1,2017,0
3,2,2017,-0.167618732
3,3,2017,-0.067014409
3,6,2017,-0.424349511
3,7,2017,-0.280898876
3,8,2017,0.158999427
3,9,2017,-0.432462714
3,10,2017,0.30828499
3,13,2017,-0.228281016
3,14,2017,0.205596795
3,15,2017,0.944570356
3,16,2017,-0.146857212
3,17,2017,0.46354326
3,20,2017,0.371580911
3,21,2017,0.515809599
3,22,2017,-0.077777778
3,23,2017,-0.310592339
3,24,2017,0.2002893
3,27,2017,-0.154541347
3,28,2017,-0.716966657
3,29,2017,0.232608554
3,30,2017,-0.387638715
3,31,2017,0.155727472
4,3,2017,0.701555656
4,4,2017,-0.099749526
4,5,2017,0.355634574
4,6,2017,-0.176947582
4,7,2017,-0.596356689
4,10,2017,-0.066428255
4,11,2017,0.430557509
4,12,2017,0.472787261
4,13,2017,-0.05457651
4,17,2017,-0.131113422
4,18,2017,0.347977385
4,19,2017,-0.304082313
4,20,2017,-0.087234463
4,21,2017,-0.228682343
4,24,2017,0.142509317
4,25,2017,-0.483731316
4,26,2017,0.441738252
4,27,2017,0.396957759
4,28,2017,0.39643212
5,1,2017,-0.484691567
5,2,2017,0.520373118
5,3,2017,-0.373048062
5,4,2017,0.033183628
5,5,2017,-0.132293023
5,8,2017,-0.375686188
5,9,2017,0.055521876
5,10,2017,-0.232171373
5,11,2017,0.322366611
5,12,2017,0.231608034
5,15,2017,-0.099027292
5,16,2017,0.065960863
5,17,2017,0.546268989
5,18,2017,-0.303883224
5,19,2017,0.13059419
5,22,2017,0
5,23,2017,-0.651606198
5,24,2017,0.305876116
5,25,2017,0.021765538
5,26,2017,-0.021731146
5,30,2017,0.021670459
5,31,2017,0.11892
6,1,2017,0.260782356
6,2,2017,0.204427583
6,5,2017,-0.172242439
6,6,2017,-0.096467307
6,7,2017,-0.246917869
6,8,2017,-0.183088857
6,9,2017,0.216502497
6,12,2017,0.1081889
6,13,2017,0.22715739
6,14,2017,0.288681709
6,15,2017,-0.042681391
6,16,2017,0.074698539
6,19,2017,-0.244945682
6,20,2017,0.276597872
6,21,2017,0.318846862
6,22,2017,-0.042312739
6,23,2017,0.15891726
6,26,2017,-0.052648484
6,27,2017,-0.423184525
6,28,2017,-0.148919261
6,29,2017,0.322401924
6,30,2017,-0.16079108
7,3,2017,-0.407905736
7,5,2017,0
7,6,2017,-0.140780816
7,7,2017,-0.184599856
7,10,2017,0.043447038
7,11,2017,0.130253993
7,12,2017,-0.032340448
7,13,2017,-0.269716253
7,14,2017,-0.430109677
7,17,2017,0.215793051
7,18,2017,0.203602658
7,19,2017,0.02137802
7,20,2017,-0.159643467
7,21,2017,0.074436409
7,24,2017,-0.223236951
7,25,2017,-0.439721159
7,26,2017,0.441853643
7,27,2017,0.010791972
7,28,2017,0.409347185
7,31,2017,0.258117866
8,1,2017,0.798185749
8,2,2017,-0.106801242
8,3,2017,0.309301401
8,4,2017,-0.437702582
8,7,2017,-0.053493474
8,8,2017,-0.289393345
8,9,2017,-0.544873943
8,10,2017,0.332151498
8,11,2017,0.257232575
8,14,2017,0.021438217
8,15,2017,0.193715028
8,16,2017,0.602601958
8,17,2017,0.471085643
8,18,2017,-0.371824085
8,21,2017,0.06382766
8,22,2017,-0.042599573
8,23,2017,0.244347187
8,24,2017,-0.116724323
8,25,2017,0.08485575
8,28,2017,0.137950979
8,29,2017,-0.463111242
8,30,2017,0.042298254
8,31,2017,0.137230018
9,1,2017,-0.329048937
9,5,2017,0.540370858
9,6,2017,-0.453386776
9,7,2017,0.560015855
9,8,2017,-0.147275408
9,11,2017,-0.233125986
9,12,2017,-0.202108282
9,13,2017,-0.308478879
9,14,2017,0.298609373
9,15,2017,-0.010629051
9,18,2017,-0.138368285
9,19,2017,-0.106411999
9,20,2017,-0.212717514
9,21,2017,0
9,22,2017,-0.148762085
9,25,2017,0.499727788
9,26,2017,0.095324644
9,27,2017,-0.053410594
9,28,2017,0.171586059
9,29,2017,0.128131337
10,2,2017,-0.287935383
10,3,2017,0.278524912
10,4,2017,-0.181253863
10,5,2017,-0.138974769
10,6,2017,0.258479273
10,9,2017,0.042901116
10,10,2017,-0.010700759
10,11,2017,-0.117471167
10,12,2017,0.170972426
10,13,2017,0.180560803
10,16,2017,0.13811219
10,17,2017,0.148840105
10,18,2017,-0.074547389
10,19,2017,-0.233472347
10,20,2017,-0.160497541
10,23,2017,0.042783482
10,24,2017,-0.032221268
10,25,2017,0.129654237
10,26,2017,-0.301730594
10,27,2017,0.215305202
10,30,2017,0.139221465
10,31,2017,-0.277305881
11,1,2017,0.139065036
11,2,2017,0.074698539
11,3,2017,0.053198551
11,6,2017,-0.042427875
11,7,2017,0.212446359
11,8,2017,-0.169523209
11,9,2017,-0.148855923
11,10,2017,-0.439635418
11,13,2017,-0.214497002
11,14,2017,0.128915983
11,15,2017,0.320302143
11,16,2017,-0.234518713
11,17,2017,0.223688759
11,20,2017,0.148871755
11,21,2017,-0.02114742
11,22,2017,0.402070672
11,24,2017,-0.147523706
11,27,2017,-0.095032738
11,28,2017,-0.021098333
11,29,2017,0
11,30,2017,-0.148855923
12,1,2017,0.286415624
12,4,2017,0.31830557
12,5,2017,0.370173441
12,6,2017,-0.282925705
12,7,2017,-0.775679229
12,8,2017,-0.021121792
12,11,2017,-0.26376873
12,12,2017,-0.042329101
12,13,2017,0.32679422
12,14,2017,0.452393463
12,15,2017,0.272253403
12,18,2017,-0.595423569
12,19,2017,-0.527983121
12,20,2017,-0.010697326
12,21,2017,0.427070236
12,22,2017,0.03192062
12,26,2017,0.181061883
12,27,2017,0.444027929
12,28,2017,-0.126464328
12,29,2017,0.263629648
1,2,2018,-0.737770892
1,3,2018,0.095295424
1,4,2018,0.254297529
1,5,2018,-0.158647272
1,8,2018,-0.232559202
1,9,2018,-0.563828723
1,10,2018,0.688690412
1,11,2018,0.534759358
1,12,2018,0.480150443
1,16,2018,-0.169316402
1,17,2018,-0.27535904
1,18,2018,0.010695039
1,19,2018,-0.289478941
1,22,2018,-0.128791459
1,23,2018,0.074914382
1,24,2018,0.032231654
1,25,2018,0.740099729
1,26,2018,-0.22378411
1,29,2018,-0.032167059
1,30,2018,-0.15076459
1,31,2018,-0.118114467
2,1,2018,-0.906642182
2,2,2018,-0.131472558
2,5,2018,1.0371875
2,6,2018,-0.109816607
2,7,2018,-0.637426105
2,8,2018,0.200191294
2,9,2018,-0.3678863
2,12,2018,-0.100274095
2,13,2018,0.066916125
2,14,2018,-0.246059714
2,15,2018,0.145231814
2,16,2018,-0.022218889
2,20,2018,-0.133811329
2,21,2018,-0.958645647
2,22,2018,-0.134834831
2,23,2018,0.246306538
2,26,2018,-0.167012586
2,27,2018,-0.389362559
2,28,2018,0.189602936
3,1,2018,0.413966226
3,2,2018,-0.212793144
3,5,2018,-0.223719234
3,6,2018,-0.200983703
3,7,2018,-0.30188282
3,8,2018,0.16795544
3,9,2018,-0.190675182
3,12,2018,0.100935294
3,13,2018,0.033518436
3,14,2018,0.356744717
3,15,2018,0.044370493
3,16,2018,0.089009794
3,19,2018,0.100430754
3,20,2018,0.100731955
3,21,2018,0.05605561
3,22,2018,-0.133693179
3,23,2018,0.067200942
3,26,2018,-0.178695553
3,27,2018,0.83752091
3,28,2018,-0.08840093
3,29,2018,0.331092591
4,2,2018,0.232094378
4,3,2018,-0.221145506
4,4,2018,-0.188122158
4,5,2018,-0.088989987
4,6,2018,0.277254082
4,9,2018,0.454852457
4,10,2018,-0.143398405
4,11,2018,-0.18703708
4,12,2018,-0.232120037
4,13,2018,0.277315579
4,16,2018,0.411114444
4,17,2018,0.110507241
4,18,2018,-0.651929282
4,19,2018,-0.190155477
4,20,2018,-0.460626886
4,23,2018,0.011287408
4,24,2018,-0.36166251
4,25,2018,-0.193474444
4,26,2018,0.181958376
4,27,2018,0.112980452
4,30,2018,-0.202702696
5,1,2018,-0.317243365
5,2,2018,-0.181751678
5,3,2018,-0.158820189
5,4,2018,-0.15872903
5,7,2018,-0.090901032
5,8,2018,-0.022783598
5,9,2018,0.011416333
5,10,2018,0.421175878
5,11,2018,-0.135541626
5,14,2018,-0.135925466
5,15,2018,-0.467934246
5,16,2018,-0.378182435
5,17,2018,-0.19589537
5,18,2018,0.426999413
5,21,2018,0.034456697
5,22,2018,-0.068890806
5,23,2018,0.240548674
5,24,2018,0.090924071
5,25,2018,0.033893345
5,29,2018,0.988760674
5,30,2018,0.033634936
5,31,2018,0.111904654
6,1,2018,0.135564849
6,4,2018,-0.767494374
6,5,2018,-0.067986629
6,6,2018,-0.193641643
6,7,2018,0.673751285
6,8,2018,-0.317818395
6,11,2018,0.137005372
6,12,2018,0.274283429
6,13,2018,-0.102454467
6,14,2018,0.22694316
6,15,2018,-0.327204118
6,18,2018,-0.135880424
6,19,2018,-0.146881705
6,20,2018,-0.780458058
6,21,2018,-0.034155755
6,22,2018,0.193818267
6,25,2018,-0.272384516
6,26,2018,0.193399313
6,27,2018,0.192001353
6,28,2018,-0.146179017
6,29,2018,-0.247582712
7,2,2018,-0.282677515
7,3,2018,0.384567339
7,5,2018,0.281468138
7,6,2018,0.055894255
7,9,2018,0.201997529
7,10,2018,0
7,11,2018,-0.07817735
7,12,2018,0.089439846
7,13,2018,0.178387776
7,16,2018,-0.111539143
7,17,2018,-0.134081564
7,18,2018,-0.424681479
7,19,2018,0.403679076
7,20,2018,-0.515867456
7,23,2018,-0.644140595
7,24,2018,0.374915941
7,25,2018,-0.315990291
7,26,2018,-0.124159617
7,27,2018,-0.236459863
7,30,2018,-0.067877589
7,31,2018,-0.078837706
8,1,2018,0.056941911
8,2,2018,0.182227784
8,3,2018,0.637810912
8,6,2018,-0.056473512
8,7,2018,-0.40664295
8,8,2018,-0.022705802
8,9,2018,0.124617655
8,10,2018,0.259890395
8,13,2018,0.045201174
8,14,2018,-0.101527352
8,15,2018,0.056256328
8,16,2018,0.15742719
8,17,2018,0.011215519
8,20,2018,0.055856794
8,21,2018,-0.122891294
8,22,2018,-0.089197233
8,23,2018,-0.144908039
8,24,2018,0.447529664
8,27,2018,-0.156442064
8,28,2018,-0.201929551
8,29,2018,-0.112193429
8,30,2018,-0.246361694
8,31,2018,-0.604095543
9,4,2018,-0.169780423
9,5,2018,-0.034078363
9,6,2018,0.158748154
9,7,2018,-0.079635988
9,10,2018,0.261814462
9,11,2018,-0.204872522
9,12,2018,0.182082616
9,13,2018,-0.15856722
9,14,2018,0.102501135
9,17,2018,0.182423899
9,18,2018,-0.61643837
9,19,2018,-0.470556656
9,20,2018,0.437683713
9,21,2018,0.229855184
9,24,2018,0.011487185
9,25,2018,-0.115046022
9,26,2018,0.413412944
9,27,2018,0.27466927
9,28,2018,-0.376027795
10,1,2018,-0.32143152
10,2,2018,0.137886937
10,3,2018,-0.772331988
10,4,2018,-0.116724644
10,5,2018,-0.34045668
10,8,2018,-0.247612316
10,9,2018,0.388639718
10,10,2018,0.117917701
10,11,2018,0.469311259
10,12,2018,-0.046719223
10,15,2018,-0.12865614
10,16,2018,0.105230914
10,17,2018,-0.502688795
10,18,2018,-0.035288789
10,19,2018,-0.11778445
10,22,2018,-0.435041725
10,23,2018,-0.656427163
10,24,2018,0.117576715
10,25,2018,-0.082333571
10,26,2018,0.058734725
10,29,2018,-0.211317211
10,30,2018,-0.141579751
10,31,2018,-0.142082644
11,1,2018,0.465568836
11,2,2018,-0.464727132
11,5,2018,-0.059631444
11,6,2018,-0.011911397
11,7,2018,-0.082967877
11,8,2018,-0.556214201
11,9,2018,0.2138287
11,12,2018,-0.106390831
11,13,2018,0
11,14,2018,0.071443031
11,15,2018,-0.059477816
11,16,2018,-0.023786131
11,19,2018,0.190321161
11,20,2018,-0.130518511
11,21,2018,-0.047400166
11,23,2018,-0.377847435
11,26,2018,0.094879032
11,27,2018,-0.011860686
11,28,2018,-0.213624491
11,29,2018,0.059385988
11,30,2018,0.094889102
12,3,2018,0.724801534
12,4,2018,0.375542781
12,6,2018,-0.139879938
12,7,2018,0.116671335
12,10,2018,0.011626177
12,11,2018,-0.023201113
12,12,2018,-0.034793551
12,13,2018,0.104452177
12,14,2018,-0.184954336
12,17,2018,0.533455855
12,18,2018,0.310947822
12,19,2018,0.217269304
12,20,2018,-0.875302934
12,21,2018,-0.297307043
12,24,2018,-0.114796233
12,26,2018,-0.65532189
12,27,2018,-0.770999982
12,28,2018,0.532036786
12,31,2018,0.852835111
1,2,2019,0.239761399
1,3,2019,0.466762316
1,4,2019,0
1,7,2019,-0.408859725
1,8,2019,0.022791387
1,9,2019,0.022775626
1,10,2019,-0.659842988
1,11,2019,-0.079916661
1,14,2019,-0.297307043
1,15,2019,-0.297860003
1,16,2019,0.23006672
1,17,2019,0.022924452
1,18,2019,-0.103194589
1,22,2019,-0.057165885
1,23,2019,0.320850246
1,24,2019,0.125214573
1,25,2019,-0.011382724
1,28,2019,-0.091056225
1,29,2019,0.307513657
1,30,2019,0.181554528
1,31,2019,0.518717862
2,1,2019,-0.30415344
2,4,2019,0.02265949
2,5,2019,0.327647716
2,6,2019,-0.370788764
2,7,2019,0
2,8,2019,0
2,11,2019,0.011238202
2,12,2019,-0.202156332
2,13,2019,-0.078917703
2,14,2019,-0.403904423
2,15,2019,0.213846938
2,19,2019,-0.212793144
2,20,2019,-0.044949995
2,21,2019,-0.169493785
2,22,2019,0.078864352
2,25,2019,0.101518328
2,26,2019,-0.067368068
2,27,2019,-0.439831971
2,28,2019,-0.305356261
3,1,2019,-0.364713936
3,4,2019,0.250999424
3,5,2019,0.239506159
3,6,2019,0.250114828
3,7,2019,0.169627954
3,8,2019,0.225916641
3,11,2019,0.067618616
3,12,2019,0.371204716
3,13,2019,0.033682911
3,14,2019,-0.482929015
3,15,2019,0.033682911
3,18,2019,0.078632894
3,19,2019,0.315385225
3,20,2019,0.605518053
3,21,2019,0.200245858
3,22,2019,0.529445156
3,25,2019,0.252520855
3,26,2019,0.098677778
3,27,2019,0.46989399
3,28,2019,0.162991418
3,29,2019,0.42506703
4,1,2019,-0.492230376
4,2,2019,-0.032940595
4,3,2019,-0.033107824
4,4,2019,0.143445884
4,5,2019,0.220430942
4,8,2019,-0.04402862
4,9,2019,0.054863946
4,10,2019,0.142268554
4,11,2019,-0.284519598
4,12,2019,-0.044000658
4,15,2019,-0.098981634
4,16,2019,-0.242719553
4,17,2019,-0.121548066
4,18,2019,-0.099169146
4,22,2019,-0.221015587
4,23,2019,0.11044621
4,24,2019,0.461942377
4,25,2019,-0.12049622
4,26,2019,-0.010922791
4,29,2019,-0.219198821
4,30,2019,0.285622325
5,1,2019,0.043817504
5,2,2019,-0.536866458
5,3,2019,0.03294783
5,6,2019,-0.021884913
5,7,2019,0.273343541
5,8,2019,-0.685897674
5,9,2019,-0.229181498
5,10,2019,0.054738917
5,13,2019,0.273074814
5,14,2019,-0.065371541
5,15,2019,-0.065086787
5,16,2019,-0.163001527
5,17,2019,-0.162655604
5,20,2019,-0.206501463
5,21,2019,-0.043545612
5,22,2019,0.315767653
5,23,2019,0.389736915
5,24,2019,0.075366066
5,28,2019,0.321995284
5,29,2019,-0.234518713
5,30,2019,0.404984538
5,31,2019,0.58355756
6,3,2019,0.242593613
6,4,2019,-0.242688622
6,5,2019,-0.29651382
6,6,2019,-0.063449663
6,7,2019,0.042044356
6,10,2019,-0.10556951
6,11,2019,-0.063401672
6,12,2019,0.126947002
6,13,2019,0.221541299
6,14,2019,0.126430297
6,17,2019,0.147236309
6,18,2019,-0.218566815
6,19,2019,0.815131136
6,20,2019,0.319914338
6,21,2019,-0.650361289
6,24,2019,0.20712925
6,25,2019,-0.237401948
6,26,2019,-0.424119177
6,27,2019,0.445226746
6,28,2019,0.082486077
7,1,2019,-0.020605686
7,2,2019,0.401358452
7,3,2019,0.296676215
7,5,2019,-0.102952747
7,8,2019,-0.308327842
7,9,2019,-0.134011955
7,10,2019,-0.443848073
7,11,2019,-0.799009003
7,12,2019,0.27241722
7,15,2019,0.302809866
7,16,2019,0.104578537
7,17,2019,0.531030815
7,18,2019,0.37317404
7,19,2019,-0.093125001
7,22,2019,-0.278059738
7,23,2019,-0.165216859
7,24,2019,0.030954493
7,25,2019,-0.093019121
7,26,2019,-0.206105727
7,29,2019,-0.216337694
7,30,2019,-0.072157508
7,31,2019,0.330067055
8,1,2019,0.663943807
8,2,2019,0.496200506
8,5,2019,0.270482869
8,6,2019,0.840676558
8,7,2019,-0.961636701
8,8,2019,0.726154389
8,9,2019,-0.532334374
8,12,2019,0.599450656
8,13,2019,-0.632296674
8,14,2019,0.174031712
8,15,2019,0.683678395
8,16,2019,0.221241826
8,19,2019,0.1845406
8,20,2019,0.3956422
8,21,2019,0.086692352
8,22,2019,-0.376120159
8,23,2019,1.193020392
8,26,2019,-0.402181366
8,27,2019,0.52511267
8,28,2019,-0.509290772
8,29,2019,-0.047493114
8,30,2019,0.009520861
9,3,2019,0.028627731
9,4,2019,0.459414229
9,5,2019,-0.25963747
9,6,2019,0.346921085
9,9,2019,-0.474996104
9,10,2019,-1.220345602
9,11,2019,0.109018828
9,12,2019,-0.865883131
9,13,2019,-0.951241586
9,16,2019,0.301510553
9,17,2019,0.510921659
9,18,2019,-0.188262984
9,19,2019,-0.394276995
9,20,2019,0.689251687
9,23,2019,-0.234212938
9,24,2019,0.565792595
9,25,2019,-0.972100681
9,26,2019,-0.039081584
9,27,2019,0.185821027
9,30,2019,0.646991459
10,1,2019,1.092412153
10,2,2019,0.038926624
10,3,2019,0.475640666
10,4,2019,0.298677134
10,7,2019,-0.212212795
10,8,2019,-0.682829371
10,9,2019,-0.23230859
10,10,2019,-0.429731423
10,11,2019,-0.315395233
10,14,2019,0
10,15,2019,-0.472623089
10,16,2019,0.03955795
10,17,2019,0.089095231
10,18,2019,-0.088796369
10,21,2019,-0.019856022
10,22,2019,-0.098813244
10,23,2019,-0.285574585
10,24,2019,-0.069046165
10,25,2019,-0.463374741
10,28,2019,-0.18916965
10,29,2019,-0.308740153
10,30,2019,0.738233255
10,31,2019,0.452621287
11,1,2019,-0.049051402
11,4,2019,-0.286902448
11,5,2019,-0.109988999
11,6,2019,-0.039817838
11,7,2019,-0.571085073
11,8,2019,-0.131363178
11,11,2019,-0.201812315
11,12,2019,0.080761229
11,13,2019,-0.270401608
11,14,2019,0.019909398
11,15,2019,0.079722971
11,18,2019,-0.029778639
11,19,2019,0.227920911
11,20,2019,0.24613567
11,21,2019,0.059206711
11,22,2019,-0.167113924
11,25,2019,0.107853713
11,26,2019,0.029249221
11,27,2019,0.078142032
11,29,2019,-0.263676753
12,2,2019,0.009921635
12,3,2019,0.560527081
12,4,2019,-0.127448039
12,5,2019,0.256581461
12,6,2019,0.207885573
12,9,2019,-0.314650943
12,10,2019,-0.22624827
12,11,2019,0.137457047
12,12,2019,-0.688167512
12,13,2019,0.413873657
12,16,2019,-0.285097323
12,17,2019,-0.305086111
12,18,2019,-0.227425103
12,19,2019,0.128959431
12,20,2019,0.247991276
12,23,2019,-0.188457647
12,24,2019,0.578555611
12,26,2019,0.109116161
12,27,2019,-0.049395435
12,30,2019,0.717275375
