1,2,2008,-1.016664784
1,3,2008,-0.085772698
1,4,2008,-2.133838034
1,7,2008,-0.459402766
1,8,2008,-2.518887317
1,9,2008,1.024305089
1,10,2008,2.261272831
1,11,2008,-1.472802803
1,14,2008,0.242355358
1,15,2008,-0.811014562
1,16,2008,-0.108594479
1,17,2008,-3.288047288
1,18,2008,-1.285307839
1,22,2008,4.288133898
1,23,2008,4.037215551
1,24,2008,0.380351835
1,25,2008,-2.285800102
1,28,2008,2.379806702
1,29,2008,-0.10857608
1,30,2008,-0.935013275
1,31,2008,2.953789059
2,1,2008,1.818742167
2,4,2008,-1.330541207
2,5,2008,-1.122390819
2,6,2008,-2.328836992
2,7,2008,1.57769243
2,8,2008,-0.390254461
2,11,2008,0.468242547
2,12,2008,-0.015463822
2,13,2008,0.74808855
2,14,2008,-2.15816474
2,15,2008,-0.477949422
2,19,2008,-0.553760943
2,20,2008,1.30494945
2,21,2008,-2.209699686
2,22,2008,-0.155808663
2,25,2008,1.965056053
2,26,2008,0.946990974
2,27,2008,0.57962784
2,28,2008,-0.594059388
2,29,2008,-1.576019753
3,3,2008,-0.42392998
3,4,2008,0.222644717
3,5,2008,0.744969092
3,6,2008,-2.577893405
3,7,2008,0.09858199
3,10,2008,-2.431010144
3,11,2008,0.360414476
3,12,2008,-1.421183831
3,13,2008,2.88078964
3,14,2008,-3.315272448
3,17,2008,-0.790052083
3,18,2008,1.863144209
3,19,2008,-3.907497545
3,20,2008,1.751457852
3,24,2008,2.300144838
3,25,2008,-0.031199877
3,26,2008,2.372175066
3,27,2008,-2.471039382
3,28,2008,-0.111748086
3,31,2008,0.159416547
4,1,2008,0.998282624
4,2,2008,1.087977997
4,3,2008,0.753621997
4,4,2008,-0.454756701
4,7,2008,-1.072668044
4,8,2008,0.844586878
4,9,2008,-1.987252791
4,10,2008,0.338150948
4,11,2008,-0.655633801
4,14,2008,-0.764904801
4,15,2008,-0.93095272
4,16,2008,1.717204544
4,17,2008,-1.270795802
4,18,2008,0.514755465
4,21,2008,0.150282535
4,22,2008,-2.049663498
4,23,2008,0.48899754
4,24,2008,1.931333597
4,25,2008,0.059472196
4,28,2008,0.267103432
4,29,2008,-0.872775174
4,30,2008,-0.520068327
5,1,2008,1.356998251
5,2,2008,-1.391504606
5,5,2008,-0.337039869
5,6,2008,0.95546231
5,7,2008,-1.742155999
5,8,2008,0.088360822
5,9,2008,0.575984354
5,12,2008,1.083611055
5,13,2008,-0.043126798
5,14,2008,-0.11479552
5,15,2008,0.903221505
5,16,2008,-0.719427292
5,19,2008,-0.283373469
5,20,2008,0.228577143
5,21,2008,-1.73838843
5,22,2008,-0.346017873
5,23,2008,-0.983228688
5,27,2008,0.580385972
5,28,2008,0.34379746
5,29,2008,0.757574339
5,30,2008,0.666847304
6,2,2008,-0.70412616
6,3,2008,-0.875463146
6,4,2008,0.170520101
6,5,2008,2.596115835
6,6,2008,-2.435988927
6,9,2008,-0.959898417
6,10,2008,-0.042988537
6,11,2008,-1.651351259
6,12,2008,0.058131087
6,13,2008,1.213342429
6,16,2008,1.030193175
6,17,2008,-1.133338448
6,18,2008,-0.212978844
6,19,2008,0.825273205
6,20,2008,-1.317280491
6,23,2008,-1.498933555
6,24,2008,-1.018918531
6,25,2008,0.702878889
6,26,2008,-1.177513948
6,27,2008,0.358902332
6,30,2008,-0.551338093
7,1,2008,1.014994667
7,2,2008,-3.20071787
7,3,2008,-1.384831555
7,7,2008,-0.949859842
7,8,2008,1.91673364
7,9,2008,-2.336670146
7,10,2008,1.090395087
7,11,2008,1.052469369
7,14,2008,-2.208587525
7,15,2008,0.269160861
7,16,2008,1.845185272
7,17,2008,-0.609573273
7,18,2008,-0.65568769
7,21,2008,0.856397016
7,22,2008,2.031146822
7,23,2008,-0.179832151
7,24,2008,-2.634328772
7,25,2008,-0.182403098
7,28,2008,-2.321726147
7,29,2008,1.382054605
7,30,2008,0.421494807
7,31,2008,0.242208606
8,1,2008,-0.060188084
8,4,2008,-3.957471885
8,5,2008,1.251908397
8,6,2008,0.844145363
8,7,2008,-0.810690575
8,8,2008,1.613388118
8,11,2008,1.180816236
8,12,2008,-0.364803741
8,13,2008,0.51394862
8,14,2008,1.24596744
8,15,2008,-0.634100024
8,18,2008,-1.376807246
8,19,2008,-1.048588112
8,20,2008,-0.207438145
8,21,2008,-0.267857155
8,22,2008,0.860281841
8,25,2008,-1.392389234
8,26,2008,0.104916066
8,27,2008,1.032627956
8,28,2008,0.825102365
8,29,2008,-0.599497011
9,2,2008,-1.589147199
9,3,2008,-0.059498733
9,4,2008,-2.753260429
9,5,2008,0.448987487
9,8,2008,-2.197639441
9,9,2008,-3.925460456
9,10,2008,0.09434277
9,11,2008,1.104980303
9,12,2008,1.260641369
9,15,2008,-0.609659855
9,16,2008,4.229763141
9,17,2008,-1.960785889
9,18,2008,3.755940565
9,19,2008,0
9,22,2008,-2.845836293
9,23,2008,-1.230864782
9,24,2008,-1.275712028
9,25,2008,0.403095776
9,26,2008,1.5875647
9,29,2008,-4.997530843
9,30,2008,2.952926872
10,1,2008,-0.91154791
10,2,2008,-5.66037574
10,3,2008,-3.428987547
10,6,2008,-0.850239614
10,7,2008,-5.801910643
10,8,2008,0.980181121
10,9,2008,-8.283159987
10,10,2008,6.903156594
10,13,2008,5.085104255
10,14,2008,-6.816441751
10,15,2008,-7.620464708
10,16,2008,4.488498621
10,17,2008,2.488129439
10,20,2008,2.961528446
10,21,2008,-1.829008932
10,22,2008,-2.95556
10,23,2008,-4.278557221
10,24,2008,2.753905874
10,27,2008,-3.480220418
10,28,2008,5.602453313
10,29,2008,2.225442671
10,30,2008,1.462188714
10,31,2008,3.153656971
11,3,2008,0.806449416
11,4,2008,-0.506760969
11,5,2008,-3.680583377
11,6,2008,-2.740663523
11,7,2008,0.806084791
11,10,2008,-3.026196997
11,11,2008,-1.644352831
11,12,2008,-4.515503917
11,13,2008,7.403630707
11,14,2008,-4.472532923
11,17,2008,-0.462252195
11,18,2008,-1.696222051
11,19,2008,-7.622501945
11,20,2008,-5.838792201
11,21,2008,3.044631803
11,24,2008,5.376349745
11,25,2008,0.345750018
11,26,2008,8.164357493
11,28,2008,1.881585502
12,1,2008,-8.533200996
12,2,2008,2.373889938
12,3,2008,5.575006583
12,4,2008,-2.005210833
12,5,2008,5.75365208
12,8,2008,1.915899525
12,9,2008,-1.477102449
12,10,2008,1.236705417
12,11,2008,-3.526510568
12,12,2008,5.894742105
12,15,2008,-3.767542384
12,16,2008,0
12,17,2008,2.341460976
12,18,2008,-1.475483103
12,19,2008,-0.833328571
12,22,2008,-2.376955468
12,23,2008,-2.315943442
12,24,2008,0.528299371
12,26,2008,0.049531945
12,29,2008,-1.560180744
12,30,2008,1.913994531
12,31,2008,2.682921951
1,2,2009,2.794886244
1,5,2009,-0.184336397
1,6,2009,1.007782868
1,7,2009,-1.453960238
1,8,2009,1.363747975
1,9,2009,-3.549058141
1,12,2009,-2.741709825
1,13,2009,1.066193847
1,14,2009,-2.223332556
1,15,2009,1.733367321
1,16,2009,-0.345250317
1,20,2009,-5.026261314
1,21,2009,2.615230518
1,22,2009,-0.231365027
1,23,2009,2.930308793
1,26,2009,0.922133685
1,27,2009,0.378496079
1,28,2009,1.801132539
1,29,2009,-2.374533776
1,30,2009,-2.777775298
2,2,2009,2.096810715
2,3,2009,0.276789115
2,4,2009,-0.175967827
2,5,2009,2.490480432
2,6,2009,2.969564464
2,9,2009,-0.120479518
2,10,2009,-3.256381373
2,11,2009,-0.425210105
2,12,2009,2.524217172
2,13,2009,-0.621581287
2,17,2009,-0.025962089
2,18,2009,-1.959770551
2,19,2009,-2.273912821
2,20,2009,0.461961969
2,23,2009,-4.556419068
2,24,2009,2.46742168
2,25,2009,-1.280656641
2,26,2009,-2.976515647
2,27,2009,0.914544103
3,2,2009,-3.713379643
3,3,2009,-2.23147866
3,4,2009,1.018879263
3,5,2009,-2.419110977
3,6,2009,-1.077263707
3,9,2009,-0.566215773
3,10,2009,4.093023256
3,11,2009,-0.646859785
3,12,2009,5.389398875
3,13,2009,0.278092333
3,16,2009,-2.992039528
3,17,2009,3.667133888
3,18,2009,3.080700654
3,19,2009,-1.874514449
3,20,2009,-3.800469881
3,23,2009,4.130037414
3,24,2009,-1.811127979
3,25,2009,0.963790075
3,26,2009,3.315478279
3,27,2009,-0.831857869
3,30,2009,0.157485573
3,31,2009,-0.181018887
4,1,2009,3.308628992
4,2,2009,1.544976288
4,3,2009,1.546014724
4,6,2009,-0.633986863
4,7,2009,-2.062629122
4,8,2009,1.281724019
4,9,2009,2.269442408
4,13,2009,0.832535661
4,14,2009,-0.598229227
4,15,2009,1.23366715
4,16,2009,1.842227208
4,17,2009,0.552488503
4,20,2009,-2.484174009
4,21,2009,3.501572084
4,22,2009,2.035023759
4,23,2009,-0.899859252
4,24,2009,1.290624598
4,27,2009,1.114462503
4,28,2009,0.903412134
4,29,2009,2.196063038
4,30,2009,-1.788438464
5,1,2009,0.26613218
5,4,2009,2.183882896
5,5,2009,0.300620571
5,6,2009,-1.184184792
5,7,2009,-4.008394375
5,8,2009,0.557815907
5,11,2009,0.260414485
5,12,2009,-1.491242706
5,13,2009,-2.658025463
5,14,2009,1.071593683
5,15,2009,-0.136151577
5,18,2009,2.171482076
5,19,2009,0.504828786
5,20,2009,-1.38348255
5,21,2009,-0.288442423
5,22,2009,-1.282622705
5,26,2009,4.764057242
5,27,2009,-0.607109727
5,28,2009,-0.303825942
5,29,2009,1.558781155
6,1,2009,1.56707059
6,2,2009,1.237364354
6,3,2009,-0.307814488
6,4,2009,0.85784724
6,5,2009,-1.162087758
6,8,2009,-0.183936235
6,9,2009,0.325267337
6,10,2009,-1.205783811
6,11,2009,0.060907432
6,12,2009,0.674988764
6,15,2009,-1.172598207
6,16,2009,-2.500006095
6,17,2009,0.508371119
6,18,2009,0.380388842
6,19,2009,-0.870650876
6,22,2009,-2.972175442
6,23,2009,-1.123110175
6,24,2009,0.23799437
6,25,2009,3.562117646
6,26,2009,1.136844211
6,29,2009,-0.186489854
6,30,2009,-0.826450379
7,1,2009,0.578629894
7,2,2009,-1.444116815
7,6,2009,-0.83404409
7,7,2009,-1.793427005
7,8,2009,-1.118661987
7,9,2009,-0.1768
7,10,2009,0.845001093
7,13,2009,1.758625994
7,14,2009,0.842150705
7,15,2009,1.492535211
7,16,2009,1.744186047
7,17,2009,-0.224308723
7,20,2009,0.729772928
7,21,2009,-0.958657879
7,22,2009,1.031974951
7,23,2009,2.945885653
7,24,2009,1.414262424
7,27,2009,0.290410444
7,28,2009,0.50476026
7,29,2009,0
7,30,2009,0.095875356
7,31,2009,0.345614426
8,3,2009,0.970138862
8,4,2009,1.079749932
8,5,2009,-1.176472478
8,6,2009,-1.749435666
8,7,2009,0.701028812
8,10,2009,0.358013944
8,11,2009,-0.922436011
8,12,2009,1.291302697
8,13,2009,-0.055848845
8,14,2009,-1.731521164
8,17,2009,-1.155397651
8,18,2009,0.95034521
8,19,2009,2.495132602
8,20,2009,1.314532242
8,21,2009,1.02554352
8,24,2009,-0.495051329
8,25,2009,-0.256363299
8,26,2009,-0.018336696
8,27,2009,0.128636535
8,28,2009,-1.126247069
8,31,2009,-0.481931409
9,1,2009,-1.9097566
9,2,2009,0.229971253
9,3,2009,0.607441154
9,4,2009,1.639342378
9,8,2009,0.055044037
9,9,2009,1.756631226
9,10,2009,1.184706537
9,11,2009,-0.106235836
9,14,2009,1.624709931
9,15,2009,0.578849345
9,16,2009,1.075640199
9,17,2009,-0.240219633
9,18,2009,-0.358611674
9,21,2009,0.897325265
9,22,2009,-0.27155466
9,23,2009,-1.288132203
9,24,2009,-1.991416309
9,25,2009,-0.491664609
9,28,2009,1.576461727
9,29,2009,-0.120606476
9,30,2009,-0.914106588
10,1,2009,-3.138620859
10,2,2009,0.2726245
10,5,2009,1.22677431
10,6,2009,1.078114137
10,7,2009,0.245483083
10,8,2009,0.104025659
10,9,2009,0.882661836
10,12,2009,-0.511594483
10,13,2009,-0.120171674
10,14,2009,0.30503475
10,15,2009,0.746780406
10,16,2009,-0.322201114
10,19,2009,0.509595728
10,20,2009,-1.299578059
10,21,2009,-1.217217514
10,22,2009,1.161987513
10,23,2009,-1.981551042
10,26,2009,-1.510946457
10,27,2009,-1.77597682
10,28,2009,-3.320764734
10,29,2009,1.232066914
10,30,2009,-1.957197803
11,2,2009,-0.426723546
11,3,2009,2.248034802
11,4,2009,-1.600585668
11,5,2009,1.588176371
11,6,2009,1.161735342
11,9,2009,0.976560724
11,10,2009,-0.334623113
11,11,2009,-0.227585788
11,12,2009,-1.825844484
11,13,2009,0.516199715
11,16,2009,1.68865969
11,17,2009,0.34722397
11,18,2009,-0.623054701
11,19,2009,-1.475748471
11,20,2009,0.143604382
11,23,2009,0.035387473
11,24,2009,-0.529574562
11,25,2009,-0.176744426
11,27,2009,1.878799008
11,30,2009,-0.018095928
12,1,2009,0.953407088
12,2,2009,1.015680702
12,3,2009,-1.543319888
12,4,2009,-0.121885774
12,7,2009,-0.069566957
12,8,2009,-0.401823885
12,9,2009,0
12,10,2009,-0.558462488
12,11,2009,0.087197419
12,14,2009,0.743817666
12,15,2009,0.3787827
12,16,2009,0.136382543
12,17,2009,-0.582291498
12,18,2009,0.102690399
12,21,2009,0.815217377
12,22,2009,0.925145485
12,23,2009,0.664005622
12,24,2009,0.132053479
12,28,2009,-0.509109879
12,29,2009,-0.39513005
12,30,2009,0.281875306
12,31,2009,-1.188316554
1,4,2010,1.123966942
1,5,2010,0.359069692
1,6,2010,0.309040338
1,7,2010,0.34063097
1,8,2010,0.761135223
1,11,2010,-0.719541082
1,12,2010,-0.713941251
1,13,2010,0.846080391
1,14,2010,0.3718739
1,15,2010,-1.704183252
1,19,2010,1.254065106
1,20,2010,-0.534323204
1,21,2010,-1.835609132
1,22,2010,-2.086786981
1,25,2010,-0.604432495
1,26,2010,-0.372378119
1,27,2010,1.040061346
1,28,2010,-1.716587066
1,29,2010,-1.553166069
2,1,2010,1.2443847
2,2,2010,1.005110715
2,3,2010,0.050825005
2,4,2010,-2.988898429
2,5,2010,-0.017579964
2,8,2010,-0.458065555
2,9,2010,0.192341322
2,10,2010,0.40244793
2,11,2010,2.097537181
2,12,2010,1.659469375
2,16,2010,0.587942224
2,17,2010,0.399597063
2,18,2010,0.630074604
2,19,2010,0.562727592
2,22,2010,-0.557194363
2,23,2010,-1.238850326
2,24,2010,0.416181122
2,25,2010,1.394017444
2,26,2010,-0.016555721
3,1,2010,1.612909862
3,2,2010,0.597164309
3,3,2010,-0.079934454
3,4,2010,0.191537105
3,5,2010,1.170512478
3,8,2010,0.140477603
3,9,2010,0.734944476
3,10,2010,0.728683721
3,11,2010,0.788866178
3,12,2010,-0.44288483
3,15,2010,-0.368162284
3,16,2010,0.337217975
3,17,2010,0.395922046
3,18,2010,-0.485142518
3,19,2010,0
3,22,2010,2.037954294
3,23,2010,1.003808365
3,24,2010,-0.635303273
3,25,2010,-1.494562243
3,26,2010,-0.321062509
3,29,2010,0.198589982
3,30,2010,0
3,31,2010,-0.259657855
4,1,2010,0.228105224
4,5,2010,1.451684627
4,6,2010,0.79305549
4,7,2010,-0.386218063
4,8,2010,0.179323078
4,9,2010,0.431999126
4,12,2010,0.414567657
4,13,2010,0.191832678
4,14,2010,1.537327897
4,15,2010,0.490343265
4,16,2010,-1.021581295
4,19,2010,-0.307017535
4,20,2010,1.064910238
4,21,2010,0.100848575
4,22,2010,1.961077976
4,23,2010,1.023892207
4,26,2010,-0.408107245
4,27,2010,-1.986100212
4,28,2010,-0.575706653
4,29,2010,1.005019354
4,30,2010,-2.614756177
5,3,2010,1.435195646
5,4,2010,-1.651455913
5,5,2010,-0.668444742
5,6,2010,-3.161695368
5,7,2010,-2.066049492
5,10,2010,-0.106171697
5,11,2010,1.718323105
5,12,2010,2.23589139
5,13,2010,-0.647061765
5,14,2010,-1.402778648
5,17,2010,-0.466313156
5,18,2010,-2.778607625
5,19,2010,-0.71086232
5,20,2010,-3.051383399
5,21,2010,3.376585219
5,24,2010,-0.998227323
5,25,2010,2.197802161
5,26,2010,-0.113413802
5,27,2010,1.650009545
5,28,2010,-0.673875558
6,1,2010,-1.77203068
6,2,2010,2.5076848
6,3,2010,1.258849744
6,4,2010,-2.276346705
6,7,2010,-3.167128472
6,8,2010,-0.567614338
6,9,2010,-0.615850512
6,10,2010,1.498929361
6,11,2010,2.458210423
6,14,2010,-0.725785725
6,15,2010,1.720321943
6,16,2010,0.500312703
6,17,2010,-0.695955726
6,18,2010,-0.448975101
6,21,2010,-2.67338837
6,22,2010,-2.485928744
6,23,2010,0.322114672
6,24,2010,-1.019742652
6,25,2010,1.024551926
6,28,2010,-0.514469445
6,29,2010,-2.22221893
6,30,2010,-0.792047523
7,1,2010,-0.679349513
7,2,2010,-1.329239945
7,6,2010,-2.598060835
7,7,2010,2.910604593
7,8,2010,0.166586709
7,9,2010,1.346411237
7,12,2010,-0.739768182
7,13,2010,1.157481252
7,14,2010,0.306943447
7,15,2010,-0.51488333
7,16,2010,-2.725192603
7,19,2010,0.016691151
7,20,2010,2.993910741
7,21,2010,-2.44140629
7,22,2010,1.692691921
7,23,2010,2.794018798
7,26,2010,1.970048826
7,27,2010,-1.729941825
7,28,2010,-1.45041166
7,29,2010,-1.443819814
7,30,2010,1.320236656
8,2,2010,-0.0468708
8,3,2010,-0.188826124
8,4,2010,0.266002191
8,5,2010,-0.250862343
8,6,2010,0.908801006
8,9,2010,0.1722264
8,10,2010,-0.94487874
8,11,2010,-1.575700104
8,12,2010,1.242858562
8,13,2010,-0.815582529
8,16,2010,1.044472691
8,17,2010,0.345449904
8,18,2010,0.425946913
8,19,2010,-1.980034332
8,20,2010,0.318209685
8,23,2010,-1.709541909
8,24,2010,-0.239363986
8,25,2010,1.933366132
8,26,2010,-0.928583488
8,27,2010,1.397302983
8,30,2010,-1.353378491
8,31,2010,-0.203768046
9,1,2010,1.857120629
9,2,2010,1.526592302
9,3,2010,0.015892545
9,7,2010,-1.40216225
9,8,2010,0.53226129
9,9,2010,-1.578781181
9,10,2010,-0.06390957
9,13,2010,1.122174806
9,14,2010,0.031310269
9,15,2010,0.753648936
9,16,2010,-0.233895224
9,17,2010,-0.279156315
9,20,2010,1.981741878
9,21,2010,-0.515860991
9,22,2010,-1.06869771
9,23,2010,0.062287448
9,24,2010,1.348046896
9,27,2010,-0.301983981
9,28,2010,0.663853359
9,29,2010,0.52552404
9,30,2010,-0.963821146
10,1,2010,-0.53365106
10,4,2010,-1.060649804
10,5,2010,1.403396473
10,6,2010,-0.795405815
10,7,2010,-0.80976887
10,8,2010,1.081315329
10,11,2010,0.087805097
10,12,2010,0.629944312
10,13,2010,0.548822951
10,14,2010,-0.301507529
10,15,2010,-1.097798704
10,18,2010,0.043021653
10,19,2010,-1.015972394
10,20,2010,0.247593927
10,21,2010,-0.923920929
10,22,2010,0.579543636
10,25,2010,0.042806791
10,26,2010,0.444696607
10,27,2010,0.373405158
10,28,2010,-1.361314579
10,29,2010,0.647862088
11,1,2010,-1.151381696
11,2,2010,0.597606724
11,3,2010,0.239850462
11,4,2010,0.041463719
11,5,2010,0.386205517
11,8,2010,0.467927307
11,9,2010,-1.567176406
11,10,2010,0.731940299
11,11,2010,0.678301514
11,12,2010,-0.790676975
11,15,2010,-0.487531683
11,16,2010,-1.098126159
11,17,2010,0.383857002
11,18,2010,0.251433175
11,19,2010,0.543781364
11,22,2010,1.11219658
11,23,2010,0.069429244
11,24,2010,0.98711541
11,26,2010,0.163759555
11,29,2010,0.136882019
11,30,2010,0.262386396
12,1,2010,0.229790475
12,2,2010,0.96930669
12,3,2010,1.230601893
12,6,2010,0.807091802
12,7,2010,-1.047998434
12,8,2010,-0.195644977
12,9,2010,-0.428063325
12,10,2010,0.673842184
12,13,2010,-1.012043326
12,14,2010,-0.335573038
12,15,2010,-0.272231012
12,16,2010,0.699483188
12,17,2010,0.437069026
12,20,2010,-0.216640752
12,21,2010,0.5334087
12,22,2010,-0.554090137
12,23,2010,-0.479683155
12,27,2010,0.191158402
12,28,2010,-0.710116653
12,29,2010,-0.01272276
12,30,2010,-0.089001905
12,31,2010,-0.293849507
1,3,2011,0.50715606
1,4,2011,-1.65705239
1,5,2011,0.92911162
1,6,2011,-0.490380994
1,7,2011,-0.905092361
1,10,2011,1.133323585
1,11,2011,-0.100192891
1,12,2011,-0.136664185
1,13,2011,0.049804481
1,14,2011,0.447761183
1,18,2011,0.409076495
1,19,2011,-2.377725819
1,20,2011,-0.913706818
1,21,2011,-1.597568089
1,24,2011,0.449821371
1,25,2011,0.051375545
1,26,2011,1.522705015
1,27,2011,0.175856046
1,28,2011,-2.354410829
1,31,2011,0.523421409
2,1,2011,1.018865409
2,2,2011,0
2,3,2011,0.27366837
2,4,2011,0.744322035
2,7,2011,0.601306924
2,8,2011,0.499264473
2,9,2011,-0.303398051
2,10,2011,1.247702752
2,11,2011,1.637752032
2,14,2011,0.416615869
2,15,2011,-0.510993452
2,16,2011,0.571024282
2,17,2011,0.555753813
2,18,2011,-0.42169496
2,22,2011,-2.167478384
2,23,2011,-1.753745767
2,24,2011,0.677260198
2,25,2011,1.666255149
2,28,2011,-0.747594663
3,1,2011,-2.424820008
3,2,2011,0.781536217
3,3,2011,1.138675536
3,4,2011,-0.354865148
3,7,2011,-2.104016598
3,8,2011,0.963859036
3,9,2011,-0.490015549
3,10,2011,-1.035573805
3,11,2011,1.102165944
3,14,2011,0.619655456
3,15,2011,1.856531953
3,16,2011,-0.709130407
3,17,2011,-1.086291789
3,18,2011,-0.345208971
3,21,2011,0.840544565
3,22,2011,-0.950548659
3,23,2011,0.413228007
3,24,2011,0.216060502
3,25,2011,0.226219793
3,28,2011,-0.768596429
3,29,2011,0.820250803
3,30,2011,0.714620423
3,31,2011,0.27888102
4,1,2011,-0.390711344
4,4,2011,-0.103421056
4,5,2011,0.632478158
4,6,2011,-0.851788727
4,7,2011,-0.754204074
4,8,2011,-1.486737157
4,11,2011,-1.020286377
4,12,2011,-0.812340457
4,13,2011,-0.200328774
4,14,2011,1.093552874
4,15,2011,0.774925461
4,18,2011,-0.200872038
4,19,2011,-0.16503595
4,20,2011,0.45233124
4,21,2011,0.286434467
4,25,2011,-0.102814712
4,26,2011,0.307794114
4,27,2011,0.601177377
4,28,2011,0.123986698
4,29,2011,0.179779775
5,2,2011,-1.537259715
5,3,2011,-1.550478706
5,4,2011,-1.53705437
5,5,2011,0.304943694
5,6,2011,-0.531423302
5,9,2011,1.429238936
5,10,2011,0.729510975
5,11,2011,-1.428087903
5,12,2011,1.413510634
5,13,2011,-1.380341028
5,16,2011,-1.140466659
5,17,2011,0.177696947
5,18,2011,1.711121117
5,19,2011,-0.621906009
5,20,2011,-0.441138849
5,23,2011,-0.106943911
5,24,2011,-0.687206145
5,25,2011,1.602674302
5,26,2011,1.51050157
5,27,2011,0.150321456
5,31,2011,-0.057002963
6,1,2011,-2.891096951
6,2,2011,-0.32875309
6,3,2011,0.095810778
6,6,2011,-1.831676066
6,7,2011,-0.424035614
6,8,2011,-1.049676553
6,9,2011,0.565536049
6,10,2011,-1.11835316
6,13,2011,-0.804855106
6,14,2011,1.285537669
6,15,2011,-0.751879727
6,16,2011,-0.074531112
6,17,2011,-1.059636468
6,20,2011,1.211592586
6,21,2011,1.601854996
6,22,2011,-0.02418017
6,23,2011,1.849812637
6,24,2011,-1.245808532
6,27,2011,0.727358485
6,28,2011,1.413513366
6,29,2011,0.129381327
6,30,2011,0.526629626
7,1,2011,1.441187803
7,5,2011,0.308779728
7,6,2011,0.53628709
7,7,2011,0.190825017
7,8,2011,0.851982288
7,11,2011,-1.367517949
7,12,2011,-0.336077178
7,13,2011,0.17301154
7,14,2011,-1.80356111
7,15,2011,0.24441225
7,18,2011,-1.1424528
7,19,2011,1.424227111
7,20,2011,-0.494196058
7,21,2011,0.206896552
7,22,2011,0.504300287
7,25,2011,0.011536333
7,26,2011,-0.658197475
7,27,2011,-2.618043539
7,28,2011,-0.444234597
7,29,2011,1.201132551
8,1,2011,-2.170800438
8,2,2011,-2.996580162
8,3,2011,0.755950582
8,4,2011,-5.098282945
8,5,2011,-3.025498665
8,8,2011,-5.626670734
8,9,2011,3.71877709
8,10,2011,-1.170346788
8,11,2011,4.158810197
8,12,2011,0.054984192
8,15,2011,1.440421331
8,16,2011,-0.312962316
8,17,2011,-1.379502262
8,18,2011,-3.006669891
8,19,2011,0.11936885
8,22,2011,-2.725830032
8,23,2011,4.403263354
8,24,2011,1.407246664
8,25,2011,-3.650947411
8,26,2011,3.165463309
8,29,2011,3.306697346
8,30,2011,1.653885909
8,31,2011,-0.866819029
9,1,2011,-1.905522033
9,2,2011,-0.816378891
9,6,2011,3.411739405
9,7,2011,2.055169655
9,8,2011,-0.911561905
9,9,2011,-1.956979794
9,12,2011,2.230541149
9,13,2011,1.441162705
9,14,2011,1.040813519
9,15,2011,0.389419895
9,16,2011,0.013344897
9,19,2011,0.830939881
9,20,2011,-2.178594645
9,21,2011,-3.224913264
9,22,2011,-0.544843143
9,23,2011,1.319887291
9,26,2011,0.723903287
9,27,2011,-0.224660205
9,28,2011,-3.765631692
9,29,2011,-1.626712282
9,30,2011,-1.167776758
10,3,2011,-4.241510943
10,4,2011,6.620934907
10,5,2011,1.91073151
10,6,2011,3.013380906
10,7,2011,-2.080967669
10,10,2011,1.895938649
10,11,2011,1.609033214
10,12,2011,0.482822472
10,13,2011,0.883611763
10,14,2011,0.635050652
10,17,2011,-2.215617491
10,18,2011,2.139410717
10,19,2011,-1.748205695
10,20,2011,-0.041303871
10,21,2011,0.802279021
10,24,2011,3.145155829
10,25,2011,-1.967213115
10,26,2011,0.013169191
10,27,2011,1.269518901
10,28,2011,0.376935564
10,31,2011,-1.232373285
11,1,2011,0.667378555
11,2,2011,0.430754465
11,3,2011,1.024332933
11,4,2011,0.691775575
11,7,2011,-0.305729936
11,8,2011,0.481862789
11,9,2011,-1.45700918
11,10,2011,-0.884726764
11,11,2011,1.364162643
11,14,2011,-0.783056463
11,15,2011,1.757352252
11,16,2011,-0.466806258
11,17,2011,-1.744796807
11,18,2011,-0.93791153
11,21,2011,-0.176554401
11,22,2011,-0.409215671
11,23,2011,-1.691626386
11,25,2011,-0.453643317
11,28,2011,0.755291129
11,29,2011,-0.367502377
11,30,2011,1.205615285
12,1,2011,-0.272619762
12,2,2011,-1.003987617
12,5,2011,-0.26751465
12,6,2011,-0.255489273
12,7,2011,0.271106381
12,8,2011,-1.87086135
12,9,2011,2.816349444
12,12,2011,0.026119599
12,13,2011,-3.028739243
12,14,2011,-1.1030388
12,15,2011,-0.670510929
12,16,2011,0.28142454
12,19,2011,-2.466517572
12,20,2011,1.865414982
12,21,2011,0.604863881
12,22,2011,0.325648052
12,23,2011,0.038974925
12,27,2011,0.835398762
12,28,2011,-1.875319452
12,29,2011,0.682767821
12,30,2011,-0.495174628
1,3,2012,-1.099745566
1,4,2012,-0.064989601
1,5,2012,1.268804497
1,6,2012,-0.399842647
1,9,2012,-0.064362207
1,10,2012,-0.088966701
1,11,2012,0.8168475
1,12,2012,0.17694514
1,13,2012,0.165369544
1,17,2012,-0.892855919
1,18,2012,1.864301886
1,19,2012,0.408873751
1,20,2012,-0.098889985
1,23,2012,-0.099040489
1,24,2012,1.297730238
1,25,2012,1.059506001
1,26,2012,-0.872728485
1,27,2012,1.263802454
1,30,2012,0
1,31,2012,-0.763632727
2,1,2012,1.285313432
2,2,2012,0.27456489
2,3,2012,0.421645599
2,6,2012,0.351860184
2,7,2012,0.081948023
2,8,2012,-0.279913699
2,9,2012,-0.4543325
2,10,2012,-0.15366076
2,13,2012,0.187327002
2,14,2012,0.187810772
2,15,2012,-1.119140838
2,16,2012,1.697116127
2,17,2012,-0.680590595
2,21,2012,-0.868759391
2,22,2012,-0.175646366
2,23,2012,1.17150889
2,24,2012,-0.104086965
2,27,2012,0.863676471
2,28,2012,-0.21988542
2,29,2012,-1.608236723
3,1,2012,0.362791119
3,2,2012,-1.318395769
3,5,2012,-0.142251065
3,6,2012,-1.020284504
3,7,2012,0.689321546
3,8,2012,0.762357383
3,9,2012,1.217070822
3,12,2012,-0.443196885
3,13,2012,1.02372849
3,14,2012,-0.5190277
3,15,2012,0.940217041
3,16,2012,-0.241267231
3,19,2012,0.992842265
3,20,2012,-0.115339104
3,21,2012,-0.080654452
3,22,2012,0.011643772
3,23,2012,0.732554651
3,26,2012,0.936286802
3,27,2012,-0.689421315
3,28,2012,-0.71615891
3,29,2012,0.3113434
3,30,2012,-0.764672423
4,2,2012,1.443918216
4,3,2012,-0.045659324
4,4,2012,-0.588975659
4,5,2012,0.198373403
4,9,2012,0.213321885
4,10,2012,-2.183971513
4,11,2012,0.638629971
4,12,2012,1.71257485
4,13,2012,-0.709217511
4,16,2012,-0.59347181
4,17,2012,0.698064388
4,18,2012,-0.09439764
4,19,2012,-0.424980527
4,20,2012,-0.271039356
4,23,2012,0.143836749
4,24,2012,0.095696175
4,25,2012,0.79121162
4,26,2012,1.031900809
4,27,2012,0.566471676
4,30,2012,-1.011848902
5,1,2012,0.25551917
5,2,2012,1.084802248
5,3,2012,-1.479596544
5,4,2012,-1.085927749
5,7,2012,0.444126766
5,8,2012,0.192635449
5,9,2012,0.937886746
5,10,2012,-0.622908459
5,11,2012,0.898601115
5,14,2012,-0.304432527
5,15,2012,-0.085564114
5,16,2012,-0.986367475
5,17,2012,-2.898194769
5,18,2012,-1.162053838
5,21,2012,2.397649412
5,22,2012,-0.310867951
5,23,2012,1.471695597
5,24,2012,0.037187307
5,25,2012,0
5,29,2012,0.380224462
5,30,2012,-0.790707912
5,31,2012,-0.43619019
6,1,2012,-1.050608544
6,4,2012,-0.465176385
6,5,2012,1.931363771
6,6,2012,1.816335508
6,7,2012,-2.077957652
6,8,2012,1.628377914
6,11,2012,-3.182204241
6,12,2012,1.11377924
6,13,2012,-0.966845818
6,14,2012,0.988216141
6,15,2012,1.140211781
6,18,2012,1.234257589
6,19,2012,1.202015224
6,20,2012,-0.169510845
6,21,2012,-2.500603393
6,22,2012,0.482861229
6,25,2012,-0.324840076
6,26,2012,0.275104411
6,27,2012,0.95675568
6,28,2012,0.595832934
6,29,2012,0.781994678
7,2,2012,0.452440778
7,3,2012,1.181334881
7,5,2012,0.09342754
7,6,2012,-0.494931646
7,9,2012,0.047481893
7,10,2012,-2.087515013
7,11,2012,-0.758210411
7,12,2012,0.734482783
7,13,2012,0.773506183
7,16,2012,-0.156406395
7,17,2012,-0.395354015
7,18,2012,1.036385839
7,19,2012,-0.332382487
7,20,2012,-0.767302445
7,23,2012,0.172052347
7,24,2012,-1.882871966
7,25,2012,-0.099207591
7,26,2012,-0.402294287
7,27,2012,1.935243333
7,30,2012,-0.71581842
7,31,2012,-0.421684337
8,1,2012,-2.10919607
8,2,2012,0.260447734
8,3,2012,0.584088586
8,6,2012,0.76132568
8,7,2012,0.249642169
8,8,2012,0.214183719
8,9,2012,0.498454771
8,10,2012,0.249000486
8,13,2012,-0.09469815
8,14,2012,-0.882352941
8,15,2012,1.082434876
8,16,2012,1.095020605
8,17,2012,0.721353137
8,20,2012,-0.463340659
8,21,2012,-0.555560172
8,22,2012,0.069910277
8,23,2012,-0.396359296
8,24,2012,0.469210557
8,27,2012,-0.348556988
8,28,2012,0.337720962
8,29,2012,0.150757272
8,30,2012,-0.488540183
8,31,2012,-0.289955923
9,4,2012,1.173602165
9,5,2012,-0.10340917
9,6,2012,1.302856
9,7,2012,0.247239821
9,10,2012,-0.359066415
9,11,2012,0.045036028
9,12,2012,-0.11200605
9,13,2012,0.996751025
9,14,2012,0.729123975
9,17,2012,-0.13211824
9,18,2012,-0.077398273
9,19,2012,-0.353082876
9,20,2012,-0.211349272
9,21,2012,-0.56384192
9,24,2012,-0.379163608
9,25,2012,-2.01536359
9,26,2012,-0.986174326
9,27,2012,1.106802842
9,28,2012,-0.113196745
10,1,2012,-0.518659364
10,2,2012,-0.361050447
10,3,2012,-0.259823777
10,4,2012,0.248000228
10,5,2012,-0.794102414
10,8,2012,0.102172782
10,9,2012,-1.293983003
10,10,2012,-0.310420776
10,11,2012,-0.502859429
10,12,2012,-0.460027618
10,15,2012,0.437784547
10,16,2012,0.51306009
10,17,2012,0.40718582
10,18,2012,-0.518776373
10,19,2012,-1.267703318
10,22,2012,0.16250609
10,23,2012,0.502923977
10,24,2012,-0.973683817
10,25,2012,-0.533703433
10,26,2012,-0.419532698
10,31,2012,0.783807881
11,1,2012,1.402247058
11,2,2012,-2.061266418
11,5,2012,0.639157444
11,6,2012,0.437038543
11,7,2012,-0.63797124
11,8,2012,-1.205382137
11,9,2012,0.534638245
11,12,2012,-0.459416898
11,13,2012,0.190539476
11,14,2012,-1.946125618
11,15,2012,-0.339598557
11,16,2012,0.741370938
11,19,2012,0.821528773
11,20,2012,0.307439991
11,21,2012,0.293875632
11,23,2012,0.77076261
11,26,2012,0.278785005
11,27,2012,-0.127463495
11,28,2012,1.200184106
11,29,2012,0.365714286
11,30,2012,-0.420457955
12,3,2012,-0.772639455
12,4,2012,0.114541292
12,5,2012,-0.615666408
12,6,2012,0.229512282
12,7,2012,-0.364754347
12,10,2012,0.285649004
12,11,2012,0.351073601
12,12,2012,-0.652492976
12,13,2012,-0.690593214
12,14,2012,0.137278337
12,17,2012,0.854700855
12,18,2012,1.260979509
12,19,2012,-0.188761941
12,20,2012,0.222177301
12,21,2012,0.978622025
12,24,2012,-0.15799571
12,26,2012,-1.082298796
12,27,2012,-0.068342822
12,28,2012,-0.12601787
12,31,2012,2.086916662
1,2,2013,-0.446481532
1,3,2013,-0.240255542
1,4,2013,0.228956605
1,7,2013,0.284031022
1,8,2013,-0.359244499
1,9,2013,0.315664516
1,10,2013,-0.259345145
1,11,2013,0
1,14,2013,0.151794422
1,15,2013,1.164688108
1,16,2013,0.032357891
1,17,2013,0.4077307
1,18,2013,0.170826386
1,22,2013,0.425797308
1,23,2013,-0.31783346
1,24,2013,0.169559133
1,25,2013,0.431393093
1,28,2013,-0.532806096
1,29,2013,-0.293900503
1,30,2013,-1.126434385
1,31,2013,0.692890965
2,1,2013,0.199708852
2,4,2013,-0.306295944
2,5,2013,0.4316656
2,6,2013,0.821138032
2,7,2013,-0.334029217
2,8,2013,0.501570549
2,11,2013,-0.301331054
2,12,2013,0.156040783
2,13,2013,-0.041435973
2,14,2013,0.560341375
2,15,2013,-0.299000934
2,19,2013,0.62886701
2,20,2013,-1.993258673
2,21,2013,-1.158544018
2,22,2013,0.514217646
2,25,2013,-2.789872491
2,26,2013,-0.106291452
2,27,2013,1.255052157
2,28,2013,0.168177425
3,1,2013,0.980702289
3,4,2013,0.502096245
3,5,2013,0.693293674
3,6,2013,-0.081910517
3,7,2013,0.358245661
3,8,2013,0.151639712
3,11,2013,0.293315456
3,12,2013,-0.121202906
3,13,2013,0.343500697
3,14,2013,0.582155995
3,15,2013,-0.149926032
3,18,2013,0.46492823
3,19,2013,-0.782502006
3,20,2013,0.250978815
3,21,2013,-0.110898274
3,22,2013,-0.181013673
3,25,2013,-0.401607438
3,26,2013,-0.040137466
3,27,2013,0.828282828
3,28,2013,0.150346802
4,1,2013,-1.140683387
4,2,2013,-0.886833592
4,3,2013,-2.039162017
4,4,2013,0.589573852
4,5,2013,1.10693189
4,8,2013,0.545828024
4,9,2013,-0.071596606
4,10,2013,1.378534668
4,11,2013,0.352579843
4,12,2013,-0.020156234
4,15,2013,-2.922964609
4,16,2013,0.672601414
4,17,2013,-0.900530992
4,18,2013,-0.949305227
4,19,2013,0.48193506
4,22,2013,0.323090161
4,23,2013,0.526209256
4,24,2013,0.184634325
4,25,2013,0.510568774
4,26,2013,0.061091539
4,29,2013,0.294029209
4,30,2013,0.494747572
5,1,2013,-1.561715869
5,2,2013,0.937147824
5,3,2013,0.049795816
5,6,2013,0.537635394
5,7,2013,0.504303387
5,8,2013,0.561023633
5,9,2013,-0.156643824
5,10,2013,0.999310277
5,13,2013,0.301056616
5,14,2013,0.996033227
5,15,2013,0.393289209
5,16,2013,-0.2200775
5,17,2013,0.601946279
5,20,2013,0.352208462
5,21,2013,0.26542706
5,22,2013,-1.821785882
5,23,2013,1.256331321
5,24,2013,0.328816241
5,28,2013,-0.123571296
5,29,2013,-0.354333468
5,30,2013,0.595012493
5,31,2013,-0.536036178
6,3,2013,-0.230544673
6,4,2013,-0.989717498
6,5,2013,-1.051403806
6,6,2013,1.240281573
6,7,2013,0.599674056
6,10,2013,-0.258426486
6,11,2013,-0.009695618
6,12,2013,-1.560539477
6,13,2013,1.764362922
6,14,2013,-0.356388942
6,17,2013,-0.181977773
6,18,2013,0.775859181
6,19,2013,-1.33776468
6,20,2013,-1.38604006
6,21,2013,-0.443215803
6,24,2013,0.030000001
6,25,2013,-0.039601029
6,26,2013,-0.1472051
6,27,2013,0.859037469
6,28,2013,-0.338850805
7,1,2013,0.770270549
7,2,2013,-0.124066617
7,3,2013,0.181647231
7,5,2013,0.235915823
7,8,2013,-0.234257869
7,9,2013,0.027963274
7,10,2013,0.326095214
7,11,2013,0.100946131
7,12,2013,0.330003679
7,15,2013,0.109501783
7,16,2013,-0.737165109
7,17,2013,-0.200310476
7,18,2013,0.291278898
7,19,2013,0.145384821
7,22,2013,-0.099476395
7,23,2013,-0.612667819
7,24,2013,-1.533186369
7,25,2013,1.054080679
7,26,2013,0.264792739
7,29,2013,-0.364932028
7,30,2013,0.073061187
7,31,2013,-0.063636364
8,1,2013,0.874576652
8,2,2013,0.502156577
8,5,2013,0.241096531
8,6,2013,-0.945757478
8,7,2013,-0.451875274
8,8,2013,-0.045105559
8,9,2013,0.216741618
8,12,2013,0.769228959
8,13,2013,-0.233053966
8,14,2013,-0.628370725
8,15,2013,-0.866548414
8,16,2013,-0.193715517
8,19,2013,-0.777205759
8,20,2013,1.285519353
8,21,2013,0.064581604
8,22,2013,0.818013764
8,23,2013,0.027286701
8,26,2013,0.072511555
8,27,2013,-1.09064521
8,28,2013,0.31528562
8,29,2013,0.924641684
8,30,2013,-1.209344916
9,3,2013,-0.823800458
9,4,2013,0.903645023
9,5,2013,0.310420892
9,6,2013,-0.235396113
9,9,2013,1.285299567
9,10,2013,0.283788572
9,11,2013,0.159321115
9,12,2013,-0.476990553
9,13,2013,-0.017702727
9,16,2013,-0.926732845
9,17,2013,0.890654305
9,18,2013,0.855592799
9,19,2013,-0.534340261
9,20,2013,-1.061438585
9,23,2013,-0.410481223
9,24,2013,0.043793134
9,25,2013,-0.026251968
9,26,2013,0.506551965
9,27,2013,0.227353968
9,30,2013,0.908048135
10,1,2013,1.353478031
10,2,2013,0.364328594
10,3,2013,-0.606267977
10,4,2013,0.854555284
10,7,2013,-0.20960524
10,8,2013,-2.022587357
10,9,2013,-0.962653517
10,10,2013,0.966829891
10,11,2013,1.293901054
10,14,2013,1.118879351
10,15,2013,-0.899653995
10,16,2013,0.667414388
10,17,2013,1.131453629
10,18,2013,0.135452079
10,21,2013,-0.430048079
10,22,2013,-0.067409842
10,23,2013,0.050845763
10,24,2013,0.549870574
10,25,2013,-0.125882842
10,28,2013,-0.235062956
10,29,2013,0.050359242
10,30,2013,-1.382026144
10,31,2013,-0.33984198
11,1,2013,-0.527251485
11,4,2013,0.586338375
11,5,2013,0.263490858
11,6,2013,-1.138567091
11,7,2013,-2.487056319
11,8,2013,1.617814198
11,11,2013,0.487888376
11,12,2013,0.145074245
11,13,2013,1.688235467
11,14,2013,0.10106367
11,15,2013,0.27707977
11,18,2013,-1.450119201
11,19,2013,-0.643470488
11,20,2013,-0.628448408
11,21,2013,1.28686045
11,22,2013,0.268568187
11,25,2013,-0.584743969
11,26,2013,0.537272485
11,27,2013,0.191749067
11,29,2013,-0.497222184
12,2,2013,-0.756885118
12,3,2013,-0.184828196
12,4,2013,0.287086887
12,5,2013,0.084230963
12,6,2013,-0.333724342
12,9,2013,-0.309101929
12,10,2013,-0.268433858
12,11,2013,-1.949579832
12,12,2013,0.163035866
12,13,2013,0.051308253
12,16,2013,0.365452988
12,17,2013,0.059236694
12,18,2013,1.191277449
12,19,2013,-0.409258321
12,20,2013,1.516291325
12,23,2013,0.246146215
12,24,2013,0.164571712
12,26,2013,-0.237258441
12,27,2013,-0.425082965
12,30,2013,-0.139503527
12,31,2013,0.122800653
1,2,2014,-0.802821332
1,3,2014,0.115131581
1,6,2014,-1.095669638
1,7,2014,0.535371039
1,8,2014,0.212942673
1,9,2014,-0.46416937
1,10,2014,0.711594132
1,13,2014,-1.254276765
1,14,2014,1.034478628
1,15,2014,0.575830481
1,16,2014,0.274551042
1,17,2014,-0.579898499
1,21,2014,-0.305414729
1,22,2014,0.60430263
1,23,2014,-0.233101029
1,24,2014,-1.886946018
1,27,2014,-1.720592725
1,28,2014,1.028517469
1,29,2014,-0.442181708
1,30,2014,0.697266534
1,31,2014,1.027829883
2,3,2014,-3.078326495
2,4,2014,0.527976667
2,5,2014,-0.119246227
2,6,2014,0.68807169
2,7,2014,0.78899027
2,10,2014,0.16628201
2,11,2014,0.75405701
2,12,2014,0.27077541
2,13,2014,2.098133192
2,14,2014,0.300004049
2,18,2014,0.724405195
2,19,2014,-0.32918827
2,20,2014,0.836080881
2,21,2014,-0.07153406
2,24,2014,0.651155404
2,25,2014,0
2,26,2014,0.28377739
2,27,2014,0.590504675
2,28,2014,-0.53212301
3,3,2014,0.309523016
3,4,2014,0.952456896
3,5,2014,-0.108316441
3,6,2014,-0.556243038
3,7,2014,-0.664093436
3,10,2014,-0.544490519
3,11,2014,-0.914776373
3,12,2014,1.023566619
3,13,2014,-1.776354943
3,14,2014,0.599089375
3,17,2014,0.023671585
3,18,2014,1.164617545
3,19,2014,-0.987017968
3,20,2014,0.212178389
3,21,2014,-1.1555309
3,24,2014,-1.692914961
3,25,2014,-0.613646782
3,26,2014,-2.274903435
3,27,2014,-0.130811874
3,28,2014,-0.244760545
3,31,2014,1.065737896
4,1,2014,1.060411285
4,2,2014,0
4,3,2014,-1.22713643
4,4,2014,-2.913783911
4,7,2014,-1.12202047
4,8,2014,0.708509622
4,9,2014,1.335754464
4,10,2014,-2.95362485
4,11,2014,-0.718632911
4,14,2014,-0.598599607
4,15,2014,0.194532686
4,16,2014,0.669850959
4,17,2014,0.466665
4,21,2014,0.347975154
4,22,2014,0.97287492
4,23,2014,-0.621367846
4,24,2014,-0.841502437
4,25,2014,-1.572979538
4,28,2014,-1.105342507
4,29,2014,0.210792584
4,30,2014,0.852034749
5,1,2014,0.066912587
5,2,2014,0.141860819
5,5,2014,0.645976526
5,6,2014,-1.28762544
5,7,2014,-0.457317912
5,8,2014,-0.757639391
5,9,2014,0.756531121
5,12,2014,1.561966004
5,13,2014,-0.852419326
5,14,2014,-0.937421639
5,15,2014,-0.265135995
5,16,2014,0.669067582
5,19,2014,1.117936508
5,20,2014,-0.999492648
5,21,2014,0.272828031
5,22,2014,0.730547904
5,23,2014,0.902344394
5,27,2014,0.756942266
5,28,2014,-0.421489256
5,29,2014,0.124070304
5,30,2014,-0.421838703
6,2,2014,-0.323597751
6,3,2014,0.376346073
6,4,2014,0.877929781
6,5,2014,1.273991593
6,6,2014,0.439132305
6,9,2014,0.56675329
6,10,2014,-0.072601435
6,11,2014,0.30834551
6,12,2014,-0.364434717
6,13,2014,0.259823798
6,16,2014,0.567120635
6,17,2014,0.927564101
6,18,2014,0.61525848
6,19,2014,-0.007926143
6,20,2014,0.24554297
6,23,2014,-0.14206788
6,24,2014,-0.886147645
6,25,2014,1.171184785
6,26,2014,-0.031720857
6,27,2014,0.890793743
6,30,2014,0.56046653
7,1,2014,0.508602492
7,2,2014,-0.474708949
7,3,2014,0.070101259
7,7,2014,-1.132810156
7,8,2014,-1.250298301
7,9,2014,0.047996322
7,10,2014,1.123325212
7,11,2014,-0.064429412
7,14,2014,-0.431241811
7,15,2014,-0.915148109
7,16,2014,-0.524068375
7,17,2014,-0.604129327
7,18,2014,1.057811424
7,21,2014,0.334697143
7,22,2014,0.242701236
7,23,2014,-0.080364833
7,24,2014,-0.088261255
7,25,2014,-0.266582113
7,28,2014,-0.549717071
7,29,2014,-0.032442011
7,30,2014,-0.330648387
7,31,2014,-1.404770477
8,1,2014,-0.455904347
8,4,2014,0.51387898
8,5,2014,0.058023873
8,6,2014,0.642144921
8,7,2014,-0.841171024
8,8,2014,0.772104627
8,11,2014,0.533618759
8,12,2014,-0.515890095
8,13,2014,0.566457607
8,14,2014,0.171427755
8,15,2014,-0.534756126
8,18,2014,0.50085063
8,19,2014,0.296595591
8,20,2014,0.417432769
8,21,2014,-0.039967225
8,22,2014,0.096072857
8,25,2014,-0.198791345
8,26,2014,0.700083549
8,27,2014,-0.410714
8,28,2014,-0.039796259
8,29,2014,0.301465284
9,2,2014,0.078863563
9,3,2014,-0.847852116
9,4,2014,-0.750985771
9,5,2014,0.446035832
9,8,2014,0.246192031
9,9,2014,-0.817264943
9,10,2014,0.407734244
9,11,2014,1.071831733
9,12,2014,-0.973643616
9,15,2014,-1.174309794
9,16,2014,0.89973249
9,17,2014,0.144416721
9,18,2014,0.03990344
9,19,2014,-1.159833997
9,22,2014,-1.170302645
9,23,2014,-0.467174814
9,24,2014,0.682224209
9,25,2014,-1.228400612
9,26,2014,0.562395151
9,29,2014,1.13730949
9,30,2014,-1.222913697
10,1,2014,-1.471563863
10,2,2014,0.633445935
10,3,2014,0.359142228
10,6,2014,-1.037258302
10,7,2014,-1.255693536
10,8,2014,1.794870085
10,9,2014,-2.229327781
10,10,2014,-1.795271864
10,13,2014,-1.432083992
10,14,2014,0.353984071
10,15,2014,1.950823945
10,16,2014,2.460176106
10,17,2014,-0.973276726
10,20,2014,1.502718702
10,21,2014,1.361407892
10,22,2014,-1.580831158
10,23,2014,0.645320148
10,24,2014,0.141488137
10,27,2014,0.241949773
10,28,2014,1.757296931
10,29,2014,-0.447521555
10,30,2014,1.033211998
10,31,2014,-0.159709331
11,3,2014,-0.255468621
11,4,2014,-0.305218474
11,5,2014,-0.872275935
11,6,2014,0.645423977
11,7,2014,0.417500592
11,10,2014,0.247667177
11,11,2014,0.207255485
11,12,2014,0.759396495
11,13,2014,-0.634413174
11,14,2014,-0.023923758
11,17,2014,-0.407610284
11,18,2014,0.384033129
11,19,2014,-0.654219743
11,20,2014,1.371186449
11,21,2014,-0.645567642
11,24,2014,0.782730848
11,25,2014,-0.227166686
11,26,2014,0.314040976
11,28,2014,-1.042396772
12,1,2014,-1.381060424
12,2,2014,0.571289834
12,3,2014,0.647220925
12,4,2014,-0.246519284
12,5,2014,0.023826846
12,8,2014,-0.970102561
12,9,2014,2.092798524
12,10,2014,-1.665335458
12,11,2014,-0.064569813
12,12,2014,-0.211917838
12,15,2014,-1.566177029
12,16,2014,-0.024802446
12,17,2014,2.742668251
12,18,2014,0.21414657
12,19,2014,0.18940731
12,22,2014,0.357850497
12,23,2014,-0.512780838
12,24,2014,0.110837623
12,26,2014,0.007876211
12,29,2014,0.180771826
12,30,2014,-0.40877054
12,31,2014,-0.834644094
1,2,2015,-0.679842688
1,5,2015,-0.680869935
1,6,2015,-1.570045932
1,7,2015,0.811556559
1,8,2015,0.927403247
1,9,2015,-0.625693797
1,12,2015,-0.4139107
1,13,2015,-0.785712698
1,14,2015,0.768233034
1,15,2015,-2.181552678
1,16,2015,1.733160562
1,20,2015,-0.449147417
1,21,2015,0.290768117
1,22,2015,0.968076662
1,23,2015,0.110882305
1,26,2015,1.022187821
1,27,2015,0.680973152
1,28,2015,-1.823162712
1,29,2015,0.866934681
1,30,2015,-0.976032399
2,2,2015,0.567545972
2,3,2015,1.004188337
2,4,2015,0.473221859
2,5,2015,0.867730626
2,6,2015,-0.426193713
2,9,2015,-0.452525559
2,10,2015,0.226027275
2,11,2015,0.225869618
2,12,2015,0.617762934
2,13,2015,0.51344852
2,17,2015,0.007625324
2,18,2015,0.503243637
2,19,2015,0.19766612
2,20,2015,0.691071574
2,23,2015,0.105731437
2,24,2015,-0.158436058
2,25,2015,0.120702325
2,26,2015,0.067819142
2,27,2015,-0.451664422
3,2,2015,0.808895531
3,3,2015,-0.307948778
3,4,2015,-0.166377529
3,5,2015,0.04526026
3,6,2015,-0.901654066
3,9,2015,0.045765063
3,10,2015,-0.207396693
3,11,2015,0.360944609
3,12,2015,0.615968061
3,13,2015,-0.249868996
3,16,2015,0.445750979
3,17,2015,0.369609244
3,18,2015,1.25019055
3,19,2015,0.402721319
3,20,2015,0.496332303
3,23,2015,-0.36108328
3,24,2015,-0.332838025
3,25,2015,-2.333847504
3,26,2015,0.098878159
3,27,2015,0.721717666
3,30,2015,0.719309868
3,31,2015,-1.517075727
4,1,2015,0.270474067
4,2,2015,0.277232864
4,6,2015,1.08907692
4,7,2015,-0.579407985
4,8,2015,0.80663381
4,9,2015,-0.244463285
4,10,2015,0.133191275
4,13,2015,-0.310064948
4,14,2015,-0.147893963
4,15,2015,0.235964898
4,16,2015,0.036812927
4,17,2015,-0.755446578
4,20,2015,0.155745332
4,21,2015,-0.199283295
4,22,2015,0.066540481
4,23,2015,0.799231821
4,24,2015,-0.388619285
4,27,2015,-1.431926201
4,28,2015,0.201124844
4,29,2015,-0.321333117
4,30,2015,-1.230645554
5,1,2015,0.502668686
5,4,2015,0.272397086
5,5,2015,-1.614849785
5,6,2015,-0.228887605
5,7,2015,0.695774944
5,8,2015,0.075215134
5,11,2015,-0.030069898
5,12,2015,0.286861174
5,13,2015,-0.345038986
5,14,2015,0.524342322
5,15,2015,0.253728358
5,18,2015,1.201402925
5,19,2015,-0.088629146
5,20,2015,-0.088486099
5,21,2015,0.088597163
5,22,2015,0.029547838
5,26,2015,-0.614907412
5,27,2015,0.930821405
5,28,2015,0.103526587
5,29,2015,-0.657796733
6,1,2015,-0.133180176
6,2,2015,0.409228441
6,3,2015,0.436259227
6,4,2015,-0.509640302
6,5,2015,0.840652445
6,8,2015,-0.560933628
6,9,2015,-0.444943251
6,10,2015,0.742390514
6,11,2015,-0.00734367
6,12,2015,-0.051586468
6,15,2015,0.192645218
6,16,2015,0.859197869
6,17,2015,-0.168519935
6,18,2015,0.863020577
6,19,2015,-0.144977894
6,22,2015,-0.021676422
6,23,2015,0.043362966
6,24,2015,-0.875927326
6,25,2015,-0.538107169
6,26,2015,-0.423451848
6,29,2015,-1.689419365
6,30,2015,-0.059560747
7,1,2015,-0.803951161
7,2,2015,-0.535038242
7,6,2015,0.405857187
7,7,2015,0.34390402
7,8,2015,-0.795913843
7,9,2015,-0.547058595
7,10,2015,0.111919113
7,13,2015,0.474741495
7,14,2015,0.672085702
7,15,2015,-0.718787611
7,16,2015,0.08807692
7,17,2015,-0.48375653
7,20,2015,-0.440878108
7,21,2015,-0.413464997
7,22,2015,0.617010092
7,23,2015,-0.877842297
7,24,2015,-1.19773845
7,27,2015,-0.446538998
7,28,2015,0.650874114
7,29,2015,0.555965414
7,30,2015,0.516507988
7,31,2015,0.327212759
8,3,2015,-0.503773167
8,4,2015,-0.349651099
8,5,2015,-0.334147922
8,6,2015,-1.651294977
8,7,2015,-0.144006364
8,10,2015,0.763701323
8,11,2015,-0.120958574
8,12,2015,0.586625041
8,13,2015,-0.189293546
8,14,2015,0.486037389
8,17,2015,1.363019103
8,18,2015,-0.583264057
8,19,2015,-0.491425856
8,20,2015,-2.020202128
8,21,2015,-1.023624409
8,24,2015,1.10257266
8,25,2015,-2.807984882
8,26,2015,1.595700742
8,27,2015,1.436177966
8,28,2015,0.932566563
8,31,2015,-0.444301805
9,1,2015,-1.617968246
9,2,2015,0.696695549
9,3,2015,-0.160491891
9,4,2015,0.032473616
9,8,2015,0.78349535
9,9,2015,-1.982843717
9,10,2015,0.499391857
9,11,2015,0.980622909
9,14,2015,-0.571884026
9,15,2015,1.061538821
9,16,2015,0.701836617
9,17,2015,0.446574745
9,18,2015,-0.126335568
9,21,2015,-0.84811845
9,22,2015,-0.742692855
9,23,2015,-0.585596002
9,24,2015,-0.210869419
9,25,2015,-1.962697438
9,28,2015,-3.038601985
9,29,2015,-0.906212696
9,30,2015,0.63226076
10,1,2015,-0.144127176
10,2,2015,2.661304102
10,5,2015,1.074020976
10,6,2015,-0.695522467
10,7,2015,1.000410849
10,8,2015,0.820473612
10,9,2015,0.305660393
10,12,2015,-0.344634937
10,13,2015,-0.86534572
10,14,2015,-0.969688714
10,15,2015,1.740846623
10,16,2015,-0.153012002
10,19,2015,0.56675329
10,20,2015,-0.370823852
10,21,2015,-1.693410182
10,22,2015,0.032651212
10,23,2015,0.105534989
10,26,2015,-0.276156588
10,27,2015,-0.449863398
10,28,2015,2.029795384
10,29,2015,-0.522929191
10,30,2015,-0.170039676
11,2,2015,1.700266348
11,3,2015,0.398819485
11,4,2015,-0.26971046
11,5,2015,-0.111225865
11,6,2015,0.684931518
11,9,2015,-0.792267463
11,10,2015,0.529103744
11,11,2015,-1.098987019
11,12,2015,-1.093027268
11,13,2015,-0.656439633
11,16,2015,1.075175715
11,17,2015,-0.367530213
11,18,2015,1.331371396
11,19,2015,-0.28230843
11,20,2015,0.387280936
11,23,2015,0.482779212
11,24,2015,1.012619143
11,25,2015,0.811652754
11,27,2015,0.181433309
11,30,2015,-0.863692675
12,1,2015,0.25250532
12,2,2015,-0.763539824
12,3,2015,-2.1422917
12,4,2015,1.065461305
12,7,2015,-1.207711759
12,8,2015,0.620505373
12,9,2015,-0.797716741
12,10,2015,0.451414165
12,11,2015,-0.957256148
12,14,2015,-0.607822658
12,15,2015,0.682082842
12,16,2015,0.951518302
12,17,2015,-1.546680728
12,18,2015,-1.063918351
12,21,2015,-0.041431177
12,22,2015,0.488124419
12,23,2015,0.764362633
12,24,2015,0.163196242
12,28,2015,0.155510722
12,29,2015,0.471501496
12,30,2015,-0.841560919
12,31,2015,-0.459014754
1,4,2016,-0.242678661
1,5,2016,-0.200835146
1,6,2016,-0.297238217
1,7,2016,-1.493571588
1,8,2016,-1.884977813
1,11,2016,-1.240037179
1,12,2016,-0.249198111
1,13,2016,-3.531715914
1,14,2016,0.76216803
1,15,2016,0.859811215
1,19,2016,-2.102461478
1,20,2016,1.568584436
1,21,2016,-0.205378075
1,22,2016,0.956850659
1,25,2016,-1.602564147
1,26,2016,1.371007912
1,27,2016,-1.137195514
1,28,2016,-1.434217195
1,29,2016,2.675333903
2,1,2016,0.729197892
2,2,2016,-1.335283568
2,3,2016,-0.469139918
2,4,2016,0.769090081
2,5,2016,-2.800109997
2,8,2016,-1.787603024
2,9,2016,0.654506174
2,10,2016,-0.196120802
2,11,2016,0.660268114
2,12,2016,0.806213753
2,16,2016,1.50303207
2,17,2016,1.546585236
2,18,2016,-0.797989259
2,19,2016,0.995490205
2,22,2016,0.396423892
2,23,2016,-0.543324451
2,24,2016,1.933856484
2,25,2016,0.813900335
2,26,2016,0.225611411
2,29,2016,-0.441128908
3,1,2016,1.471908122
3,2,2016,0.982649619
3,3,2016,0.999560693
3,4,2016,0.46875088
3,7,2016,1.214646864
3,8,2016,-1.860148075
3,9,2016,-0.069869859
3,10,2016,-1.122814006
3,11,2016,1.247709613
3,14,2016,0.155480699
3,15,2016,-0.964043781
3,16,2016,1.231311378
3,17,2016,1.314303258
3,18,2016,0.548461727
3,21,2016,0.085409975
3,22,2016,0.643887346
3,23,2016,-1.633173193
3,24,2016,0.672140375
3,28,2016,-0.129793199
3,29,2016,2.789605458
3,30,2016,-0.412178678
3,31,2016,0.413465523
4,1,2016,1.254239831
4,4,2016,-0.5609964
4,5,2016,-0.423872503
4,6,2016,1.566221445
4,7,2016,-0.607237919
4,8,2016,-0.614060413
4,11,2016,-1.160545752
4,12,2016,0.73166666
4,13,2016,1.335015975
4,14,2016,-0.190462898
4,15,2016,0.524130629
4,18,2016,1.005233006
4,19,2016,-0.15590629
4,20,2016,0.10678906
4,21,2016,-0.295494537
4,22,2016,0.740857736
4,25,2016,-0.286719915
4,26,2016,0.417589464
4,27,2016,0.407630836
4,28,2016,-0.775703431
4,29,2016,-0.527927893
5,2,2016,0.520708332
5,3,2016,-0.778979875
5,4,2016,-0.13429243
5,5,2016,-0.695551819
5,6,2016,0.779395114
5,9,2016,0.512175491
5,10,2016,0.499042656
5,11,2016,-1.12760218
5,12,2016,-0.85149344
5,13,2016,-0.345813096
5,16,2016,0.724394367
5,17,2016,-0.863224103
5,18,2016,0.44161104
5,19,2016,0.179012022
5,20,2016,1.092018143
5,23,2016,0.05864036
5,24,2016,1.333116181
5,25,2016,0.229488563
5,26,2016,-0.236825649
5,27,2016,0.883437219
5,31,2016,-0.040435871
6,1,2016,0.916535802
6,2,2016,1.103410886
6,3,2016,-0.478391014
6,6,2016,0.671781824
6,7,2016,0.230159524
6,8,2016,0.538060624
6,9,2016,-0.126419092
6,10,2016,-0.78287506
6,13,2016,-0.590235285
6,14,2016,0.032717978
6,15,2016,0.089701543
6,16,2016,0.58210953
6,17,2016,-0.424078443
6,20,2016,-0.056592286
6,21,2016,-0.323311507
6,22,2016,-0.453518777
6,23,2016,0.911581969
6,24,2016,0.191089231
6,27,2016,-1.928232746
6,28,2016,1.14232442
6,29,2016,1.001329891
6,30,2016,1.36627584
7,1,2016,0.274257479
7,5,2016,-0.710426236
7,6,2016,1.18367102
7,7,2016,0.080449716
7,8,2016,1.245108937
7,11,2016,0.258798522
7,12,2016,0.350056001
7,13,2016,-0.926721719
7,14,2016,-0.642316974
7,15,2016,-0.240804713
7,18,2016,0.2646707
7,19,2016,-0.217728606
7,20,2016,0.583067691
7,21,2016,-0.463754813
7,22,2016,0.823106855
7,25,2016,-0.084857669
7,26,2016,0.455807317
7,27,2016,-0.176417894
7,28,2016,0.253769623
7,29,2016,0.307309456
8,1,2016,0.038187719
8,2,2016,-1.391005851
8,3,2016,0.784107613
8,4,2016,0.023079705
8,5,2016,0.382819077
8,8,2016,-0.205670325
8,9,2016,0.137463157
8,10,2016,-0.472713465
8,11,2016,-0.007636377
8,12,2016,0.259915913
8,15,2016,0.555098493
8,16,2016,-0.697772437
8,17,2016,-0.397223271
8,18,2016,0.643527163
8,19,2016,0.29021307
8,22,2016,0.327949982
8,23,2016,0.348173643
8,24,2016,-0.965964115
8,25,2016,0.305269025
8,26,2016,-0.349390085
8,29,2016,0.403133031
8,30,2016,-0.022718874
8,31,2016,-0.257963575
9,1,2016,0.228173874
9,2,2016,0.415347386
9,6,2016,-0.232295247
9,7,2016,0.563909774
9,8,2016,-0.284477462
9,9,2016,-2.211784511
9,12,2016,1.864808901
9,13,2016,-1.121960304
9,14,2016,-0.116364629
9,15,2016,1.15701585
9,16,2016,0.223979
9,19,2016,0.184180035
9,20,2016,-0.725742585
9,21,2016,0.904706021
9,22,2016,0.596401146
9,23,2016,-0.413473901
9,26,2016,-0.311009629
9,27,2016,0.426697637
9,28,2016,0.454929111
9,29,2016,-1.133786822
9,30,2016,0.312098665
10,3,2016,-0.213003184
10,4,2016,-0.775598843
10,5,2016,0
10,6,2016,0.030615245
10,7,2016,-0.695508276
10,10,2016,0.985156676
10,11,2016,-1.582078923
10,12,2016,-0.108661133
10,13,2016,0.297849972
10,14,2016,-0.840272317
10,17,2016,-0.251097768
10,18,2016,-0.296086187
10,19,2016,0.179684375
10,20,2016,-0.02343855
10,21,2016,0.401190991
10,24,2016,-0.186631937
10,25,2016,-0.881021397
10,26,2016,-0.506294581
10,27,2016,-1.695585942
10,28,2016,0.13705095
10,31,2016,0.192862421
11,1,2016,-1.193047491
11,2,2016,-1.064958116
11,3,2016,-0.89380568
11,4,2016,0.379725115
11,7,2016,0.598032174
11,8,2016,0.628379134
11,9,2016,2.929752394
11,10,2016,-0.560923959
11,11,2016,1.293712551
11,14,2016,0.507070513
11,15,2016,0.589138499
11,16,2016,0.190781451
11,17,2016,0.555341207
11,18,2016,-0.218896444
11,21,2016,0.263658004
11,22,2016,0.112329814
11,23,2016,1.021788834
11,25,2016,0.163241815
11,28,2016,-1.008752358
11,29,2016,-0.052412763
11,30,2016,-1.05788426
12,1,2016,-1.476419174
12,2,2016,0.167314618
12,5,2016,0.595861358
12,6,2016,0.80735738
12,7,2016,0.906121516
12,8,2016,1.065547456
12,9,2016,-0.37018871
12,12,2016,-0.787747595
12,13,2016,-0.27094025
12,14,2016,-1.051939811
12,15,2016,0.066694085
12,16,2016,-0.347531043
12,19,2016,0.311155736
12,20,2016,0.066248622
12,21,2016,-0.653786797
12,22,2016,-0.979513987
12,23,2016,0.486752309
12,27,2016,0.267678628
12,28,2016,-1.361347252
12,29,2016,0.074910861
12,30,2016,-0.523010326
1,3,2017,-0.431419958
1,4,2017,1.377506298
1,5,2017,-0.426221334
1,6,2017,-0.31671797
1,9,2017,-0.31704489
1,10,2017,0.480196509
1,11,2017,-0.036742598
1,12,2017,-0.183864086
1,13,2017,0.484762416
1,17,2017,-0.770135713
1,18,2017,0.169662882
1,19,2017,-0.721009428
1,20,2017,0.12564523
1,23,2017,-0.029582963
1,24,2017,0.972442133
1,25,2017,0.145009428
1,26,2017,-0.542377788
1,27,2017,-0.421543002
1,30,2017,-0.440209822
1,31,2017,1.034580201
2,1,2017,-0.756358545
2,2,2017,0.154190467
2,3,2017,0.662785128
2,6,2017,-0.268356532
2,7,2017,-0.363345684
2,8,2017,0.51229289
2,9,2017,1.259655636
2,10,2017,0.085901638
2,13,2017,-0.356125371
2,14,2017,0.47970073
2,15,2017,0.806915922
2,16,2017,-0.226671392
2,17,2017,0.641032079
2,21,2017,0.473029515
2,22,2017,-0.513539241
2,23,2017,-0.796451198
2,24,2017,0.829996452
2,27,2017,1.086338429
2,28,2017,-1.085113459
3,1,2017,0.345073944
3,2,2017,-0.814666064
3,3,2017,0.049534323
3,6,2017,-0.142124075
3,7,2017,-0.378138545
3,8,2017,-0.614505908
3,9,2017,-0.352282705
3,10,2017,-0.265533953
3,13,2017,0.316548201
3,14,2017,-0.216047096
3,15,2017,1.143224027
3,16,2017,-0.170192166
3,17,2017,0.141982819
3,20,2017,-0.177304965
3,21,2017,-2.548315919
3,22,2017,0.283676907
3,23,2017,0.188700206
3,24,2017,-0.159029208
3,27,2017,1.260073993
3,28,2017,0.920349267
3,29,2017,0.488581717
3,30,2017,0.292985561
3,31,2017,0.142377019
4,3,2017,-1.070549428
4,4,2017,-0.014344614
4,5,2017,-1.517962439
4,6,2017,0.722647755
4,7,2017,0.158239949
4,10,2017,0.157945302
4,11,2017,0.746853142
4,12,2017,-0.848486275
4,13,2017,-0.598070331
4,17,2017,0.860127899
4,18,2017,0.41022455
4,19,2017,0.157300871
4,20,2017,0.619345763
4,21,2017,-0.113364745
4,24,2017,-0.259474042
4,25,2017,0.069904936
4,26,2017,0.167637604
4,27,2017,0.125213555
4,28,2017,-0.992981772
5,1,2017,0.160712039
5,2,2017,-0.306525722
5,3,2017,-0.161366731
5,4,2017,-0.203776266
5,5,2017,0.666804937
5,8,2017,-0.363435835
5,9,2017,-0.04201765
5,10,2017,0.771771562
5,11,2017,-0.11174174
5,12,2017,0.042047795
5,15,2017,0.411846308
5,16,2017,-0.173526749
5,17,2017,-0.943326978
5,18,2017,0.633090758
5,19,2017,0.281954616
5,22,2017,0.490571862
5,23,2017,-0.146152131
5,24,2017,0.27858615
5,25,2017,-0.13156995
5,26,2017,0.013883684
5,30,2017,-0.548960446
5,31,2017,-0.167460918
6,1,2017,1.422402056
6,2,2017,0.480404204
6,5,2017,-0.43044889
6,6,2017,0.310267527
6,7,2017,-0.089289145
6,8,2017,0.674046363
6,9,2017,-0.613670377
6,12,2017,-0.10977976
6,13,2017,0.43124445
6,14,2017,-0.490363679
6,15,2017,0.37996753
6,16,2017,0.186145463
6,19,2017,0.698632877
6,20,2017,-0.633865863
6,21,2017,-0.089161812
6,22,2017,0.198962685
6,23,2017,0.629230529
6,26,2017,-0.311763464
6,27,2017,-1.24498329
6,28,2017,0.843329413
6,29,2017,-1.141232199
6,30,2017,-0.089129987
7,3,2017,-0.081985241
7,5,2017,0.047903634
7,6,2017,-0.894517981
7,7,2017,0.942677592
7,10,2017,-0.110164551
7,11,2017,0.441044033
7,12,2017,0.184114566
7,13,2017,0.081740462
7,14,2017,0.34692131
7,17,2017,0.067717051
7,18,2017,0.183227469
7,19,2017,0.844880044
7,20,2017,-0.20103398
7,21,2017,-0.02690404
7,24,2017,0.410194319
7,25,2017,0.093383139
7,26,2017,-0.23977621
7,27,2017,-1.032165559
7,28,2017,0.11477046
7,31,2017,-0.585500386
8,1,2017,-0.330181954
8,2,2017,-0.947232051
8,3,2017,-0.490487114
8,4,2017,-0.040975691
8,7,2017,0.177301556
8,8,2017,-0.381314174
8,9,2017,-0.130504846
8,10,2017,-1.600335921
8,11,2017,0.617027788
8,14,2017,0.44945998
8,15,2017,-0.783396762
8,16,2017,0.110584006
8,17,2017,-1.240047056
8,18,2017,0.028104708
8,21,2017,0.063271229
8,22,2017,0.820025972
8,23,2017,0.265422229
8,24,2017,-0.332937509
8,25,2017,-0.31913834
8,28,2017,0.027792984
8,29,2017,0.670712615
8,30,2017,1.00688289
8,31,2017,0.815282915
9,1,2017,0.047450185
9,5,2017,-0.589637399
9,6,2017,-0.305465638
9,7,2017,-0.312537044
9,8,2017,0.040954266
9,11,2017,0.013509732
9,12,2017,0.195423188
9,13,2017,-0.013458019
9,14,2017,-0.06729426
9,15,2017,0.154827328
9,18,2017,0.489930201
9,19,2017,-0.213470322
9,20,2017,0.380730728
9,21,2017,-0.259291264
9,22,2017,0.213342882
9,25,2017,-0.425418101
9,26,2017,-0.273135699
9,27,2017,0.917556553
9,28,2017,0.316787214
9,29,2017,0.35502497
10,2,2017,0.687219745
10,3,2017,0.181782122
10,4,2017,0.201022622
10,5,2017,-0.051627834
10,6,2017,0.317330476
10,9,2017,-0.470671162
10,10,2017,-0.284330856
10,11,2017,0.006475193
10,12,2017,0.278673358
10,13,2017,-0.328965364
10,16,2017,-0.238798887
10,17,2017,-0.077666667
10,18,2017,-0.051680878
10,19,2017,0.272708275
10,20,2017,0.160978748
10,23,2017,-0.719421281
10,24,2017,-0.148480316
10,25,2017,-0.537392047
10,26,2017,0.162464253
10,27,2017,0.908143464
10,30,2017,0.480014258
10,31,2017,0.48250128
11,1,2017,-1.068833869
11,2,2017,0.038623665
11,3,2017,0.715067982
11,6,2017,0.210742709
11,7,2017,-0.738385713
11,8,2017,0.333549724
11,9,2017,-0.122195636
11,10,2017,0.251369007
11,13,2017,0.335400557
11,14,2017,-0.006447971
11,15,2017,-0.01296724
11,16,2017,1.021256498
11,17,2017,0.699038703
11,20,2017,0.38163465
11,21,2017,0.732408109
11,22,2017,-0.13146738
11,24,2017,0.024993125
11,27,2017,-0.636866243
11,28,2017,0.595534714
11,29,2017,-0.622200096
11,30,2017,0.286563661
12,1,2017,-0.409736772
12,4,2017,-1.912403384
12,5,2017,-0.785175894
12,6,2017,-0.329826834
12,7,2017,0.922389967
12,8,2017,-0.275639282
12,11,2017,-0.357272173
12,12,2017,-0.571277569
12,13,2017,0.397655133
12,14,2017,-0.903445642
12,15,2017,0.573149195
12,18,2017,0.317042146
12,19,2017,-0.581612442
12,20,2017,-0.235559747
12,21,2017,-0.031061623
12,22,2017,0.099504973
12,26,2017,0.23628279
12,27,2017,0.037191915
12,28,2017,0.179472125
12,29,2017,-0.801719425
1,2,2018,0.545164794
1,3,2018,0.529753001
1,4,2018,-0.500300201
1,5,2018,0.036646313
1,8,2018,0.274807328
1,9,2018,-0.182317225
1,10,2018,-0.036619264
1,11,2018,0.992443954
1,12,2018,0.271000898
1,16,2018,-1.579041192
1,17,2018,0.29611132
1,18,2018,-0.114534933
1,19,2018,1.03161562
1,22,2018,0.75039841
1,23,2018,0.538113059
1,24,2018,-0.639932476
1,25,2018,-0.540667007
1,26,2018,0.312131325
1,29,2018,-0.388274512
1,30,2018,-0.065633053
1,31,2018,-0.665840885
2,1,2018,0.540017988
2,2,2018,-1.195333402
2,5,2018,-2.657258104
2,6,2018,3.038290861
2,7,2018,-0.143415855
2,8,2018,-3.572316842
2,9,2018,0.038489221
2,12,2018,1.043260335
2,13,2018,0.719061434
2,14,2018,2.634582208
2,15,2018,0.479084829
2,16,2018,0.422683153
2,20,2018,0.024527343
2,21,2018,-0.416212498
2,22,2018,-0.45930555
2,23,2018,0.813208178
2,26,2018,0.163144411
2,27,2018,-1.423831674
2,28,2018,-1.323734577
3,1,2018,-0.340697531
3,2,2018,2.405560283
3,5,2018,1.455154462
3,6,2018,0.464166016
3,7,2018,1.376478516
3,8,2018,-0.11276752
3,9,2018,0.856314287
3,12,2018,0.081880339
3,13,2018,-1.029312007
3,14,2018,-0.672874012
3,15,2018,-0.658472001
3,16,2018,0.112274422
3,19,2018,-0.793931158
3,20,2018,0.19071936
3,21,2018,0.469926236
3,22,2018,-1.309331619
3,23,2018,-1.961491184
3,26,2018,1.030614734
3,27,2018,-2.45970473
3,28,2018,-0.473702852
3,29,2018,0.774475988
4,2,2018,-2.220321664
4,3,2018,0.342062954
4,4,2018,2.729214496
4,5,2018,0.091374186
4,6,2018,-1.287863992
4,9,2018,-0.54850242
4,10,2018,0.599761956
4,11,2018,0.696820879
4,12,2018,0.108743956
4,13,2018,-0.841149353
4,16,2018,0.277112651
4,17,2018,0.818258411
4,18,2018,0.118229484
4,19,2018,-0.597567729
4,20,2018,-0.536157509
4,23,2018,-0.299043068
4,24,2018,-1.587777721
4,25,2018,-0.357669723
4,26,2018,0.527365578
4,27,2018,-0.229125708
4,30,2018,-0.90432269
5,1,2018,0.608976285
5,2,2018,0.060574905
5,3,2018,0.157916799
5,4,2018,1.628680007
5,7,2018,0.553567262
5,8,2018,0.664291198
5,9,2018,0.641589856
5,10,2018,0.356100986
5,11,2018,0.22093314
5,14,2018,-0.532591162
5,15,2018,0.181252998
5,16,2018,0.641365537
5,17,2018,0.214192422
5,18,2018,0.034636963
5,21,2018,0.040225237
5,22,2018,-1.009866313
5,23,2018,0.692062821
5,24,2018,0.109815626
5,25,2018,0.086745507
5,29,2018,0.319416339
5,30,2018,0.991069415
5,31,2018,-0.764489393
6,1,2018,0.245662715
6,4,2018,0.170543456
6,5,2018,0.533697822
6,6,2018,0.806865673
6,7,2018,-0.815227557
6,8,2018,0.631267621
6,11,2018,0.100695385
6,12,2018,0.753225481
6,13,2018,-0.613158596
6,14,2018,0.182695007
6,15,2018,0.249623892
6,18,2018,0.828240717
6,19,2018,0.388154051
6,20,2018,0.357493111
6,21,2018,-1.156101615
6,22,2018,-0.910442
6,25,2018,-1.704483607
6,26,2018,0.436659304
6,27,2018,-1.754188123
6,28,2018,0.855676769
6,29,2018,-0.260973569
7,2,2018,1.092858589
7,3,2018,-0.124119041
7,5,2018,0.393256742
7,6,2018,1.129621363
7,9,2018,0.209081155
7,10,2018,-0.509314332
7,11,2018,0.027693288
7,12,2018,0.457326562
7,13,2018,-0.170020291
7,16,2018,-0.691545017
7,17,2018,0.991364654
7,18,2018,0.246844209
7,19,2018,0.553512903
7,20,2018,-0.349363499
7,23,2018,0.021938368
7,24,2018,-1.775277148
7,25,2018,0.839538525
7,26,2018,0.370062408
7,27,2018,-2.060779238
7,30,2018,-1.380621897
7,31,2018,0.760669828
8,1,2018,0.236245923
8,2,2018,1.554926761
8,3,2018,-0.487961084
8,6,2018,0.751205246
8,7,2018,0.005503854
8,8,2018,-0.407289885
8,9,2018,0.386661526
8,10,2018,0.403580263
8,13,2018,-0.770412719
8,14,2018,0.735375977
8,15,2018,-0.628584028
8,16,2018,0.303743292
8,17,2018,0.634452737
8,20,2018,-0.005472637
8,21,2018,0.813455269
8,22,2018,0.443383255
8,23,2018,-0.03769496
8,24,2018,0.440532935
8,27,2018,0.277261526
8,28,2018,0.122195303
8,29,2018,0.439759446
8,30,2018,0.042298782
8,31,2018,0.534615187
9,4,2018,0.094822987
9,5,2018,-0.853122865
9,6,2018,-0.60509503
9,7,2018,0.214106619
9,10,2018,0.101091781
9,11,2018,0.553276584
9,12,2018,0.185463119
9,13,2018,-0.163544181
9,14,2018,0.221764086
9,17,2018,-1.516669659
9,18,2018,0.533817322
9,19,2018,-0.764616888
9,20,2018,0.277135312
9,21,2018,-0.742434612
9,24,2018,0
9,25,2018,0.400576839
9,26,2018,-0.994043722
9,27,2018,0.053588041
9,28,2018,0.725926758
10,1,2018,-1.647712351
10,2,2018,-1.027579265
10,3,2018,0.234183647
10,4,2018,-1.503273371
10,5,2018,-0.994971511
10,8,2018,-0.632701546
10,9,2018,-0.265447874
10,10,2018,-3.099986853
10,11,2018,-1.225034505
10,12,2018,-0.765542916
10,15,2018,0.359691618
10,16,2018,2.332633598
10,17,2018,-0.182600285
10,18,2018,-1.354065118
10,19,2018,-1.64866892
10,22,2018,-0.558920394
10,23,2018,0.841140341
10,24,2018,-3.608055971
10,25,2018,1.521779946
10,26,2018,0.024632298
10,29,2018,-2.277435743
10,30,2018,2.107366432
10,31,2018,0.096544382
11,1,2018,2.111537679
11,2,2018,-0.475602143
11,5,2018,-0.57122785
11,6,2018,0.462578
11,7,2018,1.495515263
11,8,2018,-0.162261824
11,9,2018,-0.982173616
11,12,2018,-2.2673467
11,13,2018,-0.639631302
11,14,2018,-1.578414315
11,15,2018,2.265596354
11,16,2018,1.146705448
11,19,2018,-2.77794243
11,20,2018,0.050290419
11,21,2018,0.767366058
11,23,2018,1.049339748
11,26,2018,0.833487171
11,27,2018,-0.305343511
11,28,2018,2.51860294
11,29,2018,0.507708762
11,30,2018,0.75039841
12,3,2018,-0.371704046
12,4,2018,-3.602551506
12,6,2018,1.752868121
12,7,2018,-2.573434771
12,10,2018,0.087287238
12,11,2018,-1.639947812
12,12,2018,-0.148160888
12,13,2018,-1.413314827
12,14,2018,-0.71397294
12,17,2018,-2.415180577
12,18,2018,-0.648550481
12,19,2018,-1.743501383
12,20,2018,-1.707575396
12,21,2018,-3.076820967
12,24,2018,-1.283050351
12,26,2018,4.896594881
12,27,2018,2.171962947
12,28,2018,-0.114217664
12,31,2018,0.57436721
1,2,2019,0.78051678
1,3,2019,-1.498249839
1,4,2019,2.422289141
1,7,2019,1.924463522
1,8,2019,0.840020369
1,9,2019,0.503020017
1,10,2019,1.511721514
1,11,2019,0.480192685
1,14,2019,-0.218771727
1,15,2019,1.061967128
1,16,2019,0.296541061
1,17,2019,1.297822153
1,18,2019,0.849098713
1,22,2019,-1.089326401
1,23,2019,-0.49426286
1,24,2019,0.834356442
1,25,2019,0.555018115
1,28,2019,0.544964597
1,29,2019,-0.331047913
1,30,2019,0.756799184
1,31,2019,1.109521004
2,1,2019,0.21197668
2,4,2019,1.049673377
2,5,2019,0.121600555
2,6,2019,-0.294794798
2,7,2019,-0.245011087
2,8,2019,1.034387342
2,11,2019,0.336291527
2,12,2019,0.671563536
2,13,2019,-0.125036092
2,14,2019,0.80626027
2,15,2019,0.733718846
2,19,2019,0.275624369
2,20,2019,0.028039589
2,21,2019,-0.219064204
2,22,2019,0.891412258
2,25,2019,-0.215469061
2,26,2019,-0.510146401
2,27,2019,0.65870716
2,28,2019,-0.361196363
3,1,2019,0.420933252
3,4,2019,-1.310070472
3,5,2019,-0.245386763
3,6,2019,-1.622102034
3,7,2019,-0.608988058
3,8,2019,0.594207352
3,11,2019,1.548832362
3,12,2019,0.224753609
3,13,2019,0.156441505
3,14,2019,-0.106022539
3,15,2019,0.19525048
3,18,2019,0.277901293
3,19,2019,-0.573639262
3,20,2019,-0.510373364
3,21,2019,2.036818789
3,22,2019,-2.714032451
3,25,2019,0.352038393
3,26,2019,0.185300695
3,27,2019,-0.841420299
3,28,2019,0.824582637
3,29,2019,0.016694863
4,1,2019,0.171108905
4,2,2019,0.033032538
4,3,2019,-0.065617654
4,4,2019,-0.366439518
4,5,2019,0.673490646
4,8,2019,0.196442219
4,9,2019,-0.459139663
4,10,2019,0.898679355
4,11,2019,-0.254922717
4,12,2019,0
4,15,2019,-0.178302354
4,16,2019,-0.506958262
4,17,2019,-1.848248016
4,18,2019,0.010990213
4,22,2019,0.419038441
4,23,2019,1.420109622
4,24,2019,0.064800217
4,25,2019,-0.28134177
4,26,2019,0.900072148
4,29,2019,-0.069759044
4,30,2019,-0.311519509
5,1,2019,-1.381419102
5,2,2019,0.480430753
5,3,2019,1.264111062
5,6,2019,1.479841207
5,7,2019,-1.275982522
5,8,2019,-0.142042182
5,9,2019,0.590177596
5,10,2019,0.595140791
5,13,2019,-1.401135433
5,14,2019,1.05506429
5,15,2019,1.407103072
5,16,2019,0.680767682
5,17,2019,-0.526080956
5,20,2019,-0.431858658
5,21,2019,1.046795796
5,22,2019,-0.178118665
5,23,2019,-0.827657222
5,24,2019,0.169282811
5,28,2019,-0.787406623
5,29,2019,-0.353867345
5,30,2019,0.045645004
5,31,2019,0.369643066
6,3,2019,-0.672915416
6,4,2019,1.66322206
6,5,2019,0.185186311
6,6,2019,0.08391742
6,7,2019,0.567647053
6,10,2019,0.082464127
6,11,2019,-1.113229468
6,12,2019,0.221023875
6,13,2019,0.301660805
6,14,2019,-0.83740022
6,17,2019,0.538814588
6,18,2019,0.287496058
6,19,2019,0.480977104
6,20,2019,-0.197446503
6,21,2019,-0.492820888
6,24,2019,-1.289426173
6,25,2019,-1.266236652
6,26,2019,-0.745410262
6,27,2019,1.444001307
6,28,2019,0.91042541
7,1,2019,-0.525368812
7,2,2019,-0.128043008
7,3,2019,0.543248843
7,5,2019,0.510859414
7,8,2019,-0.483555444
7,9,2019,0.824857003
7,10,2019,-0.063475986
7,11,2019,-0.422380161
7,12,2019,0.561588344
7,15,2019,-0.409986334
7,16,2019,-0.248218107
7,17,2019,-0.338785658
7,18,2019,0.462222397
7,19,2019,-0.891445818
7,22,2019,-0.068985833
7,23,2019,0.190496353
7,24,2019,1.483445298
7,25,2019,-0.820832837
7,26,2019,0.808989805
7,29,2019,-0.848695729
7,30,2019,1.193175626
7,31,2019,-1.137435017
8,1,2019,-1.210846558
8,2,2019,-0.744429623
8,5,2019,-1.192577444
8,6,2019,0.755984435
8,7,2019,1.505091293
8,8,2019,1.664862852
8,9,2019,-0.733331522
8,12,2019,-0.845343589
8,13,2019,1.472844401
8,14,2019,-1.195892306
8,15,2019,-0.364542386
8,16,2019,1.272936567
8,19,2019,-0.371440578
8,20,2019,-0.270533482
8,21,2019,0.112973802
8,22,2019,-0.364693754
8,23,2019,-2.045010864
8,26,2019,0.010947898
8,27,2019,-1.441702861
8,28,2019,0.945634563
8,29,2019,0.602116064
8,30,2019,-0.703128127
9,3,2019,-0.506476977
9,4,2019,0.097647154
9,5,2019,0.343568286
9,6,2019,-0.443258745
9,9,2019,-1.05206996
9,10,2019,0.238612806
9,11,2019,1.192406954
9,12,2019,-0.021281983
9,13,2019,-0.556971662
9,16,2019,0.754488422
9,17,2019,0.452443723
9,18,2019,-0.413646906
9,19,2019,-0.372366605
9,20,2019,-0.218742472
9,23,2019,0.160764696
9,24,2019,-1.836039166
9,25,2019,0.614467122
9,26,2019,-0.832842446
9,27,2019,-1.528426929
9,30,2019,0.402622585
10,1,2019,-1.965936685
10,2,2019,-0.438152445
10,3,2019,1.282633095
10,4,2019,0.928550428
10,7,2019,-0.071738412
10,8,2019,-1.029775153
10,9,2019,0.055850554
10,10,2019,0.239705671
10,11,2019,0.362918177
10,14,2019,-0.049437488
10,15,2019,0.701522499
10,16,2019,-0.201838308
10,17,2019,0.59374441
10,18,2019,-0.602606416
10,21,2019,-0.184370149
10,22,2019,-0.802696041
10,23,2019,-0.00547868
10,24,2019,0.229168981
10,25,2019,0.593777283
10,28,2019,0.388643539
10,29,2019,0.113107665
10,30,2019,0.053740664
10,31,2019,-0.564942965
11,1,2019,1.060109228
11,4,2019,-0.418259731
11,5,2019,-0.286301891
11,6,2019,-0.388551725
11,7,2019,-0.525313575
11,8,2019,0.709894293
11,11,2019,0.62815702
11,12,2019,0.06870211
11,13,2019,0.350134748
11,14,2019,0.349218997
11,15,2019,0.472437795
11,18,2019,0.099417579
11,19,2019,0.119858253
11,20,2019,0.297568254
11,21,2019,-0.664830939
11,22,2019,0.036513327
11,25,2019,1.261612578
11,26,2019,0.522570311
11,27,2019,0.431935581
11,29,2019,-0.527280457
12,2,2019,-1.535413071
12,3,2019,0.917962258
12,4,2019,0.216059984
12,5,2019,-0.286722649
12,6,2019,-0.132360133
12,9,2019,-0.642296994
12,10,2019,-0.230886103
12,11,2019,-0.287325817
12,12,2019,0.354647413
12,13,2019,-0.10226887
12,16,2019,-0.177723563
12,17,2019,-0.010156884
12,18,2019,-0.101433789
12,19,2019,0.446182131
12,20,2019,0.241470974
12,23,2019,-0.050075608
12,24,2019,-0.095215233
12,26,2019,0.075124711
12,27,2019,-0.604368892
12,30,2019,-0.597030884
