1,2,2008,-0.952970789
1,3,2008,-0.020883089
1,4,2008,-1.47244633
1,7,2008,-0.212761702
1,8,2008,-1.794382558
1,9,2008,-0.064029885
1,10,2008,0.149890789
1,11,2008,-1.457976018
1,14,2008,-0.128308389
1,15,2008,-2.605510392
1,16,2008,-1.708455736
1,17,2008,-3.071446695
1,18,2008,-1.642664303
1,22,2008,1.11905
1,23,2008,3.139452422
1,24,2008,1.775705649
1,25,2008,-6.287813446
1,28,2008,0.598384336
1,29,2008,-0.833518829
1,30,2008,-1.375732972
1,31,2008,2.446909049
2,1,2008,-0.881061635
2,4,2008,-0.291016355
2,5,2008,-3.236028586
2,6,2008,-1.273145804
2,7,2008,-0.563517258
2,8,2008,-1.59549511
2,11,2008,1.153566423
2,12,2008,0.350799829
2,13,2008,-0.690287637
2,14,2008,-2.399277954
2,15,2008,0.023168868
2,19,2008,-0.837860054
2,20,2008,-0.595654039
2,21,2008,-0.821544957
2,22,2008,0.159635127
2,25,2008,0.9055966
2,26,2008,1.025190573
2,27,2008,0.110262408
2,28,2008,-0.221528583
2,29,2008,-2.007588579
3,3,2008,0.04553962
3,4,2008,0.207948249
3,5,2008,0.091389079
3,6,2008,-1.275038765
3,7,2008,-0.48849265
3,10,2008,-1.602782848
3,11,2008,1.579925614
3,12,2008,-0.613357565
3,13,2008,0.968415978
3,14,2008,-2.548348065
3,17,2008,-0.542578451
3,18,2008,1.258450245
3,19,2008,-2.629134481
3,20,2008,0.475278019
3,24,2008,0.279011871
3,25,2008,0.205573326
3,26,2008,-0.792209144
3,27,2008,-2.16179412
3,28,2008,-0.815026073
3,31,2008,-2.369878079
4,1,2008,2.23124188
4,2,2008,-0.459324137
4,3,2008,1.400002222
4,4,2008,0.109191961
4,7,2008,-1.20223696
4,8,2008,-0.327727769
4,9,2008,-0.482979154
4,10,2008,0.066499666
4,11,2008,-0.112105386
4,14,2008,-1.196801888
4,15,2008,-0.200311596
4,16,2008,1.532401489
4,17,2008,-0.260810705
4,18,2008,-1.577493072
4,21,2008,0.193798454
4,22,2008,-1.308453482
4,23,2008,0.108387164
4,24,2008,-1.2252773
4,25,2008,-0.278963531
4,28,2008,-1.039240677
4,29,2008,-1.281501495
4,30,2008,-2.272244946
5,1,2008,0.558417084
5,2,2008,-0.529773268
5,5,2008,-0.592097683
5,6,2008,0.021193302
5,7,2008,-1.29649312
5,8,2008,-0.234894288
5,9,2008,0.085986672
5,12,2008,1.118760757
5,13,2008,-0.467581306
5,14,2008,-1.285022092
5,15,2008,0.89096735
5,16,2008,0.543141854
5,19,2008,-0.041608072
5,20,2008,-0.605430037
5,21,2008,-1.382488421
5,22,2008,0.31658505
5,23,2008,-1.841768561
5,27,2008,0.085445416
5,28,2008,-0.339855551
5,29,2008,-0.76384679
5,30,2008,-0.169891697
6,2,2008,-3.481865285
6,3,2008,-1.402166985
6,4,2008,-0.474142221
6,5,2008,-0.149029164
6,6,2008,-1.957410112
6,9,2008,-1.150180072
6,10,2008,-0.089345544
6,11,2008,-1.75907593
6,12,2008,-0.159052495
6,13,2008,0.842246756
6,16,2008,0.38331907
6,17,2008,0.29180921
6,18,2008,-0.49438427
6,19,2008,-0.405953992
6,20,2008,-2.062089235
6,23,2008,-0.690446474
6,24,2008,-0.2317988
6,25,2008,0.904033401
6,26,2008,-2.12127743
6,27,2008,0.946526311
6,30,2008,-0.509853974
7,1,2008,0.687043371
7,2,2008,-2.291859321
7,3,2008,-0.450028412
7,7,2008,0.676489507
7,8,2008,0.60038426
7,9,2008,-1.283882518
7,10,2008,0.602409639
7,11,2008,-0.870827286
7,14,2008,-1.397931964
7,15,2008,-1.397056407
7,16,2008,1.913508851
7,17,2008,-0.144027844
7,18,2008,1.085114514
7,21,2008,0.118574822
7,22,2008,0.932565758
7,23,2008,0.023556289
7,24,2008,-2.567689076
7,25,2008,0.095925657
7,28,2008,-0.770896207
7,29,2008,1.071075897
7,30,2008,0
7,31,2008,-0.264741282
8,1,2008,-1.136081729
8,4,2008,-0.807828681
8,5,2008,1.516260737
8,6,2008,-0.192266278
8,7,2008,-1.308766423
8,8,2008,0.988867714
8,11,2008,-0.292680488
8,12,2008,-0.416059706
8,13,2008,-0.224775219
8,14,2008,0.025142067
8,15,2008,-0.453629032
8,18,2008,-1.627436195
8,19,2008,-0.256747105
8,20,2008,0.437237643
8,21,2008,1.002568072
8,22,2008,0.535029299
8,25,2008,-1.422397801
8,26,2008,0.775191194
8,27,2008,0.844642949
8,28,2008,0.352467262
8,29,2008,-0.698956548
9,2,2008,-2.585780642
9,3,2008,-0.56107372
9,4,2008,-3.421472088
9,5,2008,0.16142589
9,8,2008,-0.810460131
9,9,2008,-2.15024434
9,10,2008,-0.856301869
9,11,2008,2.014345915
9,12,2008,2.806536708
9,15,2008,0.305473497
9,16,2008,2.277252995
9,17,2008,-1.839801764
9,18,2008,2.593331433
9,19,2008,-0.440876545
9,22,2008,-1.485535613
9,23,2008,-2.73828594
9,24,2008,-0.511448156
9,25,2008,1.480481751
9,26,2008,1.437491224
9,29,2008,-5.045098647
9,30,2008,1.765037565
10,1,2008,0.574880696
10,2,2008,-2.61703119
10,3,2008,-0.328248304
10,6,2008,-1.099940289
10,7,2008,-5.943068688
10,8,2008,-0.678422659
10,9,2008,-8.457711443
10,10,2008,3.563129357
10,13,2008,7.94539727
10,14,2008,-5.120951932
10,15,2008,-8.66756968
10,16,2008,2.57806454
10,17,2008,2.018344954
10,20,2008,2.028681357
10,21,2008,-2.067273929
10,22,2008,-4.540383158
10,23,2008,1.591614907
10,24,2008,4.298356511
10,27,2008,-1.336125205
10,28,2008,2.542368743
10,29,2008,2.795859717
10,30,2008,-1.566393734
10,31,2008,3.328402244
11,3,2008,0.612391931
11,4,2008,3.674176776
11,5,2008,-3.235698119
11,6,2008,-5.993581663
11,7,2008,2.455104344
11,10,2008,-2.783647033
11,11,2008,-1.301118959
11,12,2008,-3.156274057
11,13,2008,5.992941403
11,14,2008,-1.268742791
11,17,2008,-0.079086592
11,18,2008,1.360544218
11,19,2008,-4.512485898
11,20,2008,-4.419893565
11,21,2008,0.42336154
11,24,2008,4.12244898
11,25,2008,-1.222774169
11,26,2008,4.095427435
11,28,2008,0.617045893
12,1,2008,-4.999999802
12,2,2008,1.609657948
12,3,2008,3.827365791
12,4,2008,-0.281917036
12,5,2008,3.567039917
12,8,2008,1.62287487
12,9,2008,0.115074799
12,10,2008,1.095997774
12,11,2008,0.634802067
12,12,2008,-0.73855613
12,15,2008,-0.222386953
12,16,2008,0
12,17,2008,1.612328914
12,18,2008,-2.834865444
12,19,2008,-0.73287282
12,22,2008,-1.170874497
12,23,2008,-0.963680504
12,24,2008,-0.418728588
12,26,2008,-0.606060606
12,29,2008,-1.830403437
12,30,2008,1.878286932
12,31,2008,1.778432753
1,2,2009,1.023384466
1,5,2009,-0.146681335
1,6,2009,0.182345004
1,7,2009,-0.985045604
1,8,2009,1.328409594
1,9,2009,-2.131569354
1,12,2009,-1.925254813
1,13,2009,0.078462142
1,14,2009,-1.890595258
1,15,2009,0.366151343
1,16,2009,-1.388330083
1,20,2009,-4.365900389
1,21,2009,2.556459419
1,22,2009,1.029601074
1,23,2009,3.002207506
1,26,2009,1.058425019
1,27,2009,0.248340232
1,28,2009,0.401284109
1,29,2009,-1.930188912
1,30,2009,-2.072968405
2,2,2009,3.076927473
2,3,2009,1.518978839
2,4,2009,-0.704517228
2,5,2009,1.933581255
2,6,2009,1.804762174
2,9,2009,-0.080345524
2,10,2009,-3.980511617
2,11,2009,-0.66610741
2,12,2009,1.621156074
2,13,2009,-0.674252002
2,17,2009,-1.151976074
2,18,2009,-1.109631553
2,19,2009,-2.32660657
2,20,2009,0.456621005
2,23,2009,-4.294760204
2,24,2009,2.99765808
2,25,2009,-1.059415065
2,26,2009,-2.338376999
2,27,2009,-0.840336134
3,2,2009,-4.057283816
3,3,2009,-1.530859259
3,4,2009,1.021405692
3,5,2009,-1.336638548
3,6,2009,-1.382720988
3,9,2009,0.6732367
3,10,2009,2.227717711
3,11,2009,-0.906925971
3,12,2009,3.799308144
3,13,2009,-0.23353106
3,16,2009,-0.642800705
3,17,2009,2.873035218
3,18,2009,4.147670732
3,19,2009,-2.226031583
3,20,2009,-1.228613373
3,23,2009,3.433480834
3,24,2009,-0.723096555
3,25,2009,0.977471272
3,26,2009,0.333750535
3,27,2009,-0.852147459
3,30,2009,-0.752545374
3,31,2009,0.965331243
4,1,2009,3.415065674
4,2,2009,1.147540984
4,3,2009,0.690215213
4,6,2009,0.164477796
4,7,2009,-0.417353941
4,8,2009,0.083186353
4,9,2009,-0.121461534
4,13,2009,1.136367741
4,14,2009,-0.121114251
4,15,2009,1.747971545
4,16,2009,0.079491256
4,17,2009,-0.356294537
4,20,2009,-2.034174125
4,21,2009,3.229869966
4,22,2009,0.65870726
4,23,2009,1.088274933
4,24,2009,0.117835826
4,27,2009,0.399046305
4,28,2009,1.010917913
4,29,2009,1.062992126
4,30,2009,-0.924139427
5,1,2009,1.006581494
5,4,2009,1.386279453
5,5,2009,-1.221313842
5,6,2009,0.401459854
5,7,2009,-2.553034971
5,8,2009,1.841147948
5,11,2009,-0.397398844
5,12,2009,-0.322696318
5,13,2009,-1.25046336
5,14,2009,1.267238166
5,15,2009,-1.214128035
5,18,2009,1.269960133
5,19,2009,0.249821556
5,20,2009,-0.211636684
5,21,2009,0.286324256
5,22,2009,-0.070771408
5,26,2009,1.734513274
5,27,2009,-1.908396947
5,28,2009,0.070291737
5,29,2009,0.866851595
6,1,2009,0.438304113
6,2,2009,1.553525783
6,3,2009,-0.814947341
6,4,2009,0.479780672
6,5,2009,-1.461590755
6,8,2009,0.698808501
6,9,2009,0.55267701
6,10,2009,-1.417004096
6,11,2009,0.848608311
6,12,2009,0.305188199
6,15,2009,-1.481736733
6,16,2009,-1.703755216
6,17,2009,0.247959617
6,18,2009,0.496626446
6,19,2009,0
6,22,2009,-2.287926786
6,23,2009,0.106413618
6,24,2009,-1.818181818
6,25,2009,2.639086924
6,26,2009,-0.138789035
6,29,2009,-0.069207612
6,30,2009,-1.585117161
7,1,2009,0.308747856
7,2,2009,-1.047120419
7,6,2009,1.392853571
7,7,2009,-1.878093617
7,8,2009,-0.863930854
7,9,2009,0.392997499
7,10,2009,0.145398037
7,13,2009,1.190476233
7,14,2009,-0.389652852
7,15,2009,0.450759362
7,16,2009,0.856457662
7,17,2009,0.341300353
7,20,2009,0.335461266
7,21,2009,-0.759333088
7,22,2009,0.86927449
7,23,2009,1.492045756
7,24,2009,0.619299218
7,27,2009,0.52083335
7,28,2009,0.260586311
7,29,2009,-0.944314586
7,30,2009,-0.192314096
7,31,2009,0.86234752
8,3,2009,0.839552239
8,4,2009,0.966324753
8,5,2009,0.435594289
8,6,2009,-0.527455787
8,7,2009,-0.342672919
8,10,2009,-0.188560654
8,11,2009,-0.28453368
8,12,2009,1.493492262
8,13,2009,0.37116917
8,14,2009,-1.106673874
8,17,2009,-0.320403727
8,18,2009,0.893138756
8,19,2009,1.918152113
8,20,2009,0.813765233
8,21,2009,0.520361219
8,24,2009,-0.545277222
8,25,2009,-0.060350032
8,26,2009,0.182361691
8,27,2009,1.003350593
8,28,2009,-0.983014596
8,31,2009,0.060642814
9,1,2009,-1.589242005
9,2,2009,0.530096664
9,3,2009,-0.15365396
9,4,2009,1.355925998
9,8,2009,-0.0894158
9,9,2009,0.5032623
9,10,2009,0.884442859
9,11,2009,-1.643595732
9,14,2009,1.183437905
9,15,2009,0.058671165
9,16,2009,1.155726635
9,17,2009,0.086278401
9,18,2009,-0.399997143
9,21,2009,0.700928697
9,22,2009,-0.314019421
9,23,2009,-1.138295422
9,24,2009,-2.092886981
9,25,2009,0.029299942
9,28,2009,0.99677511
9,29,2009,-0.174831002
9,30,2009,-0.435419436
10,1,2009,-2.200704096
10,2,2009,0.364627773
10,5,2009,1.361576441
10,6,2009,0.501765038
10,7,2009,0.293507485
10,8,2009,0.20213687
10,9,2009,-0.057839788
10,12,2009,-0.543642331
10,13,2009,-0.086253596
10,14,2009,0.394919594
10,15,2009,0.846987625
10,16,2009,0.085342812
10,19,2009,0.817583851
10,20,2009,-0.864226397
10,21,2009,-0.225283032
10,22,2009,1.044616095
10,23,2009,-1.345288677
10,26,2009,-1.925257644
10,27,2009,-0.805995924
10,28,2009,-1.699876955
10,29,2009,1.94689959
10,30,2009,-2.995936504
11,2,2009,0.118838384
11,3,2009,1.572900739
11,4,2009,0.353458016
11,5,2009,0.233241989
11,6,2009,1.026086162
11,9,2009,0.79772939
11,10,2009,0.541461955
11,11,2009,-0.450323683
11,12,2009,-1.219858156
11,13,2009,0.856161505
11,16,2009,0.673203328
11,17,2009,0.253235784
11,18,2009,-0.392373879
11,19,2009,-0.685121344
11,20,2009,0.464441206
11,23,2009,-0.50804403
11,24,2009,-0.539004255
11,25,2009,1.049940349
11,27,2009,1.320810097
11,30,2009,0.3468295
12,1,2009,0.677780288
12,2,2009,0.112193542
12,3,2009,-0.835186572
12,4,2009,-1.27955212
12,7,2009,-0.084967429
12,8,2009,-0.516353973
12,9,2009,0.404387649
12,10,2009,-0.515452492
12,11,2009,-0.258027516
12,14,2009,0.085646591
12,15,2009,0.057636886
12,16,2009,0.14261266
12,17,2009,-0.781931676
12,18,2009,-0.174627469
12,21,2009,0.407687828
12,22,2009,0.260190807
12,23,2009,0.37269781
12,24,2009,0.145730104
12,28,2009,-0.057937428
12,29,2009,-0.604847333
12,30,2009,0.730140144
12,31,2009,-1.15606076
1,4,2010,-0.170554292
1,5,2010,-0.056885666
1,6,2010,0.313929786
1,7,2010,0.257216333
1,8,2010,0.881925981
1,11,2010,-0.139938427
1,12,2010,-0.028341838
1,13,2010,0.45146446
1,14,2010,0.646609502
1,15,2010,-0.983972449
1,19,2010,1.337512844
1,20,2010,-0.6300029
1,21,2010,-1.961915753
1,22,2010,-1.77409521
1,25,2010,-0.325254287
1,26,2010,0.299129524
1,27,2010,0.420165066
1,28,2010,-1.673143063
1,29,2010,-1.881064984
2,1,2010,0.243302912
2,2,2010,1.083020392
2,3,2010,-0.570910474
2,4,2010,-2.453984813
2,5,2010,-0.316258687
2,8,2010,-0.50955414
2,9,2010,0.846388715
2,10,2010,-0.124957833
2,11,2010,1.351785645
2,12,2010,1.4831145
2,16,2010,1.491143259
2,17,2010,-0.243982914
2,18,2010,1.257668789
2,19,2010,0.894512702
2,22,2010,-0.516252657
2,23,2010,-0.796333795
2,24,2010,0.246843567
2,25,2010,1.410219367
2,26,2010,0.86688238
3,1,2010,0.459142973
3,2,2010,-0.030235863
3,3,2010,0.6604563
3,4,2010,-0.388178538
3,5,2010,1.578317357
3,8,2010,-0.35149093
3,9,2010,0.533479518
3,10,2010,0.500435664
3,11,2010,0.587374467
3,12,2010,-0.231957076
3,15,2010,0.087805097
3,16,2010,0.815844988
3,17,2010,0.086278401
3,18,2010,-0.259515571
3,19,2010,0
3,22,2010,1.539372455
3,23,2010,0.786945474
3,24,2010,-0.088270074
3,25,2010,-0.845730509
3,26,2010,-0.058431201
3,29,2010,0.465113345
3,30,2010,-0.173165935
3,31,2010,0.376912127
4,1,2010,0.428819325
4,5,2010,-0.199146504
4,6,2010,1.006612022
4,7,2010,-0.31546029
4,8,2010,0.957637869
4,9,2010,1.146123143
4,12,2010,0.226238681
4,13,2010,-0.225473506
4,14,2010,0.476451794
4,15,2010,0.701655888
4,16,2010,-1.434593571
4,19,2010,0.77809796
4,20,2010,-0.113370185
4,21,2010,-0.228239664
4,22,2010,0.727166936
4,23,2010,0.984939166
4,26,2010,0
4,27,2010,-2.47093881
4,28,2010,-0.828399433
4,29,2010,0.501025641
4,30,2010,-1.348179993
5,3,2010,0.266666667
5,4,2010,-1.455427532
5,5,2010,0.53509915
5,6,2010,-3.915377329
5,7,2010,-1.652089354
5,10,2010,-0.123561944
5,11,2010,0.949063557
5,12,2010,0.031052469
5,13,2010,-0.655433812
5,14,2010,-1.589825069
5,17,2010,-0.611712834
5,18,2010,-3.236135958
5,19,2010,0.795492211
5,20,2010,-1.493037037
5,21,2010,3.202472342
5,24,2010,-1.046950319
5,25,2010,2.921506512
5,26,2010,-1.842371267
5,27,2010,1.843778076
5,28,2010,-1.488584188
6,1,2010,-0.439631383
6,2,2010,2.396223503
6,3,2010,-1.016726796
6,4,2010,-1.930890921
6,7,2010,-2.026798281
6,8,2010,1.187154371
6,9,2010,-0.959561343
6,10,2010,1.141705805
6,11,2010,1.342732415
6,14,2010,-0.784310458
6,15,2010,1.424873751
6,16,2010,0.806711843
6,17,2010,-0.159588254
6,18,2010,0.032020493
6,21,2010,-1.542821159
6,22,2010,-1.531097289
6,23,2010,-0.28901735
6,24,2010,-1.037950049
6,25,2010,0.491159119
6,28,2010,-0.424978751
6,29,2010,-1.904440361
6,30,2010,-0.611828688
7,1,2010,0.033818059
7,2,2010,-0.839771582
7,6,2010,-1.116954628
7,7,2010,2.507426675
7,8,2010,0.704905502
7,9,2010,0.995510629
7,12,2010,0.577296344
7,13,2010,0.535601764
7,14,2010,0.408551226
7,15,2010,0.343216859
7,16,2010,-2.107580934
7,19,2010,-0.286262714
7,20,2010,2.07187446
7,21,2010,-1.838351881
7,22,2010,0.913388976
7,23,2010,1.345431832
7,26,2010,1.334989175
7,27,2010,-0.365182582
7,28,2010,-0.398043478
7,29,2010,-0.909642207
7,30,2010,1.083600653
8,2,2010,1.139775045
8,3,2010,0.327871843
8,4,2010,0.02975015
8,5,2010,0.29797079
8,6,2010,0.866438576
8,9,2010,-0.05905226
8,10,2010,1.082709774
8,11,2010,-1.445699874
8,12,2010,0.691827066
8,13,2010,-0.405999375
8,16,2010,0.689442181
8,17,2010,-0.061484785
8,18,2010,-0.122815474
8,19,2010,-1.291519065
8,20,2010,0.031539431
8,23,2010,-0.690084714
8,24,2010,-0.12816085
8,25,2010,0.906148867
8,26,2010,-0.732484076
8,27,2010,0.72830589
8,30,2010,-0.63311491
8,31,2010,0.478774338
9,1,2010,0.960350092
9,2,2010,0.676081725
9,3,2010,0.242491649
9,7,2010,-0.608815867
9,8,2010,0.213349582
9,9,2010,-0.56955334
9,10,2010,0.241103074
9,13,2010,0.385290434
9,14,2010,1.067618592
9,15,2010,0.887046127
9,16,2010,0.236342702
9,17,2010,-0.707541315
9,20,2010,1.209082866
9,21,2010,-0.087330427
9,22,2010,-0.493319805
9,23,2010,0.118101568
9,24,2010,0.780786537
9,27,2010,-0.487670669
9,28,2010,0.489496113
9,29,2010,-0.086055649
9,30,2010,-1.455892134
10,1,2010,-0.028631159
10,4,2010,-0.548493087
10,5,2010,0.998582054
10,6,2010,0.196684462
10,7,2010,-1.001115156
10,8,2010,0.420527077
10,11,2010,-0.334352197
10,12,2010,0.535069025
10,13,2010,0.277772222
10,14,2010,-0.027504816
10,15,2010,-0.466397792
10,18,2010,0.884466556
10,19,2010,-0.476463004
10,20,2010,1.258744056
10,21,2010,-0.662074483
10,22,2010,-0.165980627
10,25,2010,-0.63082558
10,26,2010,0.362726004
10,27,2010,-0.028071849
10,28,2010,-0.222289513
10,29,2010,0.139389466
11,1,2010,-0.473007804
11,2,2010,0.082593612
11,3,2010,0.548847435
11,4,2010,0.32129319
11,5,2010,0.053633681
11,8,2010,0.161894221
11,9,2010,-1.634077062
11,10,2010,-0.027131616
11,11,2010,0.219352887
11,12,2010,-0.576603546
11,15,2010,-0.521116306
11,16,2010,-1.613795259
11,17,2010,0.197183099
11,18,2010,0.357932269
11,19,2010,0.80155058
11,22,2010,0.194401566
11,23,2010,-0.962900001
11,24,2010,0.7086168
11,26,2010,0.31536983
11,29,2010,-0.374103597
11,30,2010,0.441052658
12,1,2010,0.83118661
12,2,2010,2.161541524
12,3,2010,0.835419103
12,6,2010,0.250487058
12,7,2010,-1.177437021
12,8,2010,0.221417099
12,9,2010,-0.192731278
12,10,2010,0.358711349
12,13,2010,0.272771413
12,14,2010,0.16313486
12,15,2010,-0.438236124
12,16,2010,0.440286186
12,17,2010,-0.082525452
12,20,2010,-0.273967123
12,21,2010,-0.163401412
12,22,2010,0.167449056
12,23,2010,0.11173464
12,27,2010,0.420748925
12,28,2010,-0.528068371
12,29,2010,0.138657789
12,30,2010,-0.24958402
12,31,2010,0.472490272
1,3,2011,0.054917631
1,4,2011,-0.791908815
1,5,2011,0.865441094
1,6,2011,-1.18653691
1,7,2011,-0.474071376
1,10,2011,0.423253398
1,11,2011,0
1,12,2011,0.85446805
1,13,2011,-0.406606137
1,14,2011,0.79126053
1,18,2011,0.242653006
1,19,2011,-0.910795558
1,20,2011,0.054559342
1,21,2011,-0.2435065
1,24,2011,1.004613033
1,25,2011,0.486486486
1,26,2011,0.053564542
1,27,2011,0.106925956
1,28,2011,-1.825002782
1,31,2011,0.054185857
2,1,2011,1.095681512
2,2,2011,0.105906804
2,3,2011,0.185430464
2,4,2011,0.212196281
2,7,2011,0.370773325
2,8,2011,0.421715878
2,9,2011,0.210861893
2,10,2011,0.666666667
2,11,2011,0.908362276
2,14,2011,0.291777181
2,15,2011,-0.264485579
2,16,2011,0.765376109
2,17,2011,0.550456066
2,18,2011,0.391241523
2,22,2011,-0.79617569
2,23,2011,-0.346566267
2,24,2011,-0.106811746
2,25,2011,0.530506617
2,28,2011,-0.130453946
3,1,2011,-1.745240994
3,2,2011,0.291084935
3,3,2011,0.575768139
3,4,2011,-0.626626648
3,7,2011,-1.542886949
3,8,2011,0.478726089
3,9,2011,-0.079422822
3,10,2011,-0.754510893
3,11,2011,0.930487112
3,14,2011,0.527481954
3,15,2011,3.115899825
3,16,2011,-2.387720296
3,17,2011,-0.281288334
3,18,2011,0.278468393
3,21,2011,0.819445484
3,22,2011,-0.270926578
3,23,2011,0.656449654
3,24,2011,0.810599882
3,25,2011,-0.53981378
3,28,2011,-0.189545085
3,29,2011,0.760877738
3,30,2011,0.428609674
3,31,2011,0
4,1,2011,0.721541995
4,4,2011,-0.264687672
4,5,2011,0.454429297
4,6,2011,0.39725108
4,7,2011,-0.185133558
4,8,2011,-0.288411124
4,11,2011,-0.602407019
4,12,2011,-0.555416542
4,13,2011,-0.814934258
4,14,2011,0.798081937
4,15,2011,0.132307485
4,18,2011,-0.026974109
4,19,2011,0.187818621
4,20,2011,0.471821731
4,21,2011,-0.077737756
4,25,2011,-0.232979544
4,26,2011,0.465597517
4,27,2011,0.898124175
4,28,2011,0.737916049
4,29,2011,0.0252411
5,2,2011,-0.502136555
5,3,2011,-0.279038573
5,4,2011,-1.066255422
5,5,2011,-0.958544091
5,6,2011,-1.26452129
5,9,2011,0.653423976
5,10,2011,0.621123204
5,11,2011,-1.421555994
5,12,2011,0.684205263
5,13,2011,-1.388522473
5,16,2011,0.053233963
5,17,2011,0.7219144
5,18,2011,0.743886842
5,19,2011,0.31554826
5,20,2011,-0.765982547
5,23,2011,-0.108875879
5,24,2011,-0.216327745
5,25,2011,1.115039434
5,26,2011,0.45491572
5,27,2011,0.105934857
5,31,2011,0.286160257
6,1,2011,-1.901534303
6,2,2011,0.132132664
6,3,2011,1.066943128
6,6,2011,-1.006092137
6,7,2011,-0.449027986
6,8,2011,-0.561044617
6,9,2011,0.776441809
6,10,2011,-1.529377515
6,13,2011,-0.081463476
6,14,2011,0.240966546
6,15,2011,-1.336976735
6,16,2011,0.222227778
6,17,2011,-0.246372851
6,20,2011,0.496677677
6,21,2011,1.169113681
6,22,2011,-0.540543243
6,23,2011,0.83010517
6,24,2011,-1.014251645
6,27,2011,1.026349543
6,28,2011,0.765442823
6,29,2011,0.616950124
6,30,2011,0.927649086
7,1,2011,1.209889532
7,5,2011,-0.312986437
7,6,2011,0.263640917
7,7,2011,0.182910896
7,8,2011,-0.26351251
7,11,2011,-0.649345256
7,12,2011,-0.109621808
7,13,2011,0.352486433
7,14,2011,-1.423208839
7,15,2011,-0.243641046
7,18,2011,-0.192569474
7,19,2011,0.655550378
7,20,2011,0.349747127
7,21,2011,1.007415138
7,22,2011,0.209979014
7,25,2011,0.026372989
7,26,2011,0.078675581
7,27,2011,-1.638039717
7,28,2011,-0.402798045
7,29,2011,0.51378583
8,1,2011,-2.31321185
8,2,2011,-1.568085368
8,3,2011,0
8,4,2011,-3.939042666
8,5,2011,-0.351285129
8,8,2011,-4.030534351
8,9,2011,2.476310073
8,10,2011,-3.073140655
8,11,2011,4.164034569
8,12,2011,0.239237447
8,15,2011,1.119955791
8,16,2011,0.029688336
8,17,2011,-0.469495278
8,18,2011,-1.161372214
8,19,2011,-0.625003125
8,22,2011,-2.317067144
8,23,2011,2.163164334
8,24,2011,0.700789153
8,25,2011,-2.062480981
8,26,2011,1.866245607
8,29,2011,0.781009289
8,30,2011,0.723551445
8,31,2011,0.235982287
9,1,2011,-0.70943537
9,2,2011,-0.27380591
9,6,2011,1.568501921
9,7,2011,1.459177319
9,8,2011,-0.528111231
9,9,2011,-1.433117834
9,12,2011,1.318391562
9,13,2011,0.909382887
9,14,2011,0.993905066
9,15,2011,0.593746875
9,16,2011,-0.30989154
9,19,2011,0.707395498
9,20,2011,-0.190597205
9,21,2011,-2.802547771
9,22,2011,-0.473452824
9,23,2011,1.641583447
9,26,2011,1.503504845
9,27,2011,-0.671573393
9,28,2011,-1.955131348
9,29,2011,-0.510204065
9,30,2011,-0.953323471
10,3,2011,-1.83884654
10,4,2011,3.071086957
10,5,2011,1.777330651
10,6,2011,2.702702703
10,7,2011,-1.054656406
10,10,2011,1.228343307
10,11,2011,0.818891339
10,12,2011,0.15365396
10,13,2011,0.586969434
10,14,2011,0.334960414
10,17,2011,-1.43907226
10,18,2011,1.432138899
10,19,2011,-1.079241443
10,20,2011,-0.155533427
10,21,2011,0.79584333
10,24,2011,1.487998785
10,25,2011,-0.90388674
10,26,2011,-0.358741394
10,27,2011,0.918221
10,28,2011,0.374103597
10,31,2011,-2.448383336
11,1,2011,0.534591212
11,2,2011,0.278810418
11,3,2011,0.97382529
11,4,2011,-0.152528986
11,7,2011,0.550458699
11,8,2011,0.756658573
11,9,2011,-1.528387351
11,10,2011,-0.497673375
11,11,2011,1.048411964
11,14,2011,-0.556414254
11,15,2011,-0.031178672
11,16,2011,-1.039370079
11,17,2011,-1.519465021
11,18,2011,-0.763358754
11,21,2011,-0.262119921
11,22,2011,-0.131618958
11,23,2011,-1.634422949
11,25,2011,-0.27155466
11,28,2011,0.032683007
11,29,2011,0.195118699
11,30,2011,1.029647458
12,1,2011,-0.589339293
12,2,2011,-1.076585732
12,5,2011,-0.884419003
12,6,2011,0.061826897
12,7,2011,1.305976368
12,8,2011,-1.835156962
12,9,2011,1.351351351
12,12,2011,-0.917434327
12,13,2011,-1.684675832
12,14,2011,-0.682708062
12,15,2011,-0.582527508
12,16,2011,-0.584985375
12,19,2011,-1.462942133
12,20,2011,1.064516129
12,21,2011,0.033156499
12,22,2011,0.795492211
12,23,2011,0.590551181
12,27,2011,-0.228982663
12,28,2011,-1.510676469
12,29,2011,1.564577178
12,30,2011,0.492122703
1,3,2012,0.607808701
1,4,2012,-0.063921379
1,5,2012,0.162495938
1,6,2012,-0.878623495
1,9,2012,-0.261352491
1,10,2012,-0.032216494
1,11,2012,0.519987
1,12,2012,-0.032230099
1,13,2012,0.163022498
1,17,2012,-0.257234727
1,18,2012,1.088348271
1,19,2012,0.471704417
1,20,2012,0.469474164
1,23,2012,0.186326081
1,24,2012,0.658510526
1,25,2012,1.407566513
1,26,2012,-0.823924321
1,27,2012,0.370253008
1,30,2012,0.406002498
1,31,2012,-0.553338474
2,1,2012,0.213610009
2,2,2012,-0.030370597
2,3,2012,0.876400725
2,6,2012,0.423088546
2,7,2012,0.63157594
2,8,2012,0.089389151
2,9,2012,-0.207588962
2,10,2012,-0.090750148
2,13,2012,-0.02991622
2,14,2012,-0.150466446
2,15,2012,-0.687799064
2,16,2012,1.569577375
2,17,2012,-0.059154095
2,21,2012,-0.353666372
2,22,2012,-0.059259259
2,23,2012,0.651275922
2,24,2012,0.292994424
2,27,2012,0.710684039
2,28,2012,0.703597165
2,29,2012,-1.509436821
3,1,2012,0.586685245
3,2,2012,-0.293679891
3,5,2012,-0.383596943
3,6,2012,-0.879057237
3,7,2012,0.51624051
3,8,2012,0.53523638
3,9,2012,0.178468179
3,12,2012,0.208706016
3,13,2012,1.214814815
3,14,2012,-0.587374467
3,15,2012,0.618189561
3,16,2012,0
3,19,2012,0.786713287
3,20,2012,0.205278604
3,21,2012,-0.322772868
3,22,2012,0.327283537
3,23,2012,0.742280285
3,26,2012,0.555549691
3,27,2012,-0.725689384
3,28,2012,-0.730353491
3,29,2012,0.237606192
3,30,2012,0.088232353
4,2,2012,1.593851783
4,3,2012,-1.227358234
4,4,2012,-0.241394093
4,5,2012,0.182932932
4,9,2012,0.430236619
4,10,2012,-1.718321571
4,11,2012,-0.674022692
4,12,2012,1.318209728
4,13,2012,-1.129075374
4,16,2012,-0.061315146
4,17,2012,0.546282229
4,18,2012,0.091154664
4,19,2012,-0.516252657
4,20,2012,0.242356876
4,23,2012,-0.061636362
4,24,2012,0.399143383
4,25,2012,0.090658809
4,26,2012,1.000006061
4,27,2012,0
4,30,2012,-0.240234241
5,1,2012,0.663252979
5,2,2012,0.515782783
5,3,2012,-0.66545975
5,4,2012,-1.071644213
5,7,2012,0.649749381
5,8,2012,-0.310842419
5,9,2012,0.763355574
5,10,2012,-0.500156299
5,11,2012,0.508744022
5,14,2012,-0.28901735
5,15,2012,-0.745066383
5,16,2012,-0.946780965
5,17,2012,-1.089108947
5,18,2012,-1.065252961
5,21,2012,1.536402754
5,22,2012,-0.394603749
5,23,2012,0.434785953
5,24,2012,-0.6
5,25,2012,0.236008092
5,29,2012,0
5,30,2012,-0.776509089
5,31,2012,-0.067731119
6,1,2012,-0.758882373
6,4,2012,-0.103344812
6,5,2012,0.586611456
6,6,2012,1.868203062
6,7,2012,-1.24877095
6,8,2012,1.148652027
6,11,2012,-2.01453428
6,12,2012,0.801335533
6,13,2012,0.033382303
6,14,2012,0.634817908
6,15,2012,0.890501319
6,18,2012,0.229881766
6,19,2012,0.518806744
6,20,2012,0.289110192
6,21,2012,-2.345001681
6,22,2012,0.032583902
6,25,2012,-0.497512438
6,26,2012,0.033156499
6,27,2012,0.627680872
6,28,2012,0.926848756
6,29,2012,0.317766137
7,2,2012,0.347225379
7,3,2012,0.97453634
7,5,2012,0.063264788
7,6,2012,-0.095782248
7,9,2012,0.289020562
7,10,2012,-1.148691768
7,11,2012,0.064332583
7,12,2012,0.260756193
7,13,2012,1.364072707
7,16,2012,0.224869908
7,17,2012,0.031948883
7,18,2012,1.122154501
7,19,2012,0.252206818
7,20,2012,-0.48
7,23,2012,0.627894911
7,24,2012,-0.986842105
7,25,2012,-0.296345068
7,26,2012,0.289296037
7,27,2012,1.366815047
7,30,2012,0.346996834
7,31,2012,-0.471694983
8,1,2012,-0.565149137
8,2,2012,-0.223638985
8,3,2012,1.254705184
8,6,2012,0.215982721
8,7,2012,0.061068702
8,8,2012,0.675669512
8,9,2012,0.306178812
8,10,2012,0.922509225
8,13,2012,-0.244280916
8,14,2012,-0.030528244
8,15,2012,-0.030631128
8,16,2012,0.609759165
8,17,2012,0
8,20,2012,0.121362261
8,21,2012,-0.210460025
8,22,2012,0.668089888
8,23,2012,-0.302385848
8,24,2012,0.488251449
8,27,2012,-0.242051445
8,28,2012,0.335161487
8,29,2012,-0.091265595
8,30,2012,-0.948296144
8,31,2012,-0.365748236
9,4,2012,-0.276243077
9,5,2012,-0.215463206
9,6,2012,1.683510969
9,7,2012,0.506851505
9,10,2012,-0.476187528
9,11,2012,0.774507
9,12,2012,-0.176113883
9,13,2012,1.765219078
9,14,2012,-0.057262317
9,17,2012,-0.401834099
9,18,2012,0.289933297
9,19,2012,0.144422303
9,20,2012,0.583944526
9,21,2012,-0.547559062
9,24,2012,0.536355765
9,25,2012,-0.917434125
9,26,2012,-0.330830075
9,27,2012,0.539892022
9,28,2012,-0.904156118
10,1,2012,-0.18072891
10,2,2012,-0.508531259
10,3,2012,-0.330929583
10,4,2012,0.540216086
10,5,2012,-0.533333333
10,8,2012,0
10,9,2012,-0.724862557
10,10,2012,-0.304330484
10,11,2012,-0.452892526
10,12,2012,-0.241987289
10,15,2012,0.361984895
10,16,2012,0.534918245
10,17,2012,0.441182353
10,18,2012,0
10,19,2012,-1.002346757
10,22,2012,-0.088701952
10,23,2012,-0.06040773
10,24,2012,-0.51050452
10,25,2012,-0.596658711
10,26,2012,0.090222556
10,31,2012,-0.71706302
11,1,2012,0.538277528
11,2,2012,-0.833838545
11,5,2012,-0.060222826
11,6,2012,0.569724172
11,7,2012,-0.422195416
11,8,2012,-0.638100881
11,9,2012,0.39900857
11,12,2012,-0.122215093
11,13,2012,0.432362556
11,14,2012,-1.408891185
11,15,2012,-0.154604205
11,16,2012,-0.185592318
11,19,2012,0.794870095
11,20,2012,0.517655298
11,21,2012,0.151386623
11,23,2012,0.595418279
11,26,2012,0.327383948
11,27,2012,-0.327189183
11,28,2012,1.410981645
11,29,2012,0.176372722
11,30,2012,0.029314186
12,3,2012,-0.233582482
12,4,2012,-0.08749781
12,5,2012,0.262850452
12,6,2012,-0.087181052
12,7,2012,0.087344983
12,10,2012,0.174729179
12,11,2012,0.05785363
12,12,2012,0.028815904
12,13,2012,-0.17305164
12,14,2012,0.144142408
12,17,2012,0.489343668
12,18,2012,0.427588345
12,19,2012,-0.674918429
12,20,2012,0.398406386
12,21,2012,0.602591139
12,24,2012,-0.114288571
12,26,2012,-0.682208641
12,27,2012,-0.255972696
12,28,2012,-0.229879317
12,31,2012,1.003437471
1,2,2013,0
1,3,2013,-0.337360135
1,4,2013,0.677780288
1,7,2013,0.311085964
1,8,2013,-0.226249994
1,9,2013,0.169545074
1,10,2013,0.251048829
1,11,2013,0
1,14,2013,0.138886111
1,15,2013,0.614871454
1,16,2013,0.111911018
1,17,2013,0.083226077
1,18,2013,-0.055435141
1,22,2013,0.25006945
1,23,2013,0.166890121
1,24,2013,0.276860473
1,25,2013,0.164108311
1,28,2013,-0.328494397
1,29,2013,0.410624156
1,30,2013,-0.027222978
1,31,2013,-0.245421339
2,1,2013,0.108598962
2,4,2013,-0.713104792
2,5,2013,0.16529477
2,6,2013,0.580910065
2,7,2013,-0.551259662
2,8,2013,0.33140846
2,11,2013,0.027550289
2,12,2013,0.496280673
2,13,2013,-0.218216039
2,14,2013,0.303367364
2,15,2013,-0.494222982
2,19,2013,0.273295983
2,20,2013,-1.169116399
2,21,2013,-0.361907036
2,22,2013,0.525875989
2,25,2013,-2.95485097
2,26,2013,-0.334722473
2,27,2013,1.287791117
2,28,2013,-0.082893067
3,1,2013,0.389546477
3,4,2013,0.666672222
3,5,2013,0.082054155
3,6,2013,-0.271884184
3,7,2013,0.027194128
3,8,2013,0.135793047
3,11,2013,0.352880022
3,12,2013,-0.378890382
3,13,2013,0.054483793
3,14,2013,0.596047142
3,15,2013,-0.080664159
3,18,2013,0.054451402
3,19,2013,-0.650764624
3,20,2013,-0.135354633
3,21,2013,-0.08194209
3,22,2013,0.35500001
3,25,2013,-1.306122449
3,26,2013,0.192254875
3,27,2013,0.581875866
3,28,2013,0
4,1,2013,-0.689655172
4,2,2013,0.055005499
4,3,2013,-0.930232584
4,4,2013,0.550500933
4,5,2013,0.915643704
4,8,2013,0.329950518
4,9,2013,0.466131054
4,10,2013,0.568332867
4,11,2013,0.133687159
4,12,2013,0.294987925
4,15,2013,-1.160593823
4,16,2013,0.269913638
4,17,2013,-0.979594558
4,18,2013,-0.493423794
4,19,2013,0.082144031
4,22,2013,0.49247881
4,23,2013,0.567115867
4,24,2013,0.21344984
4,25,2013,0.079485952
4,26,2013,0.238726784
4,29,2013,0.711277679
4,30,2013,0.156785994
5,1,2013,-0.730686326
5,2,2013,0.473933649
5,3,2013,0.311685714
5,6,2013,0.155725413
5,7,2013,-0.025844961
5,8,2013,0.48842671
5,9,2013,-0.437125236
5,10,2013,0.258806943
5,13,2013,0
5,14,2013,0.41322313
5,15,2013,0.489433282
5,16,2013,-0.386202369
5,17,2013,0.696943691
5,20,2013,0.486927217
5,21,2013,0.511901715
5,22,2013,-1.017299084
5,23,2013,1.027946785
5,24,2013,0.449017421
5,28,2013,-0.574117954
5,29,2013,-0.132205182
5,30,2013,0.396830698
5,31,2013,-0.853103218
6,3,2013,0.672223734
6,4,2013,-0.503842495
6,5,2013,-1.10541925
6,6,2013,0.599948219
6,7,2013,1.083429094
6,10,2013,-0.267091353
6,11,2013,0.162993747
6,12,2013,-1.232921436
6,13,2013,1.189826933
6,14,2013,-0.430799688
6,17,2013,-0.318902463
6,18,2013,0.239043812
6,19,2013,-1.776251278
6,20,2013,-1.409624102
6,21,2013,-0.913615751
6,24,2013,0.202484813
6,25,2013,0.428685314
6,26,2013,-0.028326252
6,27,2013,0.168447506
6,28,2013,-0.084207126
7,1,2013,-0.055589216
7,2,2013,-0.306492068
7,3,2013,0.76056338
7,5,2013,-0.443470042
7,8,2013,0.138657789
7,9,2013,-0.247105999
7,10,2013,0.220269824
7,11,2013,0.808636162
7,12,2013,0.161589007
7,15,2013,0.321799401
7,16,2013,0.026781795
7,17,2013,-0.318976617
7,18,2013,0.425985079
7,19,2013,0.266093653
7,22,2013,0.291239079
7,23,2013,-0.079027926
7,24,2013,-0.498957432
7,25,2013,0.87766494
7,26,2013,0.292475398
7,29,2013,-0.026745988
7,30,2013,-0.45272438
7,31,2013,0.456013961
8,1,2013,0.105460058
8,2,2013,0.710526316
8,5,2013,0.262258058
8,6,2013,-0.365628092
8,7,2013,-0.026354771
8,8,2013,0.36716233
8,9,2013,0.130750516
8,12,2013,0.314875353
8,13,2013,0.469483568
8,14,2013,-0.025952257
8,15,2013,0.341478855
8,16,2013,-0.052235569
8,19,2013,-0.62762026
8,20,2013,0.26426797
8,21,2013,-0.55702651
8,22,2013,0.264695613
8,23,2013,0.315040693
8,26,2013,-0.236530887
8,27,2013,-0.506526287
8,28,2013,0.458092146
8,29,2013,0.188121478
8,30,2013,-0.673854484
9,3,2013,-0.450803512
9,4,2013,0.932592617
9,5,2013,0.264757744
9,6,2013,0.131437957
9,9,2013,0.703858167
9,10,2013,0.282485883
9,11,2013,0.590804007
9,12,2013,-0.102530126
9,13,2013,0.333506927
9,16,2013,-0.428972989
9,17,2013,0.279403106
9,18,2013,2.530364372
9,19,2013,-0.542408764
9,20,2013,-0.645646884
9,23,2013,-0.125248002
9,24,2013,-0.075336514
9,25,2013,0.125762079
9,26,2013,0.075128976
9,27,2013,0.100404116
9,30,2013,0.253297872
10,1,2013,0.47956084
10,2,2013,0.353265194
10,3,2013,-0.453403011
10,4,2013,0.303728185
10,7,2013,0.255555833
10,8,2013,-0.839689589
10,9,2013,0.051166835
10,10,2013,0.912087638
10,11,2013,0.527105924
10,14,2013,0.752442958
10,15,2013,-0.224719107
10,16,2013,0.498755636
10,17,2013,0.716051852
10,18,2013,0.268819661
10,21,2013,0.195079258
10,22,2013,0.411520203
10,23,2013,-0.073068678
10,24,2013,0.14545697
10,25,2013,0.024282593
10,28,2013,0.048638133
10,29,2013,0.02426699
10,30,2013,-0.484029526
10,31,2013,-0.341556461
11,1,2013,0
11,4,2013,0.245524184
11,5,2013,0.04943401
11,6,2013,0
11,7,2013,-1.277643703
11,8,2013,0.798005027
11,11,2013,0.074188924
11,12,2013,0.024775824
11,13,2013,1.048170701
11,14,2013,0.469246704
11,15,2013,0.219726568
11,18,2013,-0.5326804
11,19,2013,0.02441514
11,20,2013,-0.828863969
11,21,2013,0.318698203
11,22,2013,0.293262478
11,25,2013,-0.195126829
11,26,2013,0.122366615
11,27,2013,0
11,29,2013,-0.315153939
12,2,2013,-0.365947774
12,3,2013,-0.270805029
12,4,2013,0.524080359
12,5,2013,-0.273828742
12,6,2013,0.445875661
12,9,2013,0.123433726
12,10,2013,0
12,11,2013,-0.865273155
12,12,2013,-0.300598712
12,13,2013,-0.100505028
12,16,2013,-0.024967548
12,17,2013,-0.175128842
12,18,2013,0.796624386
12,19,2013,0.322263262
12,20,2013,0.247713655
12,23,2013,0.294476074
12,24,2013,0.244855534
12,26,2013,0.072899146
12,27,2013,-0.361102543
12,30,2013,0.192636653
12,31,2013,-0.071922802
1,2,2014,-0.582244042
1,3,2014,-0.194784514
1,6,2014,-0.316766561
1,7,2014,0.097302357
1,8,2014,-0.09713696
1,9,2014,-0.170068027
1,10,2014,0.460380422
1,13,2014,-0.460043595
1,14,2014,0.436459727
1,15,2014,0.48286096
1,16,2014,0.048157959
1,17,2014,-0.16859104
1,21,2014,-0.191851314
1,22,2014,0.048033142
1,23,2014,-0.385449308
1,24,2014,-1.300940044
1,27,2014,-0.521998509
1,28,2014,0.447306141
1,29,2014,-0.025036295
1,30,2014,-0.024895418
1,31,2014,0.40660739
2,3,2014,-1.824172743
2,4,2014,0.41036161
2,5,2014,0.230181597
2,6,2014,1.113357794
2,7,2014,0.773265153
2,10,2014,-0.173740378
2,11,2014,1.013096096
2,12,2014,0.171107309
2,13,2014,1.108376902
2,14,2014,0.462960515
2,18,2014,0.120423892
2,19,2014,-0.506509901
2,20,2014,0.485439309
2,21,2014,-0.144371989
2,24,2014,0.431965463
2,25,2014,-0.28646217
2,26,2014,-0.191759343
2,27,2014,0.625756934
2,28,2014,-0.071611365
3,3,2014,-0.412826615
3,4,2014,0.095741984
3,5,2014,-0.023962625
3,6,2014,0
3,7,2014,-0.403326197
3,10,2014,0.023991365
3,11,2014,-0.576235266
3,12,2014,0.438492094
3,13,2014,-1.93704363
3,14,2014,0.273023076
3,17,2014,0.392828382
3,18,2014,0.512953115
3,19,2014,-1.119219033
3,20,2014,0.546453082
3,21,2014,-0.688127321
3,24,2014,-0.516094876
3,25,2014,0.24745855
3,26,2014,-0.710612578
3,27,2014,0.073671413
3,28,2014,-0.048709205
3,31,2014,-0.289922694
4,1,2014,0.216972035
4,2,2014,0.192487965
4,3,2014,-0.264361926
4,4,2014,-0.743410054
4,7,2014,-0.410920967
4,8,2014,0.341211317
4,9,2014,0.578318072
4,10,2014,-1.252700614
4,11,2014,0
4,14,2014,0.122137277
4,15,2014,-0.244553687
4,16,2014,0.388642234
4,17,2014,0.265895583
4,21,2014,-0.048114025
4,22,2014,0.144025444
4,23,2014,-0.167943858
4,24,2014,0
4,25,2014,-0.313019512
4,28,2014,-0.072199761
4,29,2014,0.263917946
4,30,2014,0.335086174
5,1,2014,-0.284492651
5,2,2014,0.047641734
5,5,2014,0.215002384
5,6,2014,-0.166825552
5,7,2014,0.167221687
5,8,2014,-0.119139859
5,9,2014,0.023902032
5,12,2014,0.28530432
5,13,2014,0.094789097
5,14,2014,-0.165680473
5,15,2014,-0.213878317
5,16,2014,0.119026428
5,19,2014,0.33453765
5,20,2014,-0.334525703
5,21,2014,0.381952742
5,22,2014,0.118774352
5,23,2014,0.308644357
5,27,2014,0
5,28,2014,-0.047172168
5,29,2014,0.187876929
5,30,2014,0.140849772
6,2,2014,-0.093523498
6,3,2014,0.164432699
6,4,2014,0.187876929
6,5,2014,0.373919131
6,6,2014,0.372006527
6,9,2014,0.232447699
6,10,2014,0.139602141
6,11,2014,-0.163132137
6,12,2014,-0.325666419
6,13,2014,-0.023332557
6,16,2014,0.257252117
6,17,2014,0.304523315
6,18,2014,0.769943986
6,19,2014,-0.161028292
6,20,2014,-0.069217813
6,23,2014,0.092680723
6,24,2014,-0.469043163
6,25,2014,0.520591601
6,26,2014,0.047125355
6,27,2014,0.377536565
6,30,2014,0.235344776
7,1,2014,0.350305932
7,2,2014,0.162977877
7,3,2014,0.139439929
7,7,2014,-0.046753157
7,8,2014,-0.49365067
7,9,2014,0.425433694
7,10,2014,0.598945827
7,11,2014,0.310190885
7,14,2014,-0.188585582
7,15,2014,-0.354112362
7,16,2014,-0.023510464
7,17,2014,-0.733383014
7,18,2014,0.642245465
7,21,2014,0.309452526
7,22,2014,-0.094341977
7,23,2014,-0.164626058
7,24,2014,-0.070502939
7,25,2014,-0.28242644
7,28,2014,-0.02359198
7,29,2014,-0.470037614
7,30,2014,-0.212266499
7,31,2014,-0.763723114
8,1,2014,-0.193101617
8,4,2014,0.072366138
8,5,2014,-0.630460687
8,6,2014,0.516221731
8,7,2014,-0.952613604
8,8,2014,0.666008864
8,11,2014,0.024444987
8,12,2014,0.024444987
8,13,2014,0.024281204
8,14,2014,0.02417694
8,15,2014,-0.457275583
8,18,2014,0.144476286
8,19,2014,0.192256664
8,20,2014,0.19290571
8,21,2014,0.168107593
8,22,2014,-0.144267853
8,25,2014,0.167702436
8,26,2014,-0.095604685
8,27,2014,-0.047689558
8,28,2014,0.216190242
8,29,2014,0.047998562
9,2,2014,-0.071834295
9,3,2014,-0.166389351
9,4,2014,-0.357400516
9,5,2014,0.311902591
9,8,2014,-0.337105715
9,9,2014,-0.169489108
9,10,2014,0.484615944
9,11,2014,0.121395973
9,12,2014,-0.072830786
9,15,2014,0.024331954
9,16,2014,0.879980445
9,17,2014,-0.364781137
9,18,2014,0.145668855
9,19,2014,-0.556506143
9,22,2014,-0.316381115
9,23,2014,-0.245758178
9,24,2014,0.470175699
9,25,2014,-0.915848965
9,26,2014,0.099653714
9,29,2014,0.176066407
9,30,2014,0.050339794
10,1,2014,-0.657899798
10,2,2014,-0.512418665
10,3,2014,0.206190727
10,6,2014,0.128038416
10,7,2014,-1.054526722
10,8,2014,1.507279106
10,9,2014,-1.757562723
10,10,2014,-1.057085095
10,13,2014,-1.162184333
10,14,2014,-0.477960701
10,15,2014,0.080553164
10,16,2014,1.426611758
10,17,2014,0.079912092
10,20,2014,0.878588901
10,21,2014,0.683485786
10,22,2014,-0.575166013
10,23,2014,0.078119788
10,24,2014,0.259802533
10,27,2014,0.443869463
10,28,2014,0.412583817
10,29,2014,-0.870678639
10,30,2014,1.141668367
10,31,2014,0.329283181
11,3,2014,-0.126965461
11,4,2014,0.128114274
11,5,2014,-0.102225911
11,6,2014,-0.307295783
11,7,2014,0.334960053
11,10,2014,0.076743413
11,11,2014,0.28031599
11,12,2014,0.154006677
11,13,2014,0.281545943
11,14,2014,0.71869355
11,17,2014,0.282343436
11,18,2014,0.406814116
11,19,2014,-0.126868815
11,20,2014,0.384521937
11,21,2014,-0.328109549
11,24,2014,0.050428643
11,25,2014,0.125878647
11,26,2014,0.276243094
11,28,2014,-0.050466817
12,1,2014,-0.227043396
12,2,2014,0.050456611
12,3,2014,0.202424089
12,4,2014,-0.025279394
12,5,2014,0
12,8,2014,-0.304643318
12,9,2014,0.385596381
12,10,2014,-1.078023642
12,11,2014,-0.336528596
12,12,2014,-1.511592429
12,15,2014,-1.92409072
12,16,2014,0.536339487
12,17,2014,0.744876297
12,18,2014,0.652741531
12,19,2014,0.311615181
12,22,2014,0.077798234
12,23,2014,-0.181912682
12,24,2014,0.442598282
12,26,2014,-0.025827952
12,29,2014,0
12,30,2014,-0.20947369
12,31,2014,-0.889586581
1,2,2015,-0.685117241
1,5,2015,-1.073830872
1,6,2015,-1.005167047
1,7,2015,0.381583548
1,8,2015,0.863229026
1,9,2015,-0.508029385
1,12,2015,-0.134344435
1,13,2015,-0.664893652
1,14,2015,0.188273265
1,15,2015,-0.531070101
1,16,2015,1.040552295
1,20,2015,-0.366681509
1,21,2015,0.683129252
1,22,2015,0.601619147
1,23,2015,-0.442713519
1,26,2015,0.701848175
1,27,2015,0.232678387
1,28,2015,-1.239039688
1,29,2015,0.622724426
1,30,2015,-0.702748605
2,2,2015,0.54631375
2,3,2015,0.874935644
2,4,2015,-0.153930221
2,5,2015,0.280471691
2,6,2015,-0.231065463
2,9,2015,0.181297587
2,10,2015,0.231243588
2,11,2015,0.025774684
2,12,2015,0.818833121
2,13,2015,0.4048583
2,17,2015,0.302643112
2,18,2015,0.300608732
2,19,2015,0.049950049
2,20,2015,1.175286263
2,23,2015,0.099356687
2,24,2015,0.570578006
2,25,2015,0.148079961
2,26,2015,-0.148033559
2,27,2015,-0.123302099
3,2,2015,0.098719151
3,3,2015,-0.370548419
3,4,2015,0
3,5,2015,-0.123984621
3,6,2015,-0.699645177
3,9,2015,0.025152201
3,10,2015,-0.714101013
3,11,2015,-0.179025585
3,12,2015,-0.353099604
3,13,2015,0.101962784
3,16,2015,0.353800859
3,17,2015,0.25271165
3,18,2015,1.733675923
3,19,2015,-0.174694285
3,20,2015,0.343811386
3,23,2015,0.048744822
3,24,2015,-0.388632518
3,25,2015,-1.023636389
3,26,2015,-0.198221006
3,27,2015,0.223435954
3,30,2015,-0.074197378
3,31,2015,0.201262893
4,1,2015,0.149817732
4,2,2015,0.173525037
4,6,2015,0.319648405
4,7,2015,-0.414942631
4,8,2015,-0.461384167
4,9,2015,0.048744822
4,10,2015,0.26816431
4,13,2015,-0.58323691
4,14,2015,0.072838069
4,15,2015,0.145107625
4,16,2015,0.120595758
4,17,2015,-0.17040895
4,20,2015,0.024353543
4,21,2015,0.217706821
4,22,2015,0.120566672
4,23,2015,0.870829705
4,24,2015,0.167221687
4,27,2015,-0.142353493
4,28,2015,0.166310287
4,29,2015,-0.143362014
4,30,2015,-0.313255422
5,1,2015,0.312577543
5,4,2015,-0.023945415
5,5,2015,-1.082253435
5,6,2015,-0.362576755
5,7,2015,0.073088918
5,8,2015,0.599232967
5,11,2015,-0.167986569
5,12,2015,0.12033454
5,13,2015,-0.356711067
5,14,2015,0.260111131
5,15,2015,0.378340024
5,18,2015,0.118322296
5,19,2015,-0.047417598
5,20,2015,0.166034156
5,21,2015,0.401981546
5,22,2015,-0.165599716
5,26,2015,-0.789091344
5,27,2015,0.819277108
5,28,2015,0.384707862
5,29,2015,-0.505300758
6,1,2015,-0.506509901
6,2,2015,0.145165732
6,3,2015,0.240794612
6,4,2015,-0.435518972
6,5,2015,0.14764272
6,8,2015,0
6,9,2015,-0.123517787
6,10,2015,0.633996617
6,11,2015,-0.096550809
6,12,2015,0.342138335
6,15,2015,0.542131565
6,16,2015,0.492734664
6,17,2015,0.073795814
6,18,2015,0.711135378
6,19,2015,-0.146201263
6,22,2015,-0.047950133
6,23,2015,0.071750776
6,24,2015,-0.360148842
6,25,2015,-0.431955864
6,26,2015,-0.170687645
6,29,2015,-1.095897828
6,30,2015,-1.24532995
7,1,2015,-0.523427231
7,2,2015,-0.224438914
7,6,2015,0.025520674
7,7,2015,0.693909021
7,8,2015,-0.778611492
7,9,2015,-0.537642075
7,10,2015,0.150107577
7,13,2015,-0.024864462
7,14,2015,0.371926587
7,15,2015,-0.24739734
7,16,2015,-0.073725733
7,17,2015,-0.073844448
7,20,2015,-0.024574938
7,21,2015,-0.024631683
7,22,2015,0.149333001
7,23,2015,-0.545502081
7,24,2015,-0.849575212
7,27,2015,-0.479553268
7,28,2015,0.452934049
7,29,2015,0.426176997
7,30,2015,0.225281596
7,31,2015,-0.420797009
8,3,2015,-0.347823602
8,4,2015,-0.149209156
8,5,2015,-0.074270861
8,6,2015,-0.322503093
8,7,2015,0.224719107
8,10,2015,0.919033826
8,11,2015,-0.19964562
8,12,2015,0.607743702
8,13,2015,0.176542236
8,14,2015,0.353086994
8,17,2015,0.582570922
8,18,2015,-0.177347348
8,19,2015,-0.051140668
8,20,2015,-1.447779214
8,21,2015,-2.261967386
8,24,2015,0.729307112
8,25,2015,-3.331556503
8,26,2015,-1.768748633
8,27,2015,0.775196472
8,28,2015,0.213214286
8,31,2015,-0.187213164
9,1,2015,-0.605732379
9,2,2015,-0.108994547
9,3,2015,-0.217455824
9,4,2015,-0.222413116
9,8,2015,0.353263597
9,9,2015,-1.840979189
9,10,2015,0.515741042
9,11,2015,0.816990718
9,14,2015,0
9,15,2015,0.844459298
9,16,2015,0.643253802
9,17,2015,0.535191344
9,18,2015,-0.54244916
9,21,2015,-0.407392721
9,22,2015,-0.222897749
9,23,2015,-0.613502493
9,24,2015,0.367338242
9,25,2015,-0.584966541
9,28,2015,-1.297233539
9,29,2015,0.057290175
9,30,2015,0.309597532
10,1,2015,-0.279012277
10,2,2015,1.964639294
10,5,2015,0.706527193
10,6,2015,0.29736684
10,7,2015,0
10,8,2015,0.879525586
10,9,2015,-0.131648236
10,12,2015,0.10576679
10,13,2015,-0.106811746
10,14,2015,0.026700481
10,15,2015,0.87231822
10,16,2015,0.262875913
10,19,2015,0.052689675
10,20,2015,-0.052814894
10,21,2015,-0.682778325
10,22,2015,0.763559768
10,23,2015,0.155596469
10,26,2015,-0.207471468
10,27,2015,-0.209319722
10,28,2015,0.209035798
10,29,2015,0.369100975
10,30,2015,-0.262186688
11,2,2015,0.470834423
11,3,2015,0.576069667
11,4,2015,-0.676725699
11,5,2015,-0.392046544
11,6,2015,0.18488906
11,9,2015,-0.530084813
11,10,2015,0.347689231
11,11,2015,-0.317289794
11,12,2015,-0.454297192
11,13,2015,-0.350501483
11,16,2015,1.108407618
11,17,2015,-0.186564499
11,18,2015,0.665601686
11,19,2015,-0.052592691
11,20,2015,-0.524523983
11,23,2015,-0.369976216
11,24,2015,0.720384205
11,25,2015,0.07941239
11,27,2015,-0.052884717
11,30,2015,-0.13227249
12,1,2015,0.315454776
12,2,2015,-0.657721687
12,3,2015,-1.07923132
12,4,2015,1.068082749
12,7,2015,-0.397978254
12,8,2015,0.081218194
12,9,2015,-0.351164236
12,10,2015,-0.378171259
12,11,2015,-0.549140612
12,14,2015,-0.192466324
12,15,2015,-0.082264873
12,16,2015,0.786123632
12,17,2015,-1.076721342
12,18,2015,-0.547045937
12,21,2015,-0.465249029
12,22,2015,0.466131054
12,23,2015,0.812135918
12,24,2015,0.053879312
12,28,2015,-0.161771367
12,29,2015,0.187416342
12,30,2015,-0.321634942
12,31,2015,-0.783563944
1,4,2016,0.166150646
1,5,2016,0.138578152
1,6,2016,0.282731136
1,7,2016,-0.286541531
1,8,2016,-1.771943311
1,11,2016,-0.661870504
1,12,2016,-0.373673459
1,13,2016,-2.149613131
1,14,2016,0.7584656
1,15,2016,-0.179646696
1,19,2016,-0.854944036
1,20,2016,-0.303391999
1,21,2016,1.161017415
1,22,2016,0.471837216
1,25,2016,-0.797624862
1,26,2016,1.18377623
1,27,2016,-0.439619005
1,28,2016,-0.669979571
1,29,2016,1.314243498
2,1,2016,0.639526126
2,2,2016,-0.994733762
2,3,2016,0.323244206
2,4,2016,0.58806531
2,5,2016,-1.115026343
2,8,2016,-0.27124774
2,9,2016,0.893961187
2,10,2016,-0.669102778
2,11,2016,-0.092988226
2,12,2016,1.362238432
2,16,2016,0.180120079
2,17,2016,1.10119947
2,18,2016,-0.763131787
2,19,2016,0.536193029
2,22,2016,0.500141189
2,23,2016,-0.943674432
2,24,2016,1.300668442
2,25,2016,0.683300654
2,26,2016,-0.734861846
2,29,2016,-0.326122146
3,1,2016,1.17337049
3,2,2016,0.812769207
3,3,2016,0.77518227
3,4,2016,0.084886814
3,7,2016,0.913763564
3,8,2016,-0.568992855
3,9,2016,0.028492448
3,10,2016,-0.96018074
3,11,2016,0.699692135
3,14,2016,0.027871274
3,15,2016,0.028278203
3,16,2016,1.649138564
3,17,2016,0.923082517
3,18,2016,-0.110929004
3,21,2016,0.055666574
3,22,2016,0.560070024
3,23,2016,-0.782120134
3,24,2016,0.455451168
3,28,2016,-0.224787862
3,29,2016,1.497169407
3,30,2016,-0.110378029
3,31,2016,-0.499168039
4,1,2016,0.938827827
4,4,2016,-0.505902164
4,5,2016,-0.143716581
4,6,2016,1.204122672
4,7,2016,-0.599825798
4,8,2016,0
4,11,2016,-0.616065545
4,12,2016,0.670572767
4,13,2016,0.273967123
4,14,2016,-0.217870364
4,15,2016,-0.245700239
4,18,2016,1.069076206
4,19,2016,0.294106936
4,20,2016,0.080016
4,21,2016,-0.506809789
4,22,2016,-0.026821353
4,25,2016,-0.026934268
4,26,2016,-0.080469423
4,27,2016,0.430683691
4,28,2016,-0.162637576
4,29,2016,-0.460959857
5,2,2016,0.02702513
5,3,2016,-0.736285832
5,4,2016,-0.360213356
5,5,2016,-0.166718524
5,6,2016,0.642814439
5,9,2016,-0.499032437
5,10,2016,0.635531932
5,11,2016,-0.220756058
5,12,2016,-0.796257595
5,13,2016,-0.362523693
5,16,2016,0.836350734
5,17,2016,-0.498063102
5,18,2016,0
5,19,2016,0.028024103
5,20,2016,0.055555556
5,23,2016,0
5,24,2016,0.636939888
5,25,2016,0.437876288
5,26,2016,-0.13576703
5,27,2016,-0.08160501
5,31,2016,-0.786123632
6,1,2016,0.329136049
6,2,2016,0.577237477
6,3,2016,0.326449963
6,6,2016,0.378477947
6,7,2016,-0.026718334
6,8,2016,-0.026643579
6,9,2016,-0.080881639
6,10,2016,-0.93406863
6,13,2016,-0.196573991
6,14,2016,-0.518137564
6,15,2016,-0.200803207
6,16,2016,1.516919531
6,17,2016,0.515021444
6,20,2016,-0.718028189
6,21,2016,0.138197899
6,22,2016,-0.413001101
6,23,2016,0.5961978
6,24,2016,-0.409114541
6,27,2016,-0.59488699
6,28,2016,0.439112998
6,29,2016,0.431285234
6,30,2016,1.057442066
7,1,2016,0.141282852
7,5,2016,-0.856161505
7,6,2016,1.105618304
7,7,2016,-0.717360156
7,8,2016,0.314558184
7,11,2016,0.19723583
7,12,2016,0.0832695
7,13,2016,-0.221550811
7,14,2016,0
7,15,2016,-0.193210047
7,18,2016,0.248962642
7,19,2016,-0.111144756
7,20,2016,0.165966796
7,21,2016,-0.055340345
7,22,2016,-0.193316769
7,25,2016,-0.331488941
7,26,2016,0.055202871
7,27,2016,-0.054899808
7,28,2016,0.082460141
7,29,2016,0.299566985
8,1,2016,-0.407943976
8,2,2016,-0.437155762
8,3,2016,0.387165376
8,4,2016,0.164600819
8,5,2016,0.328584337
8,8,2016,0.054425691
8,9,2016,0.297699586
8,10,2016,-0.401716658
8,11,2016,0.267599686
8,12,2016,-0.373231158
8,15,2016,0.053321784
8,16,2016,-0.053390284
8,17,2016,0.240966546
8,18,2016,0.480640842
8,19,2016,0.241545907
8,22,2016,0.348995973
8,23,2016,-0.292167315
8,24,2016,-0.319571247
8,25,2016,0.026815014
8,26,2016,-0.909334071
8,29,2016,0.513510811
8,30,2016,-0.295540024
8,31,2016,-0.296575896
9,1,2016,0.295860678
9,2,2016,0.106290191
9,6,2016,0.528672983
9,7,2016,-0.34067348
9,8,2016,-0.157845312
9,9,2016,-1.275575305
9,12,2016,1.518432714
9,13,2016,-0.842622972
9,14,2016,0
9,15,2016,0.93304064
9,16,2016,-0.1374354
9,19,2016,-0.46271636
9,20,2016,-0.433719177
9,21,2016,0.780832008
9,22,2016,-0.421496323
9,23,2016,-0.160002667
9,26,2016,-0.107674288
9,27,2016,0.838293672
9,28,2016,0.642049207
9,29,2016,-1.06496536
9,30,2016,0.321799401
10,3,2016,-0.026768408
10,4,2016,-0.613985601
10,5,2016,0.160559276
10,6,2016,-0.026858216
10,7,2016,-0.269609059
10,10,2016,0.405506872
10,11,2016,-0.974028706
10,12,2016,-0.082020225
10,13,2016,0.746271421
10,14,2016,-0.572360332
10,17,2016,-0.082312755
10,18,2016,-0.16272851
10,19,2016,0.244236106
10,20,2016,0.298661401
10,21,2016,0.463346974
10,24,2016,-0.243905136
10,25,2016,0
10,26,2016,0
10,27,2016,-0.408602572
10,28,2016,0.08217749
10,31,2016,0
11,1,2016,-0.709021037
11,2,2016,-0.659708613
11,3,2016,-0.495867782
11,4,2016,-0.306150849
11,7,2016,0.193153963
11,8,2016,0.608076285
11,9,2016,0.888395336
11,10,2016,-0.330211888
11,11,2016,-0.249861188
11,14,2016,0.252242152
11,15,2016,0.727685418
11,16,2016,-0.056053812
11,17,2016,0.2233445
11,18,2016,-0.252301668
11,21,2016,0.447800168
11,22,2016,0
11,23,2016,0.588892316
11,25,2016,-0.111175653
11,28,2016,-0.25069915
11,29,2016,0.530424344
11,30,2016,-0.442967897
12,1,2016,-0.278015005
12,2,2016,0.474865935
12,5,2016,0.248893805
12,6,2016,0.578669039
12,7,2016,0.927950353
12,8,2016,0.162373473
12,9,2016,0.270121556
12,12,2016,-0.134950071
12,13,2016,0.295064386
12,14,2016,-1.394101914
12,15,2016,0.245700239
12,16,2016,0.10902426
12,19,2016,-0.081674381
12,20,2016,0.108864991
12,21,2016,-0.081505024
12,22,2016,-0.246778167
12,23,2016,0.137322164
12,27,2016,-0.16452152
12,28,2016,-0.274420974
12,29,2016,0.109802361
12,30,2016,-0.544368506
1,3,2017,0.13616285
1,4,2017,0.703468634
1,5,2017,0.616288853
1,6,2017,0
1,9,2017,0.053633681
1,10,2017,0
1,11,2017,0.83110458
1,12,2017,-0.132661187
1,13,2017,0.265390127
1,17,2017,-0.132520541
1,18,2017,-0.186279926
1,19,2017,0.026713866
1,20,2017,0.186418114
1,23,2017,0.26596544
1,24,2017,0.58448992
1,25,2017,0.525903248
1,26,2017,-0.261706366
1,27,2017,-0.131337011
1,30,2017,0.053008216
1,31,2017,0.0528262
2,1,2017,-0.236220485
2,2,2017,-0.05250722
2,3,2017,0.209693305
2,6,2017,0.184794082
2,7,2017,0.105588698
2,8,2017,0.158233131
2,9,2017,0.183968467
2,10,2017,0.367258667
2,13,2017,-0.02602968
2,14,2017,0.13044351
2,15,2017,0.732212305
2,16,2017,0.181674025
2,17,2017,0.208392816
2,21,2017,0.415797817
2,22,2017,0.337840437
2,23,2017,-0.2063932
2,24,2017,0.156691038
2,27,2017,0.235109724
2,28,2017,-0.156497131
3,1,2017,0.337492212
3,2,2017,-0.259667632
3,3,2017,0.442357533
3,6,2017,0
3,7,2017,0
3,8,2017,-0.469361172
3,9,2017,0.13062435
3,10,2017,0.103656388
3,13,2017,0.284237719
3,14,2017,-0.07781842
3,15,2017,1.29466601
3,16,2017,-0.076321545
3,17,2017,-0.050815547
3,20,2017,-0.076233803
3,21,2017,-1.31280229
3,22,2017,0.384706315
3,23,2017,0.383636848
3,24,2017,0.076596889
3,27,2017,0.408893422
3,28,2017,0.304963167
3,29,2017,0.45765571
3,30,2017,-0.101525376
3,31,2017,0.229533288
4,3,2017,0.050958203
4,4,2017,0.40941656
4,5,2017,-0.484451798
4,6,2017,0.025613317
4,7,2017,0.025635897
4,10,2017,0.076957414
4,11,2017,0.102215689
4,12,2017,0.051124746
4,13,2017,-0.358698446
4,17,2017,0.255683962
4,18,2017,0.154167531
4,19,2017,-0.614759206
4,20,2017,0.025556976
4,21,2017,0.076645378
4,24,2017,0.200245302
4,25,2017,0.198960463
4,26,2017,-0.149258703
4,27,2017,-0.124221118
4,28,2017,-0.099480231
5,1,2017,0.074531677
5,2,2017,0.272209849
5,3,2017,-0.049495174
5,4,2017,0.394866732
5,5,2017,0.908641923
5,8,2017,-0.097696632
5,9,2017,-0.14672781
5,10,2017,0.073416543
5,11,2017,0.147241718
5,12,2017,0.342727067
5,15,2017,0.218767628
5,16,2017,0.048288269
5,17,2017,-0.655180797
5,18,2017,0.440744368
5,19,2017,0.460055701
5,22,2017,0.048090426
5,23,2017,-0.311820588
5,24,2017,0.337277781
5,25,2017,-0.071991844
5,26,2017,0.192998789
5,30,2017,0.096574123
5,31,2017,-0.335890115
6,1,2017,0.311827784
6,2,2017,0.285042769
6,5,2017,0.023797288
6,6,2017,0.167184145
6,7,2017,-0.214285714
6,8,2017,0.19152023
6,9,2017,0.047987044
6,12,2017,-0.07211058
6,13,2017,0.167221687
6,14,2017,-0.711235183
6,15,2017,0.412026195
6,16,2017,0.456616187
6,19,2017,0.04770093
6,20,2017,-0.597800096
6,21,2017,0.024361598
6,22,2017,0.073000004
6,23,2017,0.267574793
6,26,2017,-0.409939706
6,27,2017,-0.096784413
6,28,2017,0.482395091
6,29,2017,-0.746081847
6,30,2017,-0.169120565
7,3,2017,-0.121092271
7,5,2017,0.291684499
7,6,2017,0
7,7,2017,0.219565737
7,10,2017,0.194794254
7,11,2017,0.413519815
7,12,2017,0.313106936
7,13,2017,0.143852797
7,14,2017,0.381770461
7,17,2017,0
7,18,2017,0.142757558
7,19,2017,0.260789474
7,20,2017,0.094364239
7,21,2017,0.118287201
7,24,2017,0.118518609
7,25,2017,-0.353602091
7,26,2017,0.401232013
7,27,2017,-0.563111229
7,28,2017,0.33112347
7,31,2017,0.094177064
8,1,2017,-0.163475012
8,2,2017,-0.046783626
8,3,2017,-0.046851723
8,4,2017,0
8,7,2017,0.234406939
8,8,2017,-0.374707251
8,9,2017,0.307330977
8,10,2017,-0.923949323
8,11,2017,-0.047814963
8,14,2017,0
8,15,2017,0.02378597
8,16,2017,0.331910858
8,17,2017,-0.829578119
8,18,2017,0.047687173
8,21,2017,-0.047632767
8,22,2017,0.237637821
8,23,2017,0.404477764
8,24,2017,-0.213068172
8,25,2017,0.212718029
8,28,2017,-0.09424364
8,29,2017,0.18984813
8,30,2017,-0.047415837
8,31,2017,0.425129901
9,1,2017,-0.280905892
9,5,2017,-0.423828575
9,6,2017,0.188142051
9,7,2017,0.023292967
9,8,2017,-0.209156407
9,11,2017,0.092542802
9,12,2017,0.023068759
9,13,2017,-0.323398006
9,14,2017,0.441035263
9,15,2017,-0.046178711
9,18,2017,-0.184157463
9,19,2017,0.045926522
9,20,2017,-0.322429771
9,21,2017,0.046307017
9,22,2017,-0.092265287
9,25,2017,-0.162074558
9,26,2017,-0.162677206
9,27,2017,0.209643606
9,28,2017,0.278808079
9,29,2017,0.300372003
10,2,2017,0.184847509
10,3,2017,0.299532244
10,4,2017,0
10,5,2017,0.115311344
10,6,2017,0.254337572
10,9,2017,-0.138116946
10,10,2017,0.274848832
10,11,2017,0.228149659
10,12,2017,0.045547711
10,13,2017,-0.045270548
10,16,2017,-0.067961035
10,17,2017,0.045455783
10,18,2017,0.068086698
10,19,2017,0.273408528
10,20,2017,-0.06821055
10,23,2017,-0.295658397
10,24,2017,0
10,25,2017,-0.432316259
10,26,2017,-0.319267974
10,27,2017,0.343016236
10,30,2017,0.571689915
10,31,2017,0.135995017
11,1,2017,-0.270277015
11,2,2017,0.225884346
11,3,2017,-0.090144244
11,6,2017,0.338910996
11,7,2017,-0.180428507
11,8,2017,0.180306517
11,9,2017,0.204269174
11,10,2017,-0.06807125
11,13,2017,0.527039425
11,14,2017,0.068500002
11,15,2017,0.321984821
11,16,2017,0.227587625
11,17,2017,-0.045568468
11,20,2017,-0.090932026
11,21,2017,0.09039774
11,22,2017,-0.067465706
11,24,2017,-0.089358806
11,27,2017,-0.514884733
11,28,2017,0.179448175
11,29,2017,-0.492275688
11,30,2017,-0.179206993
12,1,2017,0.022516885
12,4,2017,-0.651102365
12,5,2017,-0.293323556
12,6,2017,0
12,7,2017,0
12,8,2017,0.045098085
12,11,2017,0
12,12,2017,0
12,13,2017,0.201838977
12,14,2017,-0.380819901
12,15,2017,-0.022501687
12,18,2017,0.111383384
12,19,2017,-0.111480495
12,20,2017,-0.289536735
12,21,2017,0.135078799
12,22,2017,0.247302158
12,26,2017,0.044854193
12,27,2017,0
12,28,2017,-0.155832598
12,29,2017,-0.421749177
1,2,2018,0.46624999
1,3,2018,0.485539605
1,4,2018,0.152605192
1,5,2018,0.217105944
1,8,2018,0.043365135
1,9,2018,0.086694844
1,10,2018,-0.19501841
1,11,2018,0.411529149
1,12,2018,0.580270806
1,16,2018,-0.425987211
1,17,2018,0.213215343
1,18,2018,0.106744236
1,19,2018,-0.042446945
1,22,2018,0.424169653
1,23,2018,0.210966236
1,24,2018,-0.292946217
1,25,2018,-0.752508361
1,26,2018,0.440534946
1,29,2018,-0.210353382
1,30,2018,-0.380863325
1,31,2018,-0.57129922
2,1,2018,0.404950998
2,2,2018,-1.158054875
2,5,2018,-2.835167033
2,6,2018,2.245911876
2,7,2018,-0.403225815
2,8,2018,-2.71482836
2,9,2018,-0.045787546
2,12,2018,0.682756046
2,13,2018,0.25022976
2,14,2018,2.439024446
2,15,2018,0.044240213
2,16,2018,0.265074
2,20,2018,-0.266368485
2,21,2018,-0.73187403
2,22,2018,-0.022237545
2,23,2018,0.531448184
2,26,2018,0.416936581
2,27,2018,-0.988787123
2,28,2018,-1.240314452
3,1,2018,-0.766629121
3,2,2018,0.822293303
3,5,2018,1.164115472
3,6,2018,-0.156387406
3,7,2018,0.472651362
3,8,2018,-0.066962055
3,9,2018,0.467807985
3,12,2018,0.066457689
3,13,2018,-0.94881068
3,14,2018,-0.574971239
3,15,2018,-0.111108889
3,16,2018,0.111505352
3,19,2018,-0.469483568
3,20,2018,0.112341052
3,21,2018,0.382017978
3,22,2018,-0.791861973
3,23,2018,-1.41133394
3,26,2018,0.273970326
3,27,2018,-1.269261135
3,28,2018,-0.182435584
3,29,2018,0.340140605
4,2,2018,-1.08917631
4,3,2018,0.136770005
4,4,2018,1.592060452
4,5,2018,0.293920416
4,6,2018,-0.654777587
4,9,2018,-0.112534324
4,10,2018,0.178606828
4,11,2018,-0.089487694
4,12,2018,0.245977186
4,13,2018,-0.266732595
4,16,2018,-0.155484229
4,17,2018,0.266309359
4,18,2018,0.176332382
4,19,2018,-0.41822144
4,20,2018,-0.133101148
4,23,2018,-0.088862479
4,24,2018,-0.709691728
4,25,2018,0.112055135
4,26,2018,0.133513577
4,27,2018,0.088871366
4,30,2018,-0.42222
5,1,2018,-0.200626389
5,2,2018,-0.511793514
5,3,2018,0.044662797
5,4,2018,1.010783917
5,7,2018,0.044503784
5,8,2018,0.312358322
5,9,2018,0.356028045
5,10,2018,0.331340844
5,11,2018,-0.153584899
5,14,2018,-0.218864089
5,15,2018,-0.022118531
5,16,2018,0.154591435
5,17,2018,0.088166191
5,18,2018,-0.06625221
5,21,2018,0.109912064
5,22,2018,-0.241124512
5,23,2018,0.289212452
5,24,2018,-0.155555556
5,25,2018,-0.022374133
5,29,2018,-0.545208996
5,30,2018,0.702952413
5,31,2018,-0.293455989
6,1,2018,-0.022462369
6,4,2018,-0.312219001
6,5,2018,-0.134191459
6,6,2018,0.490957365
6,7,2018,-0.687670777
6,8,2018,0.156317556
6,11,2018,0.26654598
6,12,2018,-0.399644751
6,13,2018,-0.222318808
6,14,2018,-0.222863834
6,15,2018,-0.022491567
6,18,2018,0.363719011
6,19,2018,0.298569125
6,20,2018,-0.318915703
6,21,2018,-0.343962386
6,22,2018,-0.252933996
6,25,2018,-0.650404196
6,26,2018,-0.093329443
6,27,2018,-1.095575706
6,28,2018,0.400853572
6,29,2018,-0.02329993
7,2,2018,0.473477724
7,3,2018,-0.49135
7,5,2018,-0.163284352
7,6,2018,0.44288576
7,9,2018,0.092083335
7,10,2018,0.207182325
7,11,2018,-0.558005141
7,12,2018,0.25569735
7,13,2018,0.348032499
7,16,2018,-0.023115322
7,17,2018,0.370797202
7,18,2018,0.208140601
7,19,2018,0.255578526
7,20,2018,0.462858145
7,23,2018,-0.046127766
7,24,2018,-0.160254121
7,25,2018,0.710515684
7,26,2018,-0.159717081
7,27,2018,-0.250115962
7,30,2018,-0.295658397
7,31,2018,-0.227373806
8,1,2018,-0.273655657
8,2,2018,0.416476159
8,3,2018,0.415896498
8,6,2018,0.115738423
8,7,2018,0.740738409
8,8,2018,0.045978384
8,9,2018,-0.298441224
8,10,2018,-0.234132527
8,13,2018,-0.235289412
8,14,2018,0
8,15,2018,-0.238604152
8,16,2018,0.0950951
8,17,2018,0.689002138
8,20,2018,0.117626446
8,21,2018,-0.023332557
8,22,2018,0.069732682
8,23,2018,-0.210182158
8,24,2018,0.232824209
8,27,2018,0.576169638
8,28,2018,-0.457249636
8,29,2018,0.481980721
8,30,2018,-0.138094358
8,31,2018,-0.138955535
9,4,2018,0.234794553
9,5,2018,-0.188461715
9,6,2018,-0.141906342
9,7,2018,0.07169176
9,10,2018,-0.189613657
9,11,2018,0.500474273
9,12,2018,0.331672597
9,13,2018,-0.304095906
9,14,2018,-0.163627867
9,17,2018,-0.303173967
9,18,2018,0.301899668
9,19,2018,0.231262709
9,20,2018,0.160034286
9,21,2018,0.068506507
9,24,2018,-0.388123297
9,25,2018,-0.272973164
9,26,2018,0.091619331
9,27,2018,-0.045862387
9,28,2018,0.046242775
10,1,2018,-0.161104714
10,2,2018,0.162674882
10,3,2018,-0.370456133
10,4,2018,-0.56180008
10,5,2018,-0.283083281
10,8,2018,0.622312126
10,9,2018,0.697117822
10,10,2018,-1.916633832
10,11,2018,-1.029669011
10,12,2018,-0.417285203
10,15,2018,0.123606919
10,16,2018,0.463308972
10,17,2018,-0.292181641
10,18,2018,-1.05573533
10,19,2018,0.123576375
10,22,2018,-0.518132261
10,23,2018,0.706532912
10,24,2018,-2.192537802
10,25,2018,0.40941656
10,26,2018,0.568624982
10,29,2018,-1.424576407
10,30,2018,0.874263329
10,31,2018,-0.050545868
11,1,2018,0.451243431
11,2,2018,-0.716582636
11,5,2018,0.024901618
11,6,2018,0.422880586
11,7,2018,0.393023837
11,8,2018,-0.516348685
11,9,2018,-0.024892982
11,12,2018,-1.052636539
11,13,2018,0.075765155
11,14,2018,-0.576451099
11,15,2018,0.938369262
11,16,2018,0.707783096
11,19,2018,-0.75358702
11,20,2018,-0.462012332
11,21,2018,0.254771975
11,23,2018,0.153730468
11,26,2018,0.151663292
11,27,2018,0.152132357
11,28,2018,1.391355967
11,29,2018,0.050163031
11,30,2018,0.201668777
12,3,2018,-0.198221006
12,4,2018,-2.021467432
12,6,2018,0.881971489
12,7,2018,-1.155920884
12,10,2018,-0.391637086
12,11,2018,-0.830950446
12,12,2018,-0.025768042
12,13,2018,-0.308957261
12,14,2018,-0.209043637
12,17,2018,-0.864095336
12,18,2018,-0.341827514
12,19,2018,-1.497632646
12,20,2018,-0.532625846
12,21,2018,-1.293797913
12,24,2018,-1.240013744
12,26,2018,1.941750401
12,27,2018,1.29440371
12,28,2018,-0.430338892
12,31,2018,-0.375950571
1,2,2019,1.118995664
1,3,2019,-0.487408611
1,4,2019,1.527740511
1,7,2019,0.237404379
1,8,2019,-0.234621996
1,9,2019,0.284755364
1,10,2019,0.829445265
1,11,2019,0.051762424
1,14,2019,0.339152082
1,15,2019,0.259075143
1,16,2019,0.206499731
1,17,2019,0.90674357
1,18,2019,0.101695901
1,22,2019,-0.487812568
1,23,2019,-0.256021499
1,24,2019,0.102635358
1,25,2019,0.228368434
1,28,2019,0.331804492
1,29,2019,-0.202536709
1,30,2019,0.631153733
1,31,2019,0.22624435
2,1,2019,0.050203362
2,4,2019,0.502641355
2,5,2019,0.273631834
2,6,2019,-0.348345368
2,7,2019,-0.503273754
2,8,2019,0.3310466
2,11,2019,-0.203050751
2,12,2019,0.251630586
2,13,2019,-0.325167584
2,14,2019,0
2,15,2019,0.547674909
2,19,2019,0.744599138
2,20,2019,0.295345796
2,21,2019,-0.073741396
2,22,2019,0.04904365
2,25,2019,-0.243721673
2,26,2019,0.292820888
2,27,2019,-0.146229592
2,28,2019,-0.244506101
3,1,2019,-0.048699781
3,4,2019,-0.462519452
3,5,2019,0.12233668
3,6,2019,-0.39062501
3,7,2019,-0.885826793
3,8,2019,0.549867561
3,11,2019,0.819463621
3,12,2019,0
3,13,2019,0.367912681
3,14,2019,0.048947625
3,15,2019,0.364613524
3,18,2019,0.217706821
3,19,2019,-0.335890115
3,20,2019,0.2657671
3,21,2019,0.654230676
3,22,2019,-0.755169324
3,25,2019,0.196758485
3,26,2019,-0.170479782
3,27,2019,-0.316612267
3,28,2019,0.0245555
3,29,2019,-0.073356965
4,1,2019,0.363641212
4,2,2019,0.193475221
4,3,2019,0.095902664
4,4,2019,0.120132151
4,5,2019,0.264096026
4,8,2019,0.071846268
4,9,2019,-0.264108031
4,10,2019,0.1921643
4,11,2019,-0.095985126
4,12,2019,0.047712311
4,15,2019,-0.023831308
4,16,2019,-0.189983372
4,17,2019,-0.236973928
4,18,2019,0.047619048
4,22,2019,0.095376731
4,23,2019,0.429594252
4,24,2019,-0.286882606
4,25,2019,0.216398173
4,26,2019,0.215568862
4,29,2019,0.262594898
4,30,2019,0.119101953
5,1,2019,-0.807792825
5,2,2019,-0.35868484
5,3,2019,0.477557295
5,6,2019,1.091438273
5,7,2019,-0.774815999
5,8,2019,0.121978525
5,9,2019,0.51814213
5,10,2019,0.588663233
5,13,2019,-0.471695642
5,14,2019,0.27254707
5,15,2019,1.069122301
5,16,2019,0.294269257
5,17,2019,0.073816439
5,20,2019,0.049421793
5,21,2019,0.171987711
5,22,2019,0.049275684
5,23,2019,0.099604084
5,24,2019,0.024619551
5,28,2019,-0.910430633
5,29,2019,0.050025013
5,30,2019,0.199655603
5,31,2019,0.47918787
6,3,2019,0.200405822
6,4,2019,0.545908202
6,5,2019,-0.466942749
6,6,2019,0.073816439
6,7,2019,0.390339088
6,10,2019,0.121327351
6,11,2019,-0.360495065
6,12,2019,-0.363367257
6,13,2019,-0.145588453
6,14,2019,-0.097778049
6,17,2019,0.04947069
6,18,2019,0.638031902
6,19,2019,0.389483915
6,20,2019,-0.311230548
6,21,2019,0.024112825
6,24,2019,-0.072157284
6,25,2019,-0.601250572
6,26,2019,-0.168878162
6,27,2019,0
6,28,2019,0.095994725
7,1,2019,-0.49869151
7,2,2019,0.095253627
7,3,2019,0.071054001
7,5,2019,0.047687173
7,8,2019,0.120016803
7,9,2019,0.314154173
7,10,2019,-0.167622134
7,11,2019,-0.239229671
7,12,2019,0.143921807
7,15,2019,-0.095627535
7,16,2019,-0.239815342
7,17,2019,-0.407769259
7,18,2019,0.67697774
7,19,2019,-0.192025924
7,22,2019,-0.024025942
7,23,2019,0.071716468
7,24,2019,0.287422754
7,25,2019,-0.813591749
7,26,2019,-0.07211058
7,29,2019,-0.19211816
7,30,2019,-0.097184159
7,31,2019,-0.680597975
8,1,2019,-0.391580999
8,2,2019,-0.443786971
8,5,2019,-1.031187175
8,6,2019,-0.050454088
8,7,2019,0.938845471
8,8,2019,0.752068206
8,9,2019,-0.299845077
8,12,2019,-0.377733578
8,13,2019,1.16484927
8,14,2019,-0.867125755
8,15,2019,-0.076959979
8,16,2019,0.561370262
8,19,2019,-0.20135414
8,20,2019,-0.327696008
8,21,2019,-0.200255314
8,22,2019,-0.276104418
8,23,2019,-0.959104012
8,26,2019,-0.050494952
8,27,2019,-0.477862197
8,28,2019,0.380426072
8,29,2019,-0.025070174
8,30,2019,-0.223992036
9,3,2019,0.276243094
9,4,2019,0.297257872
9,5,2019,0.024501347
9,6,2019,0.048914161
9,9,2019,-0.097482332
9,10,2019,0.390720381
9,11,2019,0.339640943
9,12,2019,0.531917299
9,13,2019,0
9,16,2019,-0.192534301
9,17,2019,0.555553113
9,18,2019,-0.072199761
9,19,2019,-0.191527412
9,20,2019,-0.359286228
9,23,2019,0.410930636
9,24,2019,-0.724810358
9,25,2019,0.342463299
9,26,2019,-0.194217048
9,27,2019,-0.462059836
9,30,2019,0.292976081
10,1,2019,-0.683100723
10,2,2019,-0.820278399
10,3,2019,0.701749338
10,4,2019,0.771533101
10,7,2019,0
10,8,2019,-0.397812024
10,9,2019,0.123974703
10,10,2019,0.668813492
10,11,2019,0.218234713
10,14,2019,0.097231407
10,15,2019,0.67697774
10,16,2019,0.144188893
10,17,2019,-0.238782229
10,18,2019,0.143993287
10,21,2019,-0.047598193
10,22,2019,-0.309378867
10,23,2019,0.405539141
10,24,2019,-0.142115108
10,25,2019,0.380680475
10,28,2019,0.212816264
10,29,2019,0.260542391
10,30,2019,0.425330813
10,31,2019,0.04719443
11,1,2019,0.257794716
11,4,2019,-0.162497671
11,5,2019,-0.023245758
11,6,2019,-0.116249715
11,7,2019,-0.161959737
11,8,2019,0.232779335
11,11,2019,0.326490198
11,12,2019,-0.046457609
11,13,2019,0.280568155
11,14,2019,0.30423824
11,15,2019,0.349076091
11,18,2019,0.232175528
11,19,2019,-0.462002761
11,20,2019,-0.116602143
11,21,2019,-0.070091123
11,22,2019,-0.256231074
11,25,2019,0.278882182
11,26,2019,0.162372996
11,27,2019,0.138753463
11,29,2019,-0.116222687
12,2,2019,-0.418994423
12,3,2019,0.54258081
12,4,2019,0.27992303
12,5,2019,-0.185912159
12,6,2019,0.115553501
12,9,2019,-0.346905627
12,10,2019,0.116060812
12,11,2019,0.486559314
12,12,2019,0.760714597
12,13,2019,0.091076962
12,16,2019,0.022534355
12,17,2019,0
12,18,2019,-0.067932518
12,19,2019,0.158730166
12,20,2019,-0.090327464
12,23,2019,0.136990871
12,24,2019,-0.068410493
12,26,2019,0.273343951
12,27,2019,-0.226046554
12,30,2019,-0.837291261
