1,2,2008,-1.038698767
1,3,2008,0.011517559
1,4,2008,-0.562449476
1,7,2008,1.777051614
1,8,2008,-0.417979002
1,9,2008,1.224769789
1,10,2008,-0.168494726
1,11,2008,-1.337789342
1,14,2008,-0.123971595
1,15,2008,-0.511650955
1,16,2008,-1.226781687
1,17,2008,-4.025372688
1,18,2008,-1.984691559
1,22,2008,2.418523021
1,23,2008,7.748980193
1,24,2008,-2.643115777
1,25,2008,-3.530283071
1,28,2008,1.706576734
1,29,2008,-0.669975203
1,30,2008,-0.797506542
1,31,2008,2.995831083
2,1,2008,1.383952201
2,4,2008,1.044546752
2,5,2008,-2.172092832
2,6,2008,-1.2624436
2,7,2008,0.558516818
2,8,2008,-1.006011508
2,11,2008,-1.493618737
2,12,2008,0.048930887
2,13,2008,-1.807078789
2,14,2008,-0.837981581
2,15,2008,0.270903833
2,19,2008,-1.184293656
2,20,2008,0.393264088
2,21,2008,-1.482841948
2,22,2008,0.582839789
2,25,2008,0.196651915
2,26,2008,1.020902791
2,27,2008,-1.460383387
2,28,2008,-0.33474459
2,29,2008,-1.728679651
3,3,2008,1.270694326
3,4,2008,1.379228159
3,5,2008,-0.360249689
3,6,2008,-1.983043153
3,7,2008,0.526108046
3,10,2008,-0.460359353
3,11,2008,1.499747077
3,12,2008,-2.52743555
3,13,2008,1.357752017
3,14,2008,-1.542903894
3,17,2008,2.614632734
3,18,2008,0.683459039
3,19,2008,-2.375299472
3,20,2008,1.281384901
3,24,2008,-0.293745838
3,25,2008,0
3,26,2008,0.452427605
3,27,2008,-0.696470803
3,28,2008,-3.025375748
3,31,2008,1.701075141
4,1,2008,1.980698274
4,2,2008,0.012349673
4,3,2008,-0.665517632
4,4,2008,0.186106704
4,7,2008,-0.831906064
4,8,2008,0.915839075
4,9,2008,-0.085805342
4,10,2008,-0.576042435
4,11,2008,-0.061648378
4,14,2008,0.173074548
4,15,2008,0.700331745
4,16,2008,1.884264481
4,17,2008,0.853980044
4,18,2008,-0.672090571
4,21,2008,-0.30952619
4,22,2008,0.132212745
4,23,2008,0.625230266
4,24,2008,-0.857144048
4,25,2008,-0.559591631
4,28,2008,0.203860178
4,29,2008,-0.324359691
4,30,2008,-0.458490605
5,1,2008,1.047942702
5,2,2008,-0.494580794
5,5,2008,-0.815982753
5,6,2008,0.659872841
5,7,2008,-1.499823795
5,8,2008,-0.108242932
5,9,2008,1.094359219
5,12,2008,0.490903993
5,13,2008,0
5,14,2008,0.071112825
5,15,2008,-0.130409013
5,16,2008,0.473767618
5,19,2008,0.82499118
5,20,2008,0.869562888
5,21,2008,-0.591306667
5,22,2008,0.431229589
5,23,2008,-1.977563294
5,27,2008,0.554573451
5,28,2008,-0.222224561
5,29,2008,0.798872152
5,30,2008,-0.683895932
6,2,2008,-0.618940813
6,3,2008,-0.90153959
6,4,2008,-0.234518061
6,5,2008,0.898165138
6,6,2008,-1.318097469
6,9,2008,0.95350798
6,10,2008,1.118179156
6,11,2008,-0.491112038
6,12,2008,-0.270116259
6,13,2008,0.727522873
6,16,2008,0.221826031
6,17,2008,0.081280768
6,18,2008,-0.058263607
6,19,2008,0.337955957
6,20,2008,-1.036088451
6,23,2008,0.765157178
6,24,2008,-1.133301841
6,25,2008,0.354027622
6,26,2008,-1.727809467
6,27,2008,-1.177463612
6,30,2008,1.807372591
7,1,2008,1.380222036
7,2,2008,-0.745744528
7,3,2008,-1.47145846
7,7,2008,-1.105766867
7,8,2008,0.511257443
7,9,2008,1.066016921
7,10,2008,0.710591361
7,11,2008,0.132387779
7,14,2008,-0.85614253
7,15,2008,0.430766769
7,16,2008,-1.607950146
7,17,2008,-1.459214268
7,18,2008,0.189314646
7,21,2008,1.502527835
7,22,2008,0.311681839
7,23,2008,-2.076087716
7,24,2008,-1.638108598
7,25,2008,-0.385607954
7,28,2008,0.336310965
7,29,2008,-0.089951169
7,30,2008,0.701266097
7,31,2008,-0.43049378
8,1,2008,-2.807417393
8,4,2008,-1.307531329
8,5,2008,0.59288009
8,6,2008,0.472751137
8,7,2008,-0.366490828
8,8,2008,1.034709916
8,11,2008,0.957430444
8,12,2008,-2.609142166
8,13,2008,0.953619819
8,14,2008,-0.7525652
8,15,2008,0.182337851
8,18,2008,-0.142450141
8,19,2008,0.207976082
8,20,2008,0.427121397
8,21,2008,1.295336838
8,22,2008,-0.330362147
8,25,2008,-0.690980149
8,26,2008,1.058201086
8,27,2008,1.010231497
8,28,2008,0.163858087
8,29,2008,-1.386786435
9,2,2008,-2.640227254
9,3,2008,-1.142853247
9,4,2008,-0.687018082
9,5,2008,-1.638257815
9,8,2008,-0.039749569
9,9,2008,-2.968064092
9,10,2008,0.463599698
9,11,2008,0.974951956
9,12,2008,1.844128391
9,15,2008,-1.732475178
9,16,2008,2.45797143
9,17,2008,-3.956384789
9,18,2008,3.297508907
9,19,2008,6.458605786
9,22,2008,2.799998571
9,23,2008,-1.329638559
9,24,2008,0.57101211
9,25,2008,3.725016593
9,26,2008,-0.181180488
9,29,2008,-5.235967387
9,30,2008,-2.401937146
10,1,2008,0.628471226
10,2,2008,-2.513066677
10,3,2008,-1.931009843
10,6,2008,-3.099579656
10,7,2008,-3.183487544
10,8,2008,1.968237292
10,9,2008,-4.540023895
10,10,2008,-1.076070461
10,13,2008,12.05607664
10,14,2008,-5.671167503
10,15,2008,-6.832934629
10,16,2008,3.067705573
10,17,2008,3.562388853
10,20,2008,7.37591127
10,21,2008,-2.811636646
10,22,2008,-4.4930451
10,23,2008,4.013494867
10,24,2008,5.156740864
10,27,2008,-1.21070112
10,28,2008,7.732235685
10,29,2008,-2.143570954
10,30,2008,1.745138237
10,31,2008,-1.279140262
11,3,2008,0.592496728
11,4,2008,0.795457818
11,5,2008,-2.104749517
11,6,2008,-3.543377786
11,7,2008,4.089032162
11,10,2008,-3.978481853
11,11,2008,0.94242459
11,12,2008,-1.015141105
11,13,2008,6.802009252
11,14,2008,-1.421959325
11,17,2008,0.692801622
11,18,2008,0.707901544
11,19,2008,-3.49708249
11,20,2008,-4.903493476
11,21,2008,6.816950283
11,24,2008,0.903767364
11,25,2008,-0.114733654
11,26,2008,2.028603293
11,28,2008,2.185970672
12,1,2008,-5.16233783
12,2,2008,1.461094097
12,3,2008,3.184276708
12,4,2008,-3.264834272
12,5,2008,3.114185175
12,8,2008,-0.115911577
12,9,2008,-1.364165674
12,10,2008,1.243072421
12,11,2008,-0.383523422
12,12,2008,2.701312953
12,15,2008,-2.086434875
12,16,2008,0
12,17,2008,-2.03545312
12,18,2008,0
12,19,2008,-0.910142313
12,22,2008,-0.388513507
12,23,2008,-1.940595746
12,24,2008,0.309491059
12,26,2008,0.187297804
12,29,2008,0.153269752
12,30,2008,1.235820213
12,31,2008,1.86884532
1,2,2009,1.981980376
1,5,2009,0.900178442
1,6,2009,-1.303033529
1,7,2009,-0.812215711
1,8,2009,0.508443488
1,9,2009,-1.237580199
1,12,2009,0.016484748
1,13,2009,-1.468645263
1,14,2009,-0.389762765
1,15,2009,0.424953241
1,16,2009,0.868985628
1,20,2009,-1.742736929
1,21,2009,0.13387216
1,22,2009,0.808897877
1,23,2009,1.851222795
1,26,2009,2.130136462
1,27,2009,0.113581046
1,28,2009,-0.289103768
1,29,2009,-0.17799353
1,30,2009,-2.522226436
2,2,2009,1.673360163
2,3,2009,0.443343171
2,4,2009,0.292873418
2,5,2009,0.911010234
2,6,2009,1.081165062
2,9,2009,-0.671788228
2,10,2009,-2.044462079
2,11,2009,-0.729197879
2,12,2009,0.202359194
2,13,2009,-0.654252631
2,17,2009,-4.043494665
2,18,2009,-2.007393872
2,19,2009,-0.3746637
2,20,2009,-1.571812162
2,23,2009,-2.924507456
2,24,2009,2.549683165
2,25,2009,-0.47706055
2,26,2009,-2.325157494
2,27,2009,-0.435934437
3,2,2009,-2.279312343
3,3,2009,-4.070794654
3,4,2009,1.221502468
3,5,2009,-1.640350625
3,6,2009,-0.352043894
3,9,2009,-1.093355738
3,10,2009,1.030706752
3,11,2009,-0.994200518
3,12,2009,1.804071819
3,13,2009,0.61286822
3,16,2009,1.774903115
3,17,2009,1.48192054
3,18,2009,3.082329422
3,19,2009,0.657273239
3,20,2009,-1.171005598
3,23,2009,2.385349394
3,24,2009,-1.383827436
3,25,2009,-0.724099504
3,26,2009,0.855175667
3,27,2009,-0.446424868
3,30,2009,-0.642600643
3,31,2009,0.777251185
4,1,2009,0.965724276
4,2,2009,-0.679895284
4,3,2009,0.387809773
4,6,2009,-0.738011056
4,7,2009,0.563907884
4,8,2009,0.96888582
4,9,2009,-1.896331983
4,13,2009,-1.087557604
4,14,2009,-0.3014886
4,15,2009,1.343168722
4,16,2009,0.466853417
4,17,2009,-0.443135155
4,20,2009,-0.523661857
4,21,2009,0.112545487
4,22,2009,-0.695879281
4,23,2009,-0.638617557
4,24,2009,-0.396375991
4,27,2009,2.107687337
4,28,2009,0.678095687
4,29,2009,0.747246418
4,30,2009,-0.716919091
5,1,2009,1.19310022
5,4,2009,1.100488905
5,5,2009,-0.071609379
5,6,2009,-0.836444222
5,7,2009,0.214744091
5,8,2009,0.85015942
5,11,2009,0.692225772
5,12,2009,-0.175474639
5,13,2009,-1.826561479
5,14,2009,-0.630180039
5,15,2009,-1.439506169
5,18,2009,-0.295148502
5,19,2009,1.233435199
5,20,2009,-1.848162744
5,21,2009,-0.223302932
5,22,2009,0.522198816
5,26,2009,2.553658354
5,27,2009,-2.050726749
5,28,2009,1.612609492
5,29,2009,0.737275657
6,1,2009,1.689841547
6,2,2009,-0.831599085
6,3,2009,-1.490441899
6,4,2009,0.585421334
6,5,2009,-0.472606328
6,8,2009,-0.668545039
6,9,2009,-0.636381474
6,10,2009,0.742971886
6,11,2009,1.71298727
6,12,2009,1.02757837
6,15,2009,-1.382963975
6,16,2009,-0.914269434
6,17,2009,0.453274051
6,18,2009,2.453453933
6,19,2009,-1.779659322
6,22,2009,0.173306756
6,23,2009,-1.105163184
6,24,2009,0.087678416
6,25,2009,1.967679268
6,26,2009,-0.120960776
6,29,2009,0.860585228
6,30,2009,-0.797966017
7,1,2009,0.938404693
7,2,2009,-1.744484321
7,6,2009,1.139752782
7,7,2009,-2.335636719
7,8,2009,-0.265577195
7,9,2009,-0.123893805
7,10,2009,0.160142346
7,13,2009,0.527888421
7,14,2009,0.559245009
7,15,2009,1.171203907
7,16,2009,0.512031063
7,17,2009,-0.577347607
7,20,2009,0.425966952
7,21,2009,0.658670844
7,22,2009,-0.184967207
7,23,2009,2.388558412
7,24,2009,1.644736869
7,27,2009,-0.177878396
7,28,2009,-0.847043506
7,29,2009,0.132081889
7,30,2009,0.3429675
7,31,2009,-0.878901381
8,3,2009,-0.065194786
8,4,2009,-0.11518677
8,5,2009,-0.839924229
8,6,2009,-0.016555721
8,7,2009,0.561057774
8,10,2009,0.229814518
8,11,2009,0.098653403
8,12,2009,0.261865802
8,13,2009,-0.536146231
8,14,2009,0.098148207
8,17,2009,-0.049673788
8,18,2009,-0.115728216
8,19,2009,1.447344844
8,20,2009,0.458794043
8,21,2009,1.217137313
8,24,2009,0.208395316
8,25,2009,-0.623207075
8,26,2009,-0.19261477
8,27,2009,-0.369357636
8,28,2009,-0.401477437
8,31,2009,-0.552486179
9,1,2009,-0.032894737
9,2,2009,-0.396625364
9,3,2009,0.049624546
9,4,2009,0.132016506
9,8,2009,-0.343697229
9,9,2009,-0.229395383
9,10,2009,0.08205284
9,11,2009,-0.31147377
9,14,2009,1.814878703
9,15,2009,0.810635538
9,16,2009,1.251007257
9,17,2009,-0.222116456
9,18,2009,-0.205789147
9,21,2009,-0.444300222
9,22,2009,-0.5397682
9,23,2009,-0.447281164
9,24,2009,-1.029104374
9,25,2009,-0.341024672
9,28,2009,0.649881408
9,29,2009,0.080487767
9,30,2009,-1.565743729
10,1,2009,-1.60975935
10,2,2009,-0.315716185
10,5,2009,1.164920952
10,6,2009,0.27837236
10,7,2009,0.081818032
10,8,2009,-0.1628383
10,9,2009,0.521682426
10,12,2009,0.193984801
10,13,2009,-0.258688772
10,14,2009,-0.322054761
10,15,2009,1.085192709
10,16,2009,0.612016428
10,19,2009,1.165946316
10,20,2009,-1.182219439
10,21,2009,0.063838174
10,22,2009,0.431441341
10,23,2009,-1.622655081
10,26,2009,-1.421419803
10,27,2009,-0.523645876
10,28,2009,-0.871995737
10,29,2009,0.446059812
10,30,2009,-1.796308504
11,2,2009,-0.452481999
11,3,2009,0.38910336
11,4,2009,0.033522212
11,5,2009,0.863357131
11,6,2009,0.148784918
11,9,2009,1.147724179
11,10,2009,0.470094026
11,11,2009,-0.771084337
11,12,2009,-1.391360599
11,13,2009,0.60537141
11,16,2009,0.824580463
11,17,2009,-0.208702838
11,18,2009,-0.354148428
11,19,2009,-1.100323642
11,20,2009,0.360540806
11,23,2009,0.355873504
11,24,2009,0.338271574
11,25,2009,0.80179601
11,27,2009,-0.016170384
11,30,2009,0.629538327
12,1,2009,0.827235113
12,2,2009,0.991971374
12,3,2009,-0.248453408
12,4,2009,-1.460859626
12,7,2009,-0.108223562
12,8,2009,-0.123976447
12,9,2009,0.170676501
12,10,2009,0.523313829
12,11,2009,1.035166661
12,14,2009,-0.492466781
12,15,2009,0.13553614
12,16,2009,-0.360411495
12,17,2009,-0.226793169
12,18,2009,-0.120666661
12,21,2009,-0.01503834
12,22,2009,-1.041826919
12,23,2009,0.198347571
12,24,2009,0.394841318
12,28,2009,0.015113327
12,29,2009,-0.165863993
12,30,2009,0.090794377
12,31,2009,-1.644782027
1,4,2010,-0.395560609
1,5,2010,-1.067719679
1,6,2010,0.571168579
1,7,2010,-0.353349231
1,8,2010,0.061777606
1,11,2010,0.678493467
1,12,2010,0.076811062
1,13,2010,0.673713081
1,14,2010,-0.106691052
1,15,2010,-0.061417168
1,19,2010,0.980841379
1,20,2010,-0.41220916
1,21,2010,-1.50100013
1,22,2010,-1.976034012
1,25,2010,-0.345798496
1,26,2010,0.394882319
1,27,2010,-0.299782261
1,28,2010,-1.041829551
1,29,2010,-1.064841102
2,1,2010,0.127955854
2,2,2010,0.734470689
2,3,2010,-0.586745947
2,4,2010,-2.290200229
2,5,2010,-0.245904918
2,8,2010,-1.165269982
2,9,2010,-0.360475182
2,10,2010,-0.476505086
2,11,2010,0.776219666
2,12,2010,0.612479722
2,16,2010,1.193981047
2,17,2010,-0.563241078
2,18,2010,0.468726369
2,19,2010,1.612903226
2,22,2010,-1.010418377
2,23,2010,-0.750554148
2,24,2010,-0.080223004
2,25,2010,0.943092683
2,26,2010,-0.836409871
3,1,2010,0.613195085
3,2,2010,-0.270310069
3,3,2010,-0.11153442
3,4,2010,-0.031858873
3,5,2010,0.380110871
3,8,2010,-0.141598487
3,9,2010,-0.204822748
3,10,2010,0.300393676
3,11,2010,0.441916028
3,12,2010,-0.985454403
3,15,2010,0.570343799
3,16,2010,0.753418627
3,17,2010,0.155506147
3,18,2010,-0.589142636
3,19,2010,0
3,22,2010,-0.266335571
3,23,2010,0.439973294
3,24,2010,-0.846396565
3,25,2010,-1.720599896
3,26,2010,0.273220825
3,29,2010,0.830142095
3,30,2010,-0.094977049
3,31,2010,-0.237834153
4,1,2010,0.569081586
4,5,2010,0.564876824
4,6,2010,1.205573841
4,7,2010,-0.651462686
4,8,2010,-0.250626566
4,9,2010,0.533579715
4,12,2010,0
4,13,2010,-0.233502498
4,14,2010,0.078019977
4,15,2010,0
4,16,2010,-0.890207729
4,19,2010,0.363404956
4,20,2010,1.245277447
4,21,2010,-0.015558842
4,22,2010,0.874039332
4,23,2010,0.820431914
4,26,2010,-0.291952972
4,27,2010,-1.206868383
4,28,2010,0.389772379
4,29,2010,-0.262354926
4,30,2010,0.139088242
5,3,2010,1.078744045
5,4,2010,-1.19631754
5,5,2010,-0.312056503
5,6,2010,-2.430608437
5,7,2010,0.309149045
5,10,2010,0.204790485
5,11,2010,1.270646462
5,12,2010,0.342307469
5,13,2010,-0.248453408
5,14,2010,-0.359943651
5,17,2010,-0.140846631
5,18,2010,-1.713125708
5,19,2010,-0.270913147
5,20,2010,-2.186231579
5,21,2010,1.813294127
5,24,2010,-0.824266403
5,25,2010,0.89466236
5,26,2010,-0.714523097
5,27,2010,0.527704494
5,28,2010,-0.13097904
6,1,2010,-1.697987141
6,2,2010,1.229641077
6,3,2010,0.719311778
6,4,2010,-1.600399248
6,7,2010,0.267737626
6,8,2010,0.982017278
6,9,2010,-1.535449175
6,10,2010,0.963265306
6,11,2010,0.847183108
6,14,2010,-0.448363484
6,15,2010,1.374023007
6,16,2010,1.093159079
6,17,2010,0.547557902
6,18,2010,-0.108611332
6,21,2010,-1.768960106
6,22,2010,-2.470683308
6,23,2010,-1.2799984
6,24,2010,-0.360302975
6,25,2010,0.608350871
6,28,2010,0.211411605
6,29,2010,-1.373895999
6,30,2010,-0.61390078
7,1,2010,-0.368079304
7,2,2010,-0.417571412
7,6,2010,-0.363818416
7,7,2010,2.863762622
7,8,2010,0.159715698
7,9,2010,1.0080016
7,12,2010,0.460831082
7,13,2010,-0.062888367
7,14,2010,0.189183352
7,15,2010,0.661935372
7,16,2010,-1.368359504
7,19,2010,0.90447477
7,20,2010,2.374881977
7,21,2010,-1.739135039
7,22,2010,0.577227787
7,23,2010,0.201545736
7,26,2010,0.63310066
7,27,2010,1.023211621
7,28,2010,-0.409581323
7,29,2010,-2.029683521
7,30,2010,0.046683783
8,2,2010,0.368105845
8,3,2010,0
8,4,2010,0.306274105
8,5,2010,0.537136247
8,6,2010,0.861535385
8,9,2010,0.091237832
8,10,2010,0.947426621
8,11,2010,-0.507305126
8,12,2010,0.2329208
8,13,2010,0.761588484
8,16,2010,0.496508945
8,17,2010,0.091778836
8,18,2010,-0.549284398
8,19,2010,-1.520732766
8,20,2010,0.657273845
8,23,2010,-0.170253828
8,24,2010,0.560136949
8,25,2010,0.715951751
8,26,2010,-0.861667975
8,27,2010,1.50131711
8,30,2010,-1.491860207
8,31,2010,0.854029477
9,1,2010,0.942241598
9,2,2010,-0.450657954
9,3,2010,-0.059953536
9,7,2010,-0.390804154
9,8,2010,-0.631776446
9,9,2010,-0.239812646
9,10,2010,-0.480478993
9,13,2010,-0.448233976
9,14,2010,0.030079722
9,15,2010,-0.135803537
9,16,2010,-0.151731139
9,17,2010,-0.770279426
9,20,2010,0.970137927
9,21,2010,-0.807889037
9,22,2010,0.740290052
9,23,2010,-0.36238108
9,24,2010,0.423277387
9,27,2010,0.090222556
9,28,2010,-0.074854787
9,29,2010,-0.150216314
9,30,2010,-0.687694733
10,1,2010,0
10,4,2010,-0.493129124
10,5,2010,0.313057534
10,6,2010,-0.41579747
10,7,2010,-0.459459012
10,8,2010,-0.177796716
10,11,2010,-0.148123237
10,12,2010,-0.178273664
10,13,2010,-0.560303745
10,14,2010,-0.311155736
10,15,2010,-0.398166949
10,18,2010,0.889282631
10,19,2010,-0.132886455
10,20,2010,0.205790096
10,21,2010,-1.022042664
10,22,2010,-0.662832533
10,25,2010,-1.131184075
10,26,2010,0.208611232
10,27,2010,-0.11921025
10,28,2010,-0.488529956
10,29,2010,0.148763759
11,1,2010,-1.212478244
11,2,2010,0.505431864
11,3,2010,-0.339638211
11,4,2010,0.471142534
11,5,2010,-0.073145576
11,8,2010,-0.454887734
11,9,2010,-0.734214412
11,10,2010,-0.605171956
11,11,2010,0.267857155
11,12,2010,-0.372578253
11,15,2010,-0.208209405
11,16,2010,-0.778788413
11,17,2010,-0.241030442
11,18,2010,-0.284307937
11,19,2010,-0.090219513
11,22,2010,0.255868445
11,23,2010,-0.302029594
11,24,2010,-0.210366632
11,26,2010,-0.211395129
11,29,2010,-0.151628513
11,30,2010,0.550965752
12,1,2010,-0.135262998
12,2,2010,-0.134786587
12,3,2010,0.601506767
12,6,2010,-0.537074452
12,7,2010,-1.427083459
12,8,2010,-0.601597251
12,9,2010,-0.33058
12,10,2010,0.135230648
12,13,2010,-0.014948437
12,14,2010,0.014906785
12,15,2010,-0.730903927
12,16,2010,0.720294128
12,17,2010,0.492613838
12,20,2010,-0.073925193
12,21,2010,-0.559148036
12,22,2010,0.403292027
12,23,2010,-0.133675921
12,27,2010,0
12,28,2010,0.163545936
12,29,2010,-0.31101749
12,30,2010,-0.341252215
12,31,2010,-0.044701236
1,3,2011,0.401601945
1,4,2011,0.029548007
1,5,2011,-0.428298633
1,6,2011,0.059383906
1,7,2011,0.310879335
1,10,2011,-0.221699662
1,11,2011,-0.324581002
1,12,2011,-0.088245333
1,13,2011,-0.26443514
1,14,2011,0.309061088
1,18,2011,0.307871284
1,19,2011,-0.379731264
1,20,2011,0.248680511
1,21,2011,-0.681753679
1,24,2011,0.437385942
1,25,2011,-0.174107666
1,26,2011,-0.420535099
1,27,2011,0.116263628
1,28,2011,-0.933216654
1,31,2011,0.294775248
2,1,2011,0.643266063
2,2,2011,-0.116619537
2,3,2011,0.423472528
2,4,2011,-0.653875327
2,7,2011,0.702775957
2,8,2011,-0.3043905
2,9,2011,0.087343526
2,10,2011,0.467085083
2,11,2011,-0.173993038
2,14,2011,-0.334842034
2,15,2011,0.483153712
2,16,2011,-0.334647155
2,17,2011,0.746817971
2,18,2011,0.364803741
2,22,2011,-0.276607941
2,23,2011,-0.350720444
2,24,2011,-0.687036943
2,25,2011,0.454874528
2,28,2011,0.53787323
3,1,2011,-0.924186282
3,2,2011,0.36448464
3,3,2011,0.245059814
3,4,2011,-0.846126451
3,7,2011,-0.086502306
3,8,2011,0.951414115
3,9,2011,1.05714
3,10,2011,-1.022584802
3,11,2011,0.315639899
3,14,2011,-0.202107703
3,15,2011,-0.512593739
3,16,2011,-1.152479314
3,17,2011,-0.827908055
3,18,2011,-0.736702487
3,21,2011,-0.043888809
3,22,2011,-0.320701176
3,23,2011,-0.422680361
3,24,2011,-0.34863163
3,25,2011,-0.555307614
3,28,2011,-0.557600864
3,29,2011,0.588669636
3,30,2011,0.757019923
3,31,2011,-0.489848697
4,1,2011,0.259365987
4,4,2011,-0.186467295
4,5,2011,-0.229879317
4,6,2011,0.114550407
4,7,2011,-0.585792273
4,8,2011,-0.487311186
4,11,2011,-1.552396148
4,12,2011,-0.365764458
4,13,2011,-0.131565553
4,14,2011,0.83713913
4,15,2011,0.872343717
4,18,2011,-0.67929034
4,19,2011,-0.014552596
4,20,2011,0.187209096
4,21,2011,-0.143244525
4,25,2011,0.100416011
4,26,2011,0.58572
4,27,2011,0.766611279
4,28,2011,0.888071585
4,29,2011,0.167531767
5,2,2011,-0.444506194
5,3,2011,0.460253855
5,4,2011,-0.443470042
5,5,2011,-0.3913431
5,6,2011,-0.013945901
5,9,2011,0.153075422
5,10,2011,1.305367274
5,11,2011,-0.452243381
5,12,2011,1.132283931
5,13,2011,-0.829933333
5,16,2011,-0.178162256
5,17,2011,0.274043562
5,18,2011,-0.259059191
5,19,2011,-0.163401412
5,20,2011,0.068263481
5,23,2011,-0.794849927
5,24,2011,-0.454736117
5,25,2011,-0.13829208
5,26,2011,0.152629388
5,27,2011,-0.303356328
5,31,2011,-0.137058664
6,1,2011,-0.757162731
6,2,2011,-0.374683607
6,3,2011,-0.028060036
6,6,2011,-0.449499917
6,7,2011,-0.294983838
6,8,2011,0.267722978
6,9,2011,-0.126258419
6,10,2011,-0.323719902
6,13,2011,0.141021005
6,14,2011,-0.600392323
6,15,2011,-0.690527067
6,16,2011,0.909220073
6,17,2011,0.013988811
6,20,2011,0.672167726
6,21,2011,-0.180187105
6,22,2011,-0.55593331
6,23,2011,0.014083357
6,24,2011,-0.226526981
6,27,2011,0.466961949
6,28,2011,0.238560195
6,29,2011,0.055758295
6,30,2011,-0.180277352
7,1,2011,1.193782604
7,5,2011,-0.561878847
7,6,2011,0.35867293
7,7,2011,-0.43620501
7,8,2011,-0.01373901
7,11,2011,-0.304837198
7,12,2011,0.640488722
7,13,2011,-0.729120904
7,14,2011,-0.719330465
7,15,2011,0.125318853
7,18,2011,-0.725542088
7,19,2011,0.391890849
7,20,2011,0.333654942
7,21,2011,0.895688301
7,22,2011,-0.654748347
7,25,2011,0.941306781
7,26,2011,-0.561572372
7,27,2011,-0.138156955
7,28,2011,-0.635708946
7,29,2011,-0.22427251
8,1,2011,-0.432354272
8,2,2011,-0.916397857
8,3,2011,-0.142114531
8,4,2011,-2.525100539
8,5,2011,0.014663539
8,8,2011,-2.880404249
8,9,2011,2.704782542
8,10,2011,-0.983212812
8,11,2011,3.81864428
8,12,2011,-1.794496434
8,15,2011,2.495630582
8,16,2011,0.473664432
8,17,2011,0.199004981
8,18,2011,-0.372923116
8,19,2011,0.014525123
8,22,2011,-2.220953936
8,23,2011,1.359564671
8,24,2011,2.168944002
8,25,2011,-1.932981397
8,26,2011,0.255864968
8,29,2011,0.797537417
8,30,2011,0.404520842
8,31,2011,-0.055173793
9,1,2011,-0.825533847
9,2,2011,-0.350189107
9,6,2011,1.099995714
9,7,2011,0.252100833
9,8,2011,-0.097697136
9,9,2011,-1.504499374
9,12,2011,1.702741629
9,13,2011,-0.056313717
9,14,2011,0.195939826
9,15,2011,0.221061076
9,16,2011,0.480437899
9,19,2011,0.46896
9,20,2011,0.559808863
9,21,2011,-2.004055572
9,22,2011,-0.616066945
9,23,2011,1.1982939
9,26,2011,0.505548385
9,27,2011,-1.045682444
9,28,2011,-1.632088452
9,29,2011,0.097139886
9,30,2011,-0.501254525
10,3,2011,-2.67096063
10,4,2011,0.201989618
10,5,2011,-0.429127425
10,6,2011,1.201710981
10,7,2011,-0.463355792
10,10,2011,0.41626613
10,11,2011,-0.870533334
10,12,2011,-0.623966973
10,13,2011,0.658819773
10,14,2011,0.041440807
10,17,2011,-0.304499654
10,18,2011,0.818983886
10,19,2011,0.455542505
10,20,2011,0.041105781
10,21,2011,0.992796151
10,24,2011,-0.242197255
10,25,2011,-1.375770183
10,26,2011,-0.662347905
10,27,2011,0.266484999
10,28,2011,-0.398993207
10,31,2011,-0.161240262
11,1,2011,-0.83173307
11,2,2011,0.434900776
11,3,2011,0.724336658
11,4,2011,-0.093658017
11,7,2011,0.187014424
11,8,2011,0.332181761
11,9,2011,-1.193028182
11,10,2011,-0.321938283
11,11,2011,0.252730779
11,14,2011,-1.245851607
11,15,2011,0.308646013
11,16,2011,-0.644982549
11,17,2011,-0.811906609
11,18,2011,0.312281051
11,21,2011,-0.815992123
11,22,2011,-1.138080351
11,23,2011,-0.880007033
11,25,2011,0.607516256
11,28,2011,-0.715459549
11,29,2011,0.926190264
11,30,2011,0.724336658
12,1,2011,0
12,2,2011,-1.250669172
12,5,2011,-0.372785243
12,6,2011,0.066740085
12,7,2011,-0.213470322
12,8,2011,-1.56437757
12,9,2011,1.232232938
12,12,2011,-0.551143978
12,13,2011,-0.255138979
12,14,2011,-0.45933128
12,15,2011,0.591948053
12,16,2011,-0.493337333
12,19,2011,-1.321406869
12,20,2011,1.096695243
12,21,2011,1.132726531
12,22,2011,-0.039436046
12,23,2011,0.327568134
12,27,2011,0.638526209
12,28,2011,-0.801451644
12,29,2011,0.259197757
12,30,2011,-0.774292187
1,3,2012,-2.336686062
1,4,2012,-0.502842398
1,5,2012,0.186343678
1,6,2012,-0.822285124
1,9,2012,-0.159866778
1,10,2012,-0.595785788
1,11,2012,-0.160237684
1,12,2012,-0.453388464
1,13,2012,0.431324965
1,17,2012,-0.653156518
1,18,2012,-0.080458629
1,19,2012,-0.819233156
1,20,2012,0.189393945
1,23,2012,0.256576627
1,24,2012,-0.44599812
1,25,2012,1.82312381
1,26,2012,0.106740498
1,27,2012,-0.85492919
1,30,2012,0.067809874
1,31,2012,0.311278932
2,1,2012,0.310062011
2,2,2012,-0.295144885
2,3,2012,-0.06699223
2,6,2012,0.067344108
2,7,2012,1.053055218
2,8,2012,-0.093406723
2,9,2012,-0.333555717
2,10,2012,0.147870684
2,13,2012,-0.587689305
2,14,2012,0.309842369
2,15,2012,-0.602970679
2,16,2012,0.996371388
2,17,2012,-0.292788133
2,21,2012,-0.346854327
2,22,2012,0.335120652
2,23,2012,0.106925956
2,24,2012,0.253505013
2,27,2012,-0.053311119
2,28,2012,-0.40048456
2,29,2012,0.026815073
3,1,2012,0.25472987
3,2,2012,-0.066884696
3,5,2012,0.308097781
3,6,2012,0.053721462
3,7,2012,-0.026809165
3,8,2012,0
3,9,2012,0.346289282
3,12,2012,1.049695694
3,13,2012,-0.130949321
3,14,2012,-1.479829734
3,15,2012,-0.01330407
3,16,2012,-0.1464337
3,19,2012,-0.506460089
3,20,2012,0.470680467
3,21,2012,-0.254082646
3,22,2012,0.471377778
3,23,2012,-0.053541695
3,26,2012,0.201614242
3,27,2012,0.321895127
3,28,2012,-0.655778899
3,29,2012,0.662069973
3,30,2012,0.160592878
4,2,2012,0.440824199
4,3,2012,0.06651104
4,4,2012,0.361064461
4,5,2012,-0.481220438
4,9,2012,0.311783936
4,10,2012,-0.989834576
4,11,2012,-0.327151032
4,12,2012,0.437635376
4,13,2012,-0.177373446
4,16,2012,0.723548123
4,17,2012,0.121190409
4,18,2012,-0.026979096
4,19,2012,-0.229509923
4,20,2012,0.905648787
4,23,2012,-0.094250711
4,24,2012,0.52412173
4,25,2012,0.413781378
4,26,2012,0.664805221
4,27,2012,0.396138899
4,30,2012,0.144662018
5,1,2012,0.512616969
5,2,2012,-0.209968512
5,3,2012,-0.368468229
5,4,2012,0.224905423
5,7,2012,-0.092542307
5,8,2012,0.55702651
5,9,2012,0.490644451
5,10,2012,0.552202223
5,11,2012,0.301406115
5,14,2012,0.21007877
5,15,2012,-0.55052824
5,16,2012,-0.262670085
5,17,2012,-0.645158682
5,18,2012,-0.462655639
5,21,2012,0.265635539
5,22,2012,0.27742009
5,23,2012,-0.053002517
5,24,2012,0.623427519
5,25,2012,0.184501852
5,29,2012,-0.052343629
5,30,2012,-0.223769906
5,31,2012,0.832778564
6,1,2012,0.609270199
6,4,2012,0.105181438
6,5,2012,0.644310297
6,6,2012,0.832908685
6,7,2012,-0.06406534
6,8,2012,0.320430671
6,11,2012,-0.788095863
6,12,2012,0.15385
6,13,2012,0.051276758
6,14,2012,0.690626661
6,15,2012,0.291807917
6,18,2012,0.787405405
6,19,2012,-0.151078937
6,20,2012,-1.008958242
6,21,2012,-1.309265319
6,22,2012,-0.15396715
6,25,2012,0.182528038
6,26,2012,0.208030154
6,27,2012,0.776294465
6,28,2012,0.424329449
6,29,2012,-0.720789056
7,2,2012,1.071423442
7,3,2012,-0.252393999
7,5,2012,-0.58117497
7,6,2012,0.319774878
7,9,2012,-0.267958392
7,10,2012,0.204608704
7,11,2012,0.280148991
7,12,2012,0.369333942
7,13,2012,0.898960462
7,16,2012,-0.1506907
7,17,2012,0.050202058
7,18,2012,0.439310919
7,19,2012,-0.049907672
7,20,2012,0.550966685
7,23,2012,-0.125185283
7,24,2012,-0.753104073
7,25,2012,-0.604908648
7,26,2012,0.754809429
7,27,2012,0.758424717
7,30,2012,0.407308087
7,31,2012,-0.994115084
8,1,2012,-0.841584127
8,2,2012,-0.574711387
8,3,2012,0.223842794
8,6,2012,-0.703963188
8,7,2012,-0.956764378
8,8,2012,-0.200295451
8,9,2012,-0.050114007
8,10,2012,0.288215528
8,13,2012,-0.34948451
8,14,2012,-0.361587295
8,15,2012,-0.475055644
8,16,2012,-0.351316199
8,17,2012,0
8,20,2012,0.252649052
8,21,2012,-0.85502453
8,22,2012,-0.190309566
8,23,2012,-1.029362027
8,24,2012,0.604425139
8,27,2012,0.166130351
8,28,2012,-0.076616015
8,29,2012,-0.293398396
8,30,2012,-0.332941495
8,31,2012,-0.537701952
9,4,2012,0.63168493
9,5,2012,-0.49891136
9,6,2012,1.026697922
9,7,2012,-0.809511784
9,10,2012,-0.089193422
9,11,2012,-0.433070935
9,12,2012,-0.715012768
9,13,2012,1.363166117
9,14,2012,-0.710666217
9,17,2012,-0.384028403
9,18,2012,-0.167198714
9,19,2012,0.038632324
9,20,2012,0.45097023
9,21,2012,0.102636641
9,24,2012,1.17905675
9,25,2012,-0.613030628
9,26,2012,0.089824201
9,27,2012,-0.728807067
9,28,2012,0.489697178
10,1,2012,-0.564032802
10,2,2012,0.192828125
10,3,2012,0.384323607
10,4,2012,0.433115924
10,5,2012,-0.706265598
10,8,2012,0.139808083
10,9,2012,0
10,10,2012,-0.39334857
10,11,2012,-0.050865972
10,12,2012,-0.686500092
10,15,2012,0.499168072
10,16,2012,-0.189922758
10,17,2012,1.012662025
10,18,2012,0.401253918
10,19,2012,-0.637263534
10,22,2012,-0.627431281
10,23,2012,-0.469239073
10,24,2012,-0.560440694
10,25,2012,0.153436903
10,26,2012,0.025532866
10,31,2012,0.649766866
11,1,2012,-0.923120867
11,2,2012,-0.790608283
11,5,2012,-1.453372347
11,6,2012,-0.181982322
11,7,2012,-1.663180963
11,8,2012,-0.451532519
11,9,2012,-0.254421532
11,12,2012,-1.019306626
11,13,2012,0.81632381
11,14,2012,-0.930674412
11,15,2012,-0.68045724
11,16,2012,1.067466813
11,19,2012,-0.040576221
11,20,2012,-0.067707208
11,21,2012,-0.311826185
11,23,2012,-0.811476851
11,26,2012,1.377150334
11,27,2012,0.147811076
11,28,2012,0.658688005
11,29,2012,0.092984858
11,30,2012,0.729050882
12,3,2012,-0.643971646
12,4,2012,-0.462715501
12,5,2012,1.382419193
12,6,2012,-0.170197702
12,7,2012,-0.07857255
12,10,2012,0.039310707
12,11,2012,0.288450254
12,12,2012,-0.221958492
12,13,2012,-0.301237729
12,14,2012,-0.105362834
12,17,2012,1.342287178
12,18,2012,0.675233069
12,19,2012,-0.684055214
12,20,2012,0.065500396
12,21,2012,0.55467247
12,24,2012,0.132133985
12,26,2012,-0.884018988
12,27,2012,-0.252831663
12,28,2012,-0.549013123
12,31,2012,1.496159819
1,2,2013,0.510469882
1,3,2013,0.026075107
1,4,2013,0.783901218
1,7,2013,-1.03829068
1,8,2013,-0.039399945
1,9,2013,-0.406510611
1,10,2013,0.3023968
1,11,2013,0.144111093
1,14,2013,-0.130829405
1,15,2013,0.472245816
1,16,2013,-0.587627302
1,17,2013,0.485568261
1,18,2013,0.665538327
1,22,2013,0.815223872
1,23,2013,-0.320965468
1,24,2013,0.411893412
1,25,2013,0.23032629
1,28,2013,-0.381974785
1,29,2013,0.894688162
1,30,2013,0
1,31,2013,0.303910342
2,1,2013,0.113383728
2,4,2013,-0.466586363
2,5,2013,0
2,6,2013,0.379548325
2,7,2013,0.163724177
2,8,2013,0.037715614
2,11,2013,0.213645846
2,12,2013,0.375980695
2,13,2013,0.037484694
2,14,2013,-0.500628273
2,15,2013,0.213833962
2,19,2013,0.650727035
2,20,2013,-0.434780124
2,21,2013,-0.299847572
2,22,2013,0.78749625
2,25,2013,-1.263310658
2,26,2013,-0.049957537
2,27,2013,0.773071101
2,28,2013,0.247408473
3,1,2013,0.619041746
3,4,2013,1.072356751
3,5,2013,0.340507102
3,6,2013,-0.133269928
3,7,2013,-0.460333115
3,8,2013,-0.36275092
3,11,2013,0.206092865
3,12,2013,-0.169695758
3,13,2013,0.376256832
3,14,2013,0.351175821
3,15,2013,0.78501688
3,18,2013,-0.204530791
3,19,2013,0.060193812
3,20,2013,0.564091455
3,21,2013,-0.251104876
3,22,2013,-0.277112048
3,25,2013,-0.457827711
3,26,2013,0.882383626
3,27,2013,0.600384253
3,28,2013,1.07334767
4,1,2013,-0.353693704
4,2,2013,-0.152955645
4,3,2013,-0.611761176
4,4,2013,0.863602282
4,5,2013,1.026552212
4,8,2013,0.676387172
4,9,2013,-0.508849306
4,10,2013,0.323922945
4,11,2013,0.161197471
4,12,2013,0.553054493
4,15,2013,-1.469741714
4,16,2013,0.613707728
4,17,2013,-0.184890222
4,18,2013,0.289351845
4,19,2013,1.372394203
4,22,2013,-0.317612281
4,23,2013,-0.011352854
4,24,2013,0.147448115
4,25,2013,-0.248056145
4,26,2013,-0.022608254
4,29,2013,0.563952151
4,30,2013,0.381205284
5,1,2013,-0.861775061
5,2,2013,-0.214231588
5,3,2013,-0.640377471
5,6,2013,-1.232748275
5,7,2013,0.788573714
5,8,2013,-0.79391745
5,9,2013,-1.498862666
5,10,2013,0.477026195
5,13,2013,-0.301373605
5,14,2013,0.92073773
5,15,2013,1.075144509
5,16,2013,-0.68665372
5,17,2013,0.677931755
5,20,2013,-0.387990428
5,21,2013,0.080192461
5,22,2013,-1.918903418
5,23,2013,-0.023456891
5,24,2013,-0.354236619
5,28,2013,-0.771515727
5,29,2013,-0.819277108
5,30,2013,0.145263284
5,31,2013,-0.387831769
6,3,2013,0.121533789
6,4,2013,-0.413127567
6,5,2013,-0.696310766
6,6,2013,1.355511981
6,7,2013,0.375435388
6,10,2013,-0.528785008
6,11,2013,-0.048603886
6,12,2013,-1.679554092
6,13,2013,1.709085166
6,14,2013,0.169327528
6,17,2013,-0.096166604
6,18,2013,0.600744902
6,19,2013,-2.233371471
6,20,2013,-1.702859061
6,21,2013,0.574639579
6,24,2013,0.963735722
6,25,2013,0.54896318
6,26,2013,0.989980225
6,27,2013,-0.073265357
6,28,2013,0.538228746
7,1,2013,-1.60155306
7,2,2013,0.061709244
7,3,2013,0.247674303
7,5,2013,-0.566640798
7,8,2013,1.18664892
7,9,2013,0.511506509
7,10,2013,0.508780115
7,11,2013,0.729490526
7,12,2013,0.273162718
7,15,2013,1.513189574
7,16,2013,-0.535879568
7,17,2013,-0.315415895
7,18,2013,0.795693901
7,19,2013,0.081375264
7,22,2013,-0.06965057
7,23,2013,0.325466701
7,24,2013,-1.620559111
7,25,2013,0.835292941
7,26,2013,0.561407018
7,29,2013,0.104716699
7,30,2013,0.18569637
7,31,2013,-0.475412813
8,1,2013,0.5454886
8,2,2013,-0.265102576
8,5,2013,-0.612432394
8,6,2013,-0.62790814
8,7,2013,0.656656903
8,8,2013,0.104667987
8,9,2013,-0.488426573
8,12,2013,-0.339341216
8,13,2013,-0.645458287
8,14,2013,-0.426186807
8,15,2013,-0.884740565
8,16,2013,-0.953992295
8,19,2013,-0.780391397
8,20,2013,0.86036995
8,21,2013,-0.963533381
8,22,2013,0.566640798
8,23,2013,0.427295792
8,26,2013,-0.958506454
8,27,2013,0.381393952
8,28,2013,0.343136038
8,29,2013,-0.281418074
8,30,2013,-0.294476074
9,3,2013,-1.724564537
9,4,2013,0.124561536
9,5,2013,-0.236762617
9,6,2013,-0.012438751
9,9,2013,0.422627735
9,10,2013,0.406797322
9,11,2013,-0.713313263
9,12,2013,-0.506740798
9,13,2013,0.371428762
9,16,2013,-0.86722728
9,17,2013,0.61614293
9,18,2013,3.014705956
9,19,2013,-0.475570081
9,20,2013,-1.219372356
9,23,2013,1.358630405
9,24,2013,-0.024159419
9,25,2013,-0.844396843
9,26,2013,-0.145705438
9,27,2013,-0.377862014
9,30,2013,0.393603922
10,1,2013,0
10,2,2013,0.404513351
10,3,2013,-0.930121172
10,4,2013,-0.061625586
10,7,2013,0
10,8,2013,0.657403846
10,9,2013,0.086036135
10,10,2013,0.964709989
10,11,2013,0.568585746
10,14,2013,0.072618008
10,15,2013,-1.199997576
10,16,2013,0.869990187
10,17,2013,1.861992257
10,18,2013,0.154924316
10,21,2013,-0.273682767
10,22,2013,0.998934522
10,23,2013,0.342628785
10,24,2013,-0.387635395
10,25,2013,1.048415609
10,28,2013,-0.244925361
10,29,2013,0
10,30,2013,-0.630032676
10,31,2013,-0.352198873
11,1,2013,0.684368142
11,4,2013,0.105296594
11,5,2013,-0.607686105
11,6,2013,0.92668739
11,7,2013,-1.217104482
11,8,2013,0.424428201
11,11,2013,0.176452178
11,12,2013,-0.693869231
11,13,2013,0.904548949
11,14,2013,0.435032319
11,15,2013,0.550352446
11,18,2013,-0.104777646
11,19,2013,-0.676623884
11,20,2013,-1.218646647
11,21,2013,0.106564055
11,22,2013,0.047332859
11,25,2013,-0.354898857
11,26,2013,-0.90292743
11,27,2013,-0.323590596
11,29,2013,-0.108151885
12,2,2013,-0.504874372
12,3,2013,0.726487503
12,4,2013,0.7732355
12,5,2013,-0.516268453
12,6,2013,0.804908717
12,9,2013,-0.654289809
12,10,2013,-0.958651922
12,11,2013,-0.883140533
12,12,2013,0.207238818
12,13,2013,-0.024329846
12,16,2013,0.388642234
12,17,2013,-0.157276789
12,18,2013,1.162227631
12,19,2013,-0.467625888
12,20,2013,0.986247449
12,23,2013,-0.55294986
12,24,2013,0.411318635
12,26,2013,-0.49332691
12,27,2013,0.193231877
12,30,2013,0.15660402
12,31,2013,0.024017535
1,2,2014,-1.371016203
1,3,2014,-0.195126829
1,6,2014,-0.170730488
1,7,2014,0.633457212
1,8,2014,-0.412017708
1,9,2014,0.206308247
1,10,2014,0.661449172
1,13,2014,-1.050125261
1,14,2014,-0.084266281
1,15,2014,-0.120465001
1,16,2014,0.676326062
1,17,2014,-0.047968582
1,21,2014,0.72896869
1,22,2014,0.071096102
1,23,2014,-0.106732685
1,24,2014,-0.690970915
1,27,2014,0.011988493
1,28,2014,0.131580147
1,29,2014,0.059883832
1,30,2014,1.166670238
1,31,2014,1.639147128
2,3,2014,-1.247813411
2,4,2014,-0.999646019
2,5,2014,-0.41582275
2,6,2014,0.691796312
2,7,2014,0.283250315
2,10,2014,0.623087247
2,11,2014,0.735548144
2,12,2014,0.057900648
2,13,2014,1.449947819
2,14,2014,0.62893427
2,18,2014,0.158819055
2,19,2014,-0.600157414
2,20,2014,0.958025776
2,21,2014,-0.202702696
2,24,2014,-0.528982567
2,25,2014,-0.1807456
2,26,2014,-0.587102856
2,27,2014,-0.215911364
2,28,2014,0.671833295
3,3,2014,-0.725540196
3,4,2014,0.056641369
3,5,2014,-0.723981884
3,6,2014,-0.784897018
3,7,2014,0.378964162
3,10,2014,-0.137209011
3,11,2014,-0.537144
3,12,2014,1.462465521
3,13,2014,0.793107845
3,14,2014,0.652200607
3,17,2014,0.334451516
3,18,2014,-0.188573484
3,19,2014,-1.49966568
3,20,2014,0.15819096
3,21,2014,0.359550562
3,24,2014,0.158164262
3,25,2014,0.191223843
3,26,2014,-0.583029475
3,27,2014,0.461135959
3,28,2014,-0.133983924
3,31,2014,0.846696728
4,1,2014,-0.750303456
4,2,2014,0.066826688
4,3,2014,0.22244132
4,4,2014,0.099617047
4,7,2014,-0.441649553
4,8,2014,1.240588184
4,9,2014,-0.414843896
4,10,2014,-0.569992308
4,11,2014,-0.110239225
4,14,2014,0.153794355
4,15,2014,1.182906861
4,16,2014,0.485966533
4,17,2014,-0.978279971
4,21,2014,-0.400687693
4,22,2014,0.130395525
4,23,2014,-0.054162695
4,24,2014,0.530760399
4,25,2014,0.926025597
4,28,2014,0.308873153
4,29,2014,-0.6043257
4,30,2014,0.053274025
5,1,2014,0.287230851
5,2,2014,-1.720661673
5,5,2014,0.898164662
5,6,2014,-0.589238294
5,7,2014,1.289494977
5,8,2014,-1.092373517
5,9,2014,-1.424281476
5,12,2014,-0.964874262
5,13,2014,-0.032800611
5,14,2014,0.426228415
5,15,2014,-0.456626426
5,16,2014,0.119892098
5,19,2014,-1.361655729
5,20,2014,0.132658635
5,21,2014,-0.12130569
5,22,2014,0.705700723
5,23,2014,0
5,27,2014,-0.097821739
5,28,2014,0.227641192
5,29,2014,-0.097187907
5,30,2014,0.658676162
6,2,2014,-0.1715223
6,3,2014,0.279301763
6,4,2014,0.139332257
6,5,2014,0.812315109
6,6,2014,-0.560608202
6,9,2014,-0.447243086
6,10,2014,-0.267494118
6,11,2014,-0.796896395
6,12,2014,0.445704978
6,13,2014,0.748295204
6,16,2014,0.602148387
6,17,2014,0.05350776
6,18,2014,2.021605563
6,19,2014,0.659760198
6,20,2014,-0.520399656
6,23,2014,-0.859457044
6,24,2014,0.147818606
6,25,2014,0.569560185
6,26,2014,0.283431655
6,27,2014,0.460824242
6,30,2014,0.844715829
7,1,2014,-0.909933832
7,2,2014,-1.920264037
7,3,2014,-0.544873943
7,7,2014,0.440950728
7,8,2014,0.803858495
7,9,2014,-0.297499991
7,10,2014,0.844649854
7,11,2014,-0.731245223
7,14,2014,-1.331345205
7,15,2014,0.507827104
7,16,2014,0.053668564
7,17,2014,-0.848549965
7,18,2014,0.984320205
7,21,2014,-0.053620765
7,22,2014,-0.246485912
7,23,2014,-0.075194976
7,24,2014,0.258014414
7,25,2014,-0.804203285
7,28,2014,1.383782703
7,29,2014,-1.275778254
7,30,2014,-1.549714842
7,31,2014,-1.207728344
8,1,2014,0.57945622
8,4,2014,-0.619534247
8,5,2014,-1.059318689
8,6,2014,-0.668021966
8,7,2014,0.681893412
8,8,2014,1.791150224
8,11,2014,-0.474981779
8,12,2014,-0.066612635
8,13,2014,0.254992248
8,14,2014,0.805912987
8,15,2014,0.163918694
8,18,2014,-0.435012521
8,19,2014,1.014066089
8,20,2014,0.356557525
8,21,2014,0.2801142
8,22,2014,-0.41836408
8,25,2014,0.300846675
8,26,2014,-1.091372791
8,27,2014,0.896911596
8,28,2014,0.772119035
8,29,2014,0.648937234
9,2,2014,-0.930525537
9,3,2014,0.287322547
9,4,2014,0.116921766
9,5,2014,1.0496162
9,8,2014,-0.556370973
9,9,2014,-1.014690825
9,10,2014,-0.395293812
9,11,2014,0.976914633
9,12,2014,-1.410105743
9,15,2014,-0.01081125
9,16,2014,1.365263827
9,17,2014,-0.586098704
9,18,2014,-0.962354607
9,19,2014,0.636045696
9,22,2014,-0.702704865
9,23,2014,-0.370567847
9,24,2014,-0.284519598
9,25,2014,-0.515917684
9,26,2014,0.121345833
9,29,2014,0.8848523
9,30,2014,-0.032838534
10,1,2014,0.416115856
10,2,2014,0.076511096
10,3,2014,0.435825893
10,6,2014,-0.25963327
10,7,2014,0.119657348
10,8,2014,2.128121653
10,9,2014,-1.617541751
10,10,2014,0.399830339
10,13,2014,-0.225781094
10,14,2014,0.493198258
10,15,2014,-1.059055379
10,16,2014,1.300825274
10,17,2014,-0.235345521
10,20,2014,1.415397782
10,21,2014,0.168594306
10,22,2014,0.494010936
10,23,2014,-0.187316066
10,24,2014,0.72931546
10,27,2014,-0.041426057
10,28,2014,0.682801544
10,29,2014,-0.666872877
10,30,2014,2.191444122
10,31,2014,-0.412603389
11,3,2014,0.484305312
11,4,2014,-0.602468143
11,5,2014,2.038958312
11,6,2014,-1.338221689
11,7,2014,0.882734459
11,10,2014,0.427350415
11,11,2014,-0.366222908
11,12,2014,-1.521478749
11,13,2014,-1.099015931
11,14,2014,-0.468812664
11,17,2014,1.073724296
11,18,2014,0.252806151
11,19,2014,-0.131045367
11,20,2014,0.131717329
11,21,2014,-0.090593924
11,24,2014,-0.905434589
11,25,2014,-0.091311893
11,26,2014,0.457128191
11,28,2014,0.747328845
12,1,2014,0.020045108
12,2,2014,0.149522528
12,3,2014,-0.199021797
12,4,2014,-0.069748903
12,5,2014,0.16093744
12,8,2014,0.672823847
12,9,2014,1.203245727
12,10,2014,-1.25036721
12,11,2014,0.903978524
12,12,2014,-0.679456421
12,15,2014,-1.014975359
12,16,2014,0.061040797
12,17,2014,1.755449972
12,18,2014,1.330002
12,19,2014,-0.157639409
12,22,2014,0.236707764
12,23,2014,0.344182312
12,24,2014,1.825318904
12,26,2014,1.117529833
12,29,2014,1.409385746
12,30,2014,-1.992851156
12,31,2014,-1.888422163
1,2,2015,0.272797158
1,5,2015,-1.187348905
1,6,2015,-0.137626065
1,7,2015,0.627265516
1,8,2015,0.154876588
1,9,2015,-0.811042773
1,12,2015,-0.379192035
1,13,2015,-0.048589057
1,14,2015,1.396621754
1,15,2015,0.307484386
1,16,2015,0.996742419
1,20,2015,-0.302257477
1,21,2015,1.004737441
1,22,2015,-0.757007477
1,23,2015,0.348428282
1,26,2015,-0.252671718
1,27,2015,0.395255027
1,28,2015,-1.05834788
1,29,2015,1.239120306
1,30,2015,-2.188548488
2,2,2015,0.228838679
2,3,2015,0.494630472
2,4,2015,-1.165652042
2,5,2015,0.659777191
2,6,2015,-3.800360107
2,9,2015,-0.822598596
2,10,2015,1.888111926
2,11,2015,-1.82854894
2,12,2015,-0.60933073
2,13,2015,-1.328100426
2,17,2015,0.927741451
2,18,2015,2.390922579
2,19,2015,-0.65065264
2,20,2015,0
2,23,2015,0.725441814
2,24,2015,0.700767852
2,25,2015,-1.421896192
2,26,2015,-0.845925453
2,27,2015,-0.202898448
3,2,2015,-1.90234277
3,3,2015,0.935358544
3,4,2015,-0.412798753
3,5,2015,0.579776398
3,6,2015,-1.728622324
3,9,2015,0.063530282
3,10,2015,0.201765959
3,11,2015,-0.73039271
3,12,2015,1.540919268
3,13,2015,-0.828180111
3,16,2015,1.317175947
3,17,2015,0.187695512
3,18,2015,2.718467811
3,19,2015,-0.529474601
3,20,2015,0.356123325
3,23,2015,0.020422836
3,24,2015,-1.072527047
3,25,2015,-1.278619263
3,26,2015,-0.57585906
3,27,2015,0.483701377
3,30,2015,0.874995833
3,31,2015,0.362579513
4,1,2015,0.279508287
4,2,2015,0.454782429
4,6,2015,0.985221655
4,7,2015,-1.13832911
4,8,2015,-0.482151196
4,9,2015,-0.381524014
4,10,2015,0.609886306
4,13,2015,-0.874303632
4,14,2015,0.289914055
4,15,2015,0.041204161
4,16,2015,-0.525775258
4,17,2015,0.041611361
4,20,2015,0.973281197
4,21,2015,-1.105086429
4,22,2015,-0.04127644
4,23,2015,0.671419289
4,24,2015,0.902468446
4,27,2015,-1.420312468
4,28,2015,0.917241069
4,29,2015,0.215649011
4,30,2015,-1.068860193
5,1,2015,0.342574476
5,4,2015,0.412543321
5,5,2015,-2.138599586
5,6,2015,-0.567347132
5,7,2015,0.232232654
5,8,2015,-0.219137009
5,11,2015,-0.575368786
5,12,2015,0.158430503
5,13,2015,-1.114855887
5,14,2015,0.869379771
5,15,2015,0.933508535
5,18,2015,0.687710736
5,19,2015,0.456623075
5,20,2015,0.041268185
5,21,2015,-0.092779381
5,22,2015,0.010332885
5,26,2015,-0.569353014
5,27,2015,0.343144439
5,28,2015,0.352481861
5,29,2015,-0.113718595
6,1,2015,-0.010333712
6,2,2015,-1.108693377
6,3,2015,-1.247774942
6,4,2015,-0.223308164
6,5,2015,-0.268817204
6,8,2015,-0.614025625
6,9,2015,-0.260047673
6,10,2015,-0.333977591
6,11,2015,0.150455664
6,12,2015,-0.634890778
6,15,2015,-0.032571119
6,16,2015,0.543360157
6,17,2015,0.8214462
6,18,2015,1.285756964
6,19,2015,-0.951678122
6,22,2015,-0.308873153
6,23,2015,-0.964322277
6,24,2015,-0.735612273
6,25,2015,-0.902657996
6,26,2015,0.53185928
6,29,2015,-0.452884132
6,30,2015,-0.662835859
7,1,2015,0.233228562
7,2,2015,0.792517354
7,6,2015,0.514563193
7,7,2015,1.96376808
7,8,2015,-0.160155876
7,9,2015,-1.396288638
7,10,2015,0.410062597
7,13,2015,-0.225087881
7,14,2015,-0.032246587
7,15,2015,0.451950931
7,16,2015,1.477837914
7,17,2015,-0.972001036
7,20,2015,-0.565392587
7,21,2015,-0.752523138
7,22,2015,0.477018657
7,23,2015,-1.339235396
7,24,2015,0
7,27,2015,1.369712878
7,28,2015,0.388769987
7,29,2015,0.474037923
7,30,2015,0.825999777
7,31,2015,0.412915842
8,3,2015,0.347735504
8,4,2015,-1.534740929
8,5,2015,0.170462389
8,6,2015,0.18074102
8,7,2015,1.189585742
8,10,2015,-0.304335184
8,11,2015,0.410266156
8,12,2015,1.952960982
8,13,2015,0.299494985
8,14,2015,1.000310395
8,17,2015,0.418071785
8,18,2015,-0.193201147
8,19,2015,0.633625971
8,20,2015,-0.346581047
8,21,2015,-0.893226881
8,24,2015,-2.594960762
8,25,2015,-4.039118749
8,26,2015,0.713025418
8,27,2015,0.5190268
8,28,2015,-0.107617308
8,31,2015,-1.178120445
9,1,2015,-1.634993426
9,2,2015,-0.913241999
9,3,2015,0.302695077
9,4,2015,-0.7987389
9,8,2015,0.987659955
9,9,2015,-1.352401079
9,10,2015,-0.236086573
9,11,2015,1.039545763
9,14,2015,0.268334073
9,15,2015,0.557351472
9,16,2015,1.041900897
9,17,2015,1.339629955
9,18,2015,0.087289687
9,21,2015,0.119631325
9,22,2015,-0.709368134
9,23,2015,0.065851168
9,24,2015,1.055641059
9,25,2015,0.602017288
9,28,2015,-0.294498255
9,29,2015,-0.098322044
9,30,2015,1.34001088
10,1,2015,-1.201976819
10,2,2015,0.963098108
10,5,2015,1.067577689
10,6,2015,-0.655532868
10,7,2015,-0.382491488
10,8,2015,1.442468274
10,9,2015,-0.40003896
10,12,2015,0.728465997
10,13,2015,-0.042031103
10,14,2015,-0.126027094
10,15,2015,1.376192848
10,16,2015,0.062084024
10,19,2015,0.394025293
10,20,2015,0.403559607
10,21,2015,-0.39127367
10,22,2015,0.835142815
10,23,2015,-1.737003114
10,26,2015,-0.249244987
10,27,2015,-0.322989154
10,28,2015,-0.908904086
10,29,2015,-0.063562878
10,30,2015,0.402334581
11,2,2015,0
11,3,2015,0.591713869
11,4,2015,0.430313816
11,5,2015,-0.86702285
11,6,2015,-2.223166999
11,9,2015,0.670330769
11,10,2015,0.96048567
11,11,2015,0.669476291
11,12,2015,-0.882099837
11,13,2015,-0.498914333
11,16,2015,1.777338369
11,17,2015,-1.800258251
11,18,2015,0.631672838
11,19,2015,0.898164662
11,20,2015,0.171127273
11,23,2015,-0.672938453
11,24,2015,0.172614086
11,25,2015,-0.495421658
11,27,2015,0.086488649
11,30,2015,0.226781862
12,1,2015,0.418813346
12,2,2015,-1.906800255
12,3,2015,-0.971720754
12,4,2015,1.08935523
12,7,2015,0.370527455
12,8,2015,0.305209294
12,9,2015,0.27242019
12,10,2015,-1.585922259
12,11,2015,-0.132760263
12,14,2015,0.42123601
12,15,2015,0.682588337
12,16,2015,2.279175647
12,17,2015,0.053770702
12,18,2015,-0.861971789
12,21,2015,-0.367810464
12,22,2015,0.704684534
12,23,2015,1.396352339
12,24,2015,0.095445964
12,28,2015,0.638228898
12,29,2015,0.252869023
12,30,2015,-0.126172851
12,31,2015,-0.959506578
1,4,2016,0.353775733
1,5,2016,0.672787278
1,6,2016,0.426713259
1,7,2016,0.440666375
1,8,2016,-0.224309969
1,11,2016,0.427488511
1,12,2016,-1.017810645
1,13,2016,-0.544350506
1,14,2016,1.39201522
1,15,2016,-0.031978468
1,19,2016,0.795587169
1,20,2016,-1.826438959
1,21,2016,-0.385894518
1,22,2016,1.304255919
1,25,2016,-1.003164763
1,26,2016,0.478219989
1,27,2016,0.40270983
1,28,2016,1.443012399
1,29,2016,1.381439175
2,1,2016,1.057663967
2,2,2016,0.768066724
2,3,2016,1
2,4,2016,-0.534654455
2,5,2016,0.610001
2,8,2016,-0.139371831
2,9,2016,0.699997
2,10,2016,0.159271353
2,11,2016,-1.069144663
2,12,2016,-0.494356321
2,16,2016,0.161351345
2,17,2016,-0.431813609
2,18,2016,1.533190453
2,19,2016,-0.229406538
2,22,2016,0.517262514
2,23,2016,0.397300358
2,24,2016,0.643629085
2,25,2016,0.69696572
2,26,2016,-2.319438246
2,29,2016,0.320736704
3,1,2016,-0.95371246
3,2,2016,0.884249424
3,3,2016,0.457710448
3,4,2016,1.542291542
3,7,2016,0.627757743
3,8,2016,0.583485353
3,9,2016,0.667637168
3,10,2016,0.096143638
3,11,2016,-0.296202932
3,14,2016,0.105516547
3,15,2016,0.489916436
3,16,2016,1.236936415
3,17,2016,0.984010768
3,18,2016,-0.627868059
3,21,2016,-0.047522334
3,22,2016,-0.123771305
3,23,2016,0.476326565
3,24,2016,0.445921244
3,28,2016,-0.414979727
3,29,2016,1.494233053
3,30,2016,-0.372371074
3,31,2016,0.467158745
4,1,2016,0.717945921
4,4,2016,-0.555143402
4,5,2016,-1.613357224
4,6,2016,0.066459087
4,7,2016,0.114017102
4,8,2016,0.274544171
4,11,2016,-0.630534526
4,12,2016,0.520189146
4,13,2016,-0.778978861
4,14,2016,-0.085199283
4,15,2016,0.52980607
4,18,2016,0.404821122
4,19,2016,0.112414988
4,20,2016,-2.130043889
4,21,2016,-2.004792326
4,22,2016,0.448343089
4,25,2016,0.32060818
4,26,2016,0.106342805
4,27,2016,0.981992847
4,28,2016,0.923697681
4,29,2016,0.947910744
5,2,2016,0.634648101
5,3,2016,-0.131690342
5,4,2016,1.091871255
5,5,2016,-0.112037157
5,6,2016,-0.374288377
5,9,2016,0.431721245
5,10,2016,-0.009328483
5,11,2016,-0.046512235
5,12,2016,0.549096339
5,13,2016,-0.471787243
5,16,2016,0.316482361
5,17,2016,-1.616805381
5,18,2016,-1.318667059
5,19,2016,1.283034872
5,20,2016,-0.113868859
5,23,2016,-1.024856738
5,24,2016,0.985739324
5,25,2016,0.200075269
5,26,2016,1.161345993
5,27,2016,0.169189775
5,31,2016,0.440571804
6,1,2016,0.391826656
6,2,2016,0.148972064
6,3,2016,0.904973673
6,6,2016,-0.273950319
6,7,2016,-0.201116192
6,8,2016,0.641081589
6,9,2016,0.82772056
6,10,2016,-0.315969134
6,13,2016,-0.334511343
6,14,2016,0.481030133
6,15,2016,-0.784776287
6,16,2016,0.691413768
6,17,2016,0.370742395
6,20,2016,-0.450045013
6,21,2016,0.036377774
6,22,2016,-0.617452119
6,23,2016,0.365231018
6,24,2016,0.770433833
6,27,2016,1.136880431
6,28,2016,0.197310314
6,29,2016,0.187649891
6,30,2016,1.904591475
7,1,2016,-0.547729105
7,5,2016,0.296371162
7,6,2016,0.26930501
7,7,2016,-1.520681239
7,8,2016,1.042402854
7,11,2016,0.175204552
7,12,2016,-0.738069603
7,13,2016,0.485525251
7,14,2016,0.053109675
7,15,2016,0.283109796
7,18,2016,0.052838396
7,19,2016,-0.219992962
7,20,2016,-0.449738087
7,21,2016,0.772985319
7,22,2016,1.412926553
7,25,2016,-0.16553668
7,26,2016,-0.741191141
7,27,2016,-0.880979634
7,28,2016,0.364765118
7,29,2016,0.51372984
8,1,2016,-0.044078807
8,2,2016,-0.230029198
8,3,2016,-0.487671577
8,4,2016,-0.133619274
8,5,2016,-1.098995731
8,8,2016,-0.216624242
8,9,2016,-0.171847869
8,10,2016,-0.072354165
8,11,2016,0.271563318
8,12,2016,-0.216155996
8,15,2016,-1.363549781
8,16,2016,-1.045486968
8,17,2016,1.344332456
8,18,2016,1.327356304
8,19,2016,-0.644691746
8,22,2016,0.136849739
8,23,2016,-0.600050925
8,24,2016,0.045771307
8,25,2016,0.109842563
8,26,2016,-2.08162058
8,29,2016,0.576961666
8,30,2016,-0.962429224
8,31,2016,0.327193603
9,1,2016,-0.233426708
9,2,2016,1.204931836
9,6,2016,0.829105458
9,7,2016,0.109671908
9,8,2016,0.732931732
9,9,2016,-2.851380765
9,12,2016,1.768651231
9,13,2016,-1.071963097
9,14,2016,0.131701784
9,15,2016,0.921748495
9,16,2016,0.970059705
9,19,2016,0.764978802
9,20,2016,-0.706360871
9,21,2016,1.964399152
9,22,2016,0.198021606
9,23,2016,-0.080953496
9,26,2016,-0.341638937
9,27,2016,-1.431017897
9,28,2016,-0.33744003
9,29,2016,-1.119164276
9,30,2016,-1.109472037
10,3,2016,-1.2248696
10,4,2016,-2.15847682
10,5,2016,-0.318988893
10,6,2016,0.311314327
10,7,2016,-0.685128844
10,10,2016,0.932762358
10,11,2016,-0.965344182
10,12,2016,0.945696597
10,13,2016,1.187720185
10,14,2016,-0.114868382
10,17,2016,0.325323886
10,18,2016,0.360631099
10,19,2016,-0.104118313
10,20,2016,-0.227098789
10,21,2016,-0.266158753
10,24,2016,-0.075960881
10,25,2016,0.58946853
10,26,2016,0.359751028
10,27,2016,-0.018941934
10,28,2016,0.303288782
10,31,2016,1.830529293
11,1,2016,-1.642841129
11,2,2016,-1.125936207
11,3,2016,0.623143526
11,4,2016,-0.730832377
11,7,2016,1.42843536
11,8,2016,0.713148166
11,9,2016,-1.480213507
11,10,2016,-1.820468727
11,11,2016,-0.138162437
11,14,2016,0.566375204
11,15,2016,1.410256382
11,16,2016,-0.689990268
11,17,2016,0.147016565
11,18,2016,-0.604232525
11,21,2016,0.526265466
11,22,2016,0.40698257
11,23,2016,-0.22370976
11,25,2016,1.25559765
11,28,2016,1.465515298
11,29,2016,0.567857257
11,30,2016,-2.313675349
12,1,2016,-0.400152258
12,2,2016,0.214196283
12,5,2016,0.496352311
12,6,2016,-0.299977755
12,7,2016,1.103474032
12,8,2016,0.991814174
12,9,2016,1.098168439
12,12,2016,1.203909398
12,13,2016,0.709619995
12,14,2016,-2.250027054
12,15,2016,0.870476364
12,16,2016,0.803933582
12,19,2016,-0.074634759
12,20,2016,0.224423037
12,21,2016,-0.31743441
12,22,2016,0.42181946
12,23,2016,-0.149214768
12,27,2016,0.318378122
12,28,2016,-0.923857748
12,29,2016,0.976801907
12,30,2016,-0.631442091
1,3,2017,-0.327291933
1,4,2017,0.187070426
1,5,2017,-0.083951495
1,6,2017,0.552275568
1,9,2017,-1.560903137
1,10,2017,-0.160542073
1,11,2017,1.002646604
1,12,2017,0.009358159
1,13,2017,0.121841615
1,17,2017,0.784676297
1,18,2017,0.037127344
1,19,2017,-0.558709382
1,20,2017,0.140371513
1,23,2017,-0.662374276
1,24,2017,0.150259199
1,25,2017,0.112647143
1,26,2017,0.037499766
1,27,2017,-0.215331902
1,30,2017,-0.065635254
1,31,2017,1.576280699
2,1,2017,-1.179089232
2,2,2017,0.712880586
2,3,2017,0.055751186
2,6,2017,-0.453960525
2,7,2017,0.009296403
2,8,2017,0.780165334
2,9,2017,-0.681969391
2,10,2017,0.770939968
2,13,2017,0.396313364
2,14,2017,-0.551621786
2,15,2017,0.428065331
2,16,2017,0.973028414
2,17,2017,-0.04585527
2,21,2017,1.213235261
2,22,2017,0.445290799
2,23,2017,0.76700776
2,24,2017,1.143979812
2,27,2017,-0.345131858
2,28,2017,1.013513486
3,1,2017,0.026623181
3,2,2017,0.879998222
3,3,2017,-0.334741024
3,6,2017,-0.168068992
3,7,2017,-0.017734042
3,8,2017,-0.741397072
3,9,2017,-0.225022506
3,10,2017,0.278199767
3,13,2017,0.31322535
3,14,2017,-0.125011164
3,15,2017,1.407699597
3,16,2017,-0.818727029
3,17,2017,0.398516656
3,20,2017,-0.880746866
3,21,2017,1.234896077
3,22,2017,0.122548146
3,23,2017,-0.183581608
3,24,2017,0.459239589
3,27,2017,-0.631690631
3,28,2017,0.061782876
3,29,2017,-0.414274141
3,30,2017,-0.628435105
3,31,2017,0.338527394
4,3,2017,-0.150807235
4,4,2017,0.391176199
4,5,2017,0.620179836
4,6,2017,-0.026437825
4,7,2017,-0.756044835
4,10,2017,0.115130183
4,11,2017,0.03538972
4,12,2017,0.805734004
4,13,2017,-0.535181597
4,17,2017,0.39637453
4,18,2017,0.23707525
4,19,2017,-0.59633518
4,20,2017,-0.300323296
4,21,2017,0.433824713
4,24,2017,0.475981502
4,25,2017,0.114212792
4,26,2017,-0.17560541
4,27,2017,0.193407473
4,28,2017,-0.47401774
5,1,2017,-0.704104012
5,2,2017,0.0709049
5,3,2017,-0.389728071
5,4,2017,0.454223374
5,5,2017,0.50482595
5,8,2017,-0.052884973
5,9,2017,-0.75055011
5,10,2017,0.151042199
5,11,2017,0.373464346
5,12,2017,0.194365223
5,15,2017,0.361237004
5,16,2017,-0.781798165
5,17,2017,0.238829715
5,18,2017,0.22931911
5,19,2017,0.360721437
5,22,2017,0.938267266
5,23,2017,0.199655387
5,24,2017,0.580034619
5,25,2017,0.765465746
5,26,2017,-0.076821438
5,30,2017,0.230608127
5,31,2017,0.263580476
6,1,2017,0.831568958
6,2,2017,-0.326440945
6,5,2017,-0.344853229
6,6,2017,-0.320321175
6,7,2017,0.262065261
6,8,2017,-0.582231026
6,9,2017,0.238094392
6,12,2017,-0.195083966
6,13,2017,0.297794608
6,14,2017,0.025313475
6,15,2017,0.803250211
6,16,2017,0.402343661
6,19,2017,-0.41736226
6,20,2017,0
6,21,2017,-0.595436944
6,22,2017,-0.346169363
6,23,2017,-0.245909438
6,26,2017,0.594224942
6,27,2017,-0.762125523
6,28,2017,-1.10643541
6,29,2017,-0.24413462
6,30,2017,-0.261868021
7,3,2017,-0.724759886
7,5,2017,-0.509399258
7,6,2017,0.044252079
7,7,2017,0.247720961
7,10,2017,-0.396549161
7,11,2017,-0.203230542
7,12,2017,0
7,13,2017,-0.473560471
7,14,2017,-0.113852689
7,17,2017,0.412094684
7,18,2017,0.113343508
7,19,2017,0.313017124
7,20,2017,0.483799568
7,21,2017,0.89500949
7,24,2017,-0.793650794
7,25,2017,-0.327139279
7,26,2017,0.733965991
7,27,2017,0.386130939
7,28,2017,0.017122185
7,31,2017,0.342203784
8,1,2017,0.468759048
8,2,2017,0.484529076
8,3,2017,0.262027728
8,4,2017,0.110015234
8,7,2017,0.194252531
8,8,2017,0.44702936
8,9,2017,-0.670687464
8,10,2017,0.312469375
8,11,2017,-0.513901445
8,14,2017,0.575394314
8,15,2017,0.861992718
8,16,2017,0.410486712
8,17,2017,-0.668172538
8,18,2017,0.580077358
8,21,2017,0.250545352
8,22,2017,0.27488046
8,23,2017,0.282348452
8,24,2017,0.00828323
8,25,2017,-0.115463093
8,28,2017,0.082540651
8,29,2017,-0.27994731
8,30,2017,-0.371782052
8,31,2017,-0.091060428
9,1,2017,-0.264922591
9,5,2017,0.049724016
9,6,2017,-0.587309956
9,7,2017,0.548085045
9,8,2017,0.529188018
9,11,2017,1.020826533
9,12,2017,-1.558169333
9,13,2017,-0.530547141
9,14,2017,0.925000833
9,15,2017,0.115606938
9,18,2017,-0.86633253
9,19,2017,-0.3658156
9,20,2017,-0.924615554
9,21,2017,-0.126009744
9,22,2017,-0.898253839
9,25,2017,0.727273573
9,26,2017,-0.042030266
9,27,2017,-0.774405569
9,28,2017,0.481055735
9,29,2017,-0.213620441
10,2,2017,0.008537772
10,3,2017,-0.502858595
10,4,2017,0.890183157
10,5,2017,-0.042425759
10,6,2017,0.229902074
10,9,2017,0.059427795
10,10,2017,0.779197086
10,11,2017,0.428753268
10,12,2017,0.518911102
10,13,2017,-0.938229808
10,16,2017,-0.251357357
10,17,2017,0.655902298
10,18,2017,0.14234112
10,19,2017,0.809818841
10,20,2017,0.340415139
10,23,2017,-0.074407608
10,24,2017,0.132600692
10,25,2017,0.058207217
10,26,2017,-0.248367412
10,27,2017,0.722587197
10,30,2017,0.697671085
10,31,2017,0.090729134
11,1,2017,-0.739944111
11,2,2017,0.165437176
11,3,2017,0.338649542
11,6,2017,-0.411116583
11,7,2017,0.873144137
11,8,2017,0.040858801
11,9,2017,0.343950534
11,10,2017,-0.016395377
11,13,2017,1.065220411
11,14,2017,1.396551595
11,15,2017,-1.2368361
11,16,2017,-0.201824489
11,17,2017,-0.526273977
11,20,2017,-0.333547028
11,21,2017,0.073329258
11,22,2017,-0.154561132
11,24,2017,-0.065041061
11,27,2017,0.422727414
11,28,2017,0.064496936
11,29,2017,0.234035179
11,30,2017,0.410135109
12,1,2017,-0.535961914
12,4,2017,-0.66671541
12,5,2017,-1.349390734
12,6,2017,0.204365238
12,7,2017,0.187690548
12,8,2017,0.293088003
12,11,2017,0.438134686
12,12,2017,-1.586273901
12,13,2017,-0.040986066
12,14,2017,-0.247915871
12,15,2017,0.322820136
12,18,2017,-1.038748532
12,19,2017,-1.781847657
12,20,2017,-0.661527414
12,21,2017,-0.549456545
12,22,2017,0.172700115
12,26,2017,-0.594310088
12,27,2017,0.29422292
12,28,2017,0.413440145
12,29,2017,-0.205431821
1,2,2018,-0.900208341
1,3,2018,-0.598174263
1,4,2018,-0.568133885
1,5,2018,-0.2892978
1,8,2018,0.843584336
1,9,2018,-0.984832682
1,10,2018,-1.006089507
1,11,2018,-0.311885579
1,12,2018,-0.313675384
1,16,2018,-0.555657814
1,17,2018,0.485743465
1,18,2018,-0.688979945
1,19,2018,-0.386551607
1,22,2018,-0.224739306
1,23,2018,0.674217919
1,24,2018,-0.517436007
1,25,2018,1.27240056
1,26,2018,-0.167801815
1,29,2018,-0.896663715
1,30,2018,0.242112632
1,31,2018,0.785297176
2,1,2018,-1.347873584
2,2,2018,-0.30716776
2,5,2018,-1.6441067
2,6,2018,-0.493665234
2,7,2018,-0.299597422
2,8,2018,-0.979277805
2,9,2018,1.875713374
2,12,2018,0.631795056
2,13,2018,0.480907255
2,14,2018,-0.315314842
2,15,2018,1.902201964
2,16,2018,0.801016741
2,20,2018,-0.906371777
2,21,2018,-1.335283568
2,22,2018,0.184857192
2,23,2018,2.300119564
2,26,2018,-0.609865471
2,27,2018,-1.704090643
2,28,2018,-0.942100961
3,1,2018,-0.119890252
3,2,2018,-0.221789116
3,5,2018,2.087779589
3,6,2018,-1.235802783
3,7,2018,-0.258443798
3,8,2018,0.489470821
3,9,2018,0.404964558
3,12,2018,0.51334313
3,13,2018,-0.109066536
3,14,2018,0.70857466
3,15,2018,-0.036062929
3,16,2018,0.935937276
3,19,2018,-0.540344916
3,20,2018,-0.398661763
3,21,2018,-0.417839056
3,22,2018,0.410625985
3,23,2018,-1.578945597
3,26,2018,0.688958289
3,27,2018,1.146498614
3,28,2018,0.01798274
3,29,2018,0.197152082
4,2,2018,-0.885277638
4,3,2018,0.487233592
4,4,2018,0.423119366
4,5,2018,0.870105825
4,6,2018,-0.747334506
4,9,2018,0.116474329
4,10,2018,-0.750331418
4,11,2018,-0.036049928
4,12,2018,-1.287708205
4,13,2018,0.46434853
4,16,2018,1.239596487
4,17,2018,0.721929609
4,18,2018,-0.433242271
4,19,2018,0.124631886
4,20,2018,-0.755964056
4,23,2018,0.188070027
4,24,2018,0.580307105
4,25,2018,0.222459518
4,26,2018,0.957362839
4,27,2018,1.081416407
4,30,2018,-0.382577161
5,1,2018,-0.174615853
5,2,2018,-0.1573848
5,3,2018,0.31573409
5,4,2018,0.261874132
5,7,2018,-0.530666391
5,8,2018,-2.018247648
5,9,2018,-0.71556617
5,10,2018,0.933572694
5,11,2018,-0.017752131
5,14,2018,-0.549593131
5,15,2018,-0.349336263
5,16,2018,-0.745801054
5,17,2018,-0.859570237
5,18,2018,-0.118444786
5,21,2018,0.410063795
5,22,2018,0.317343365
5,23,2018,0.694448973
5,24,2018,0.734306452
5,25,2018,0.319687414
5,29,2018,0.310282793
5,30,2018,0.928870303
5,31,2018,0.228172011
6,1,2018,-1.246274333
6,4,2018,-0.851893676
6,5,2018,-0.813586067
6,6,2018,-2.072255195
6,7,2018,0.312388839
6,8,2018,-0.027470474
6,11,2018,-0.712464358
6,12,2018,1.381597126
6,13,2018,-0.25449828
6,14,2018,1.148065604
6,15,2018,0.702701802
6,18,2018,0.528245133
6,19,2018,1.086763743
6,20,2018,-0.035240066
6,21,2018,0.317230341
6,22,2018,0.499780785
6,25,2018,1.448141013
6,26,2018,0.172292382
6,27,2018,0.593550108
6,28,2018,-0.094828448
6,29,2018,0.268047553
7,2,2018,0.758879793
7,3,2018,0.15389877
7,5,2018,0.477371929
7,6,2018,0.720398351
7,9,2018,-3.079256242
7,10,2018,1.245536125
7,11,2018,0.8
7,12,2018,-0.051142077
7,13,2018,-0.085176728
7,16,2018,-0.119391947
7,17,2018,-0.281163834
7,18,2018,-0.38487599
7,19,2018,0.82283279
7,20,2018,-0.451793546
7,23,2018,-0.718812248
7,24,2018,0.405620944
7,25,2018,0.31850134
7,26,2018,0.735162402
7,27,2018,-0.441205664
7,30,2018,-0.469325873
7,31,2018,0.588689537
8,1,2018,-0.485188105
8,2,2018,0.65879964
8,3,2018,0.82391402
8,6,2018,0.08417424
8,7,2018,-0.092570057
8,8,2018,-0.269996632
8,9,2018,0.422582826
8,10,2018,-0.638496183
8,13,2018,0.092976081
8,14,2018,0.193997136
8,15,2018,0.521091767
8,16,2018,1.170863093
8,17,2018,0.479538664
8,20,2018,-0.484517545
8,21,2018,-0.594593297
8,22,2018,-0.829806641
8,23,2018,-0.10878169
8,24,2018,0.511230305
8,27,2018,-0.791407024
8,28,2018,-0.126083045
8,29,2018,0.394296151
8,30,2018,0.025051357
8,31,2018,-0.591813782
9,4,2018,0.351757113
9,5,2018,1.19286039
9,6,2018,0.452938318
9,7,2018,-0.437617864
9,10,2018,0.289661503
9,11,2018,-0.181579723
9,12,2018,0.049667217
9,13,2018,0.694275571
9,14,2018,-0.164660795
9,17,2018,0.330170032
9,18,2018,-0.0247007
9,19,2018,-2.190739618
9,20,2018,0.37080228
9,21,2018,0.487472672
9,24,2018,-0.826170945
9,25,2018,-0.945405811
9,26,2018,-1.260721291
9,27,2018,0.788906819
9,28,2018,1.115212319
10,1,2018,-0.135988437
10,2,2018,0.976806227
10,3,2018,-1.018946526
10,4,2018,0.596357998
10,5,2018,1.542503628
10,8,2018,0.616151551
10,9,2018,0.388945726
10,10,2018,-0.470529144
10,11,2018,-2.169774741
10,12,2018,-0.033853249
10,15,2018,0.389367703
10,16,2018,1.103806876
10,17,2018,-0.10839086
10,18,2018,0.150300599
10,19,2018,1.653585296
10,22,2018,-0.697807252
10,23,2018,-0.743618944
10,24,2018,1.640841993
10,25,2018,-1.064529126
10,26,2018,-2.12573283
10,29,2018,1.066961279
10,30,2018,0.116143188
10,31,2018,-0.938691667
11,1,2018,-0.27680087
11,2,2018,-0.687803215
11,5,2018,1.07852966
11,6,2018,0.85897587
11,7,2018,0.666444786
11,8,2018,-0.261608895
11,9,2018,0.369395009
11,12,2018,0.683354196
11,13,2018,0.326932576
11,14,2018,-0.401610517
11,15,2018,-0.173509875
11,16,2018,-0.032653878
11,19,2018,0.629346148
11,20,2018,-0.809913333
11,21,2018,-1.129478638
11,23,2018,0.124167215
11,26,2018,0.371529879
11,27,2018,0.77385609
11,28,2018,-0.097939114
11,29,2018,-0.31025881
11,30,2018,1.366051534
12,3,2018,0.953150219
12,4,2018,-0.159671082
12,6,2018,-0.48532102
12,7,2018,0.495678758
12,10,2018,0.246578108
12,11,2018,0.087087326
12,12,2018,-0.474419226
12,13,2018,0.720058416
12,14,2018,-0.277952673
12,17,2018,-3.37999051
12,18,2018,-1.397857412
12,19,2018,-0.347421626
12,20,2018,0.058043119
12,21,2018,-1.015860571
12,24,2018,-4.28070525
12,26,2018,1.368072475
12,27,2018,0.816576442
12,28,2018,-0.237837419
12,31,2018,0.067942251
1,2,2019,-1.263664585
1,3,2019,0.103757024
1,4,2019,1.942250898
1,7,2019,-0.162534642
1,8,2019,1.276448181
1,9,2019,-0.550522571
1,10,2019,1.266574305
1,11,2019,-0.344679286
1,14,2019,-1.150109077
1,15,2019,1.563713175
1,16,2019,0.588186865
1,17,2019,0.695563667
1,18,2019,-0.075677768
1,22,2019,0.058907682
1,23,2019,0.991596639
1,24,2019,0.532445105
1,25,2019,-1.020918799
1,28,2019,-0.561513577
1,29,2019,-0.025205008
1,30,2019,0.714884765
1,31,2019,1.960619039
2,1,2019,-0.139388325
2,4,2019,0.46944491
2,5,2019,0.057339449
2,6,2019,-0.294599844
2,7,2019,1.379423587
2,8,2019,0.754748411
2,11,2019,-0.024188633
2,12,2019,-0.056333493
2,13,2019,-0.088710484
2,14,2019,-0.257981294
2,15,2019,0.112793262
2,19,2019,0.571427767
2,20,2019,0.4239992
2,21,2019,1.006632596
2,22,2019,0.394383975
2,25,2019,-0.691284351
2,26,2019,-0.489186531
2,27,2019,0.325529186
2,28,2019,0.482824932
3,1,2019,0.094395058
3,4,2019,-0.015667163
3,5,2019,-0.196016934
3,6,2019,-0.109932471
3,7,2019,0.09409786
3,8,2019,0.266002191
3,11,2019,0.686205525
3,12,2019,0.425193641
3,13,2019,0.023082486
3,14,2019,-0.161481734
3,15,2019,0.199749533
3,18,2019,-0.298896392
3,19,2019,-1.085191315
3,20,2019,0.054333175
3,21,2019,1.117630351
3,22,2019,0.31604333
3,25,2019,0.030700851
3,26,2019,0.497965223
3,27,2019,-0.753589128
3,28,2019,-1.188470345
3,29,2019,0.535258691
4,1,2019,-0.663631474
4,2,2019,-0.20170288
4,3,2019,0.05446744
4,4,2019,-0.535840629
4,5,2019,0.889096858
4,8,2019,-0.603760344
4,9,2019,0.077807516
4,10,2019,-0.426954642
4,11,2019,0.475448937
4,12,2019,0.652475507
4,15,2019,-0.131029747
4,16,2019,-1.30471938
4,17,2019,-0.38305035
4,18,2019,-0.211248732
4,22,2019,-0.078436741
4,23,2019,0.250809632
4,24,2019,0.484068543
4,25,2019,0.756277123
4,26,2019,-0.300439108
4,29,2019,-0.464173776
4,30,2019,1.585334249
5,1,2019,-0.797307562
5,2,2019,-0.131526499
5,3,2019,0.572571163
5,6,2019,-0.454227427
5,7,2019,-0.178084406
5,8,2019,-1.319572284
5,9,2019,-0.047204564
5,10,2019,1.883521175
5,13,2019,1.515266897
5,14,2019,-0.765286612
5,15,2019,-0.169545321
5,16,2019,0.719041309
5,17,2019,0.893616068
5,20,2019,-0.07620085
5,21,2019,-0.015235339
5,22,2019,0.593155133
5,23,2019,0.657592578
5,24,2019,-0.262452008
5,28,2019,-1.815043849
5,29,2019,-1.585367414
5,30,2019,-0.324950097
5,31,2019,0.621216809
6,3,2019,0.699787795
6,4,2019,-0.06096784
6,5,2019,1.579708386
6,6,2019,0.45552982
6,7,2019,-1.204811209
6,10,2019,-0.397509182
6,11,2019,-0.625001492
6,12,2019,0.830005288
6,13,2019,0.082188436
6,14,2019,0.888592457
6,17,2019,-0.39938538
6,18,2019,-0.842198575
6,19,2019,1.142813671
6,20,2019,0.08819271
6,21,2019,0.548274427
6,24,2019,-0.154519163
6,25,2019,-0.662442215
6,26,2019,-2.098629495
6,27,2019,-0.173673648
6,28,2019,0.506576459
7,1,2019,-0.420670839
7,2,2019,0.940203105
7,3,2019,0.483266914
7,5,2019,0.655594894
7,8,2019,0.081421906
7,9,2019,0.170279106
7,10,2019,0.044242312
7,11,2019,0.059028998
7,12,2019,-0.640974748
7,15,2019,0.222306785
7,16,2019,-0.178021663
7,17,2019,0.059269523
7,18,2019,0.844068575
7,19,2019,-1.27271102
7,22,2019,-0.490709294
7,23,2019,-0.604250639
7,24,2019,-0.149866619
7,25,2019,-0.060124757
7,26,2019,0.368480234
7,29,2019,0.298993873
7,30,2019,-0.380945609
7,31,2019,-0.50255998
8,1,2019,0.957193297
8,2,2019,-0.149051282
8,5,2019,-1.75242796
8,6,2019,1.022731818
8,7,2019,0.269966992
8,8,2019,1.121411525
8,9,2019,-0.051769232
8,12,2019,-0.147970549
8,13,2019,0.14076308
8,14,2019,-0.990754898
8,15,2019,1.050046925
8,16,2019,0.545123389
8,19,2019,0.630268244
8,20,2019,-0.486386933
8,21,2019,0.598021463
8,22,2019,0.145072536
8,23,2019,-1.280663418
8,26,2019,0.920644447
8,27,2019,-0.475609268
8,28,2019,-0.339449643
8,29,2019,0.295860149
8,30,2019,-0.165119543
9,3,2019,1.821847117
9,4,2019,-0.211388814
9,5,2019,-0.546645602
9,6,2019,-0.68312247
9,9,2019,-0.358783005
9,10,2019,0.22372763
9,11,2019,1.189013441
9,12,2019,-0.424632687
9,13,2019,-0.128410503
9,16,2019,-0.213829646
9,17,2019,0.713521258
9,18,2019,0.211851563
9,19,2019,0.063252742
9,20,2019,0.09111804
9,23,2019,0.0979569
9,24,2019,0.717869409
9,25,2019,0.117751615
9,26,2019,0.180826214
9,27,2019,-0.471366299
9,30,2019,-0.027843273
10,1,2019,-0.264726918
10,2,2019,-1.077898127
10,3,2019,0.169747508
10,4,2019,1.33954389
10,7,2019,-0.132645904
10,8,2019,-0.937333474
10,9,2019,0.232313969
10,10,2019,0.11964178
10,11,2019,-0.288065759
10,14,2019,-0.997820968
10,15,2019,-0.467822505
10,16,2019,0.270581739
10,17,2019,0.262668605
10,18,2019,0.403830694
10,21,2019,0.218472877
10,22,2019,0.161400702
10,23,2019,0.223765479
10,24,2019,0.223079126
10,25,2019,-1.098673265
10,28,2019,-0.847096545
10,29,2019,0.171078489
10,30,2019,0.838539647
10,31,2019,0.387708301
11,1,2019,-0.308535865
11,4,2019,-1.321992059
11,5,2019,-0.69345222
11,6,2019,0.150899621
11,7,2019,-0.900576349
11,8,2019,-0.153077716
11,11,2019,-0.621077008
11,12,2019,0.227972503
11,13,2019,1.208786813
11,14,2019,0.122715658
11,15,2019,0.259478872
11,18,2019,-0.07895492
11,19,2019,-0.028768245
11,20,2019,0.431131716
11,21,2019,-0.350454138
11,22,2019,-0.157548698
11,25,2019,-0.37268258
11,26,2019,0.273059061
11,27,2019,0.294098693
11,29,2019,-0.257235447
12,2,2019,-0.431441698
12,3,2019,0.115251025
12,4,2019,0.661726251
12,5,2019,0.27918963
12,6,2019,-0.035744514
12,9,2019,-0.64907562
12,10,2019,-0.043057989
12,11,2019,0.121801241
12,12,2019,-0.465155987
12,13,2019,0.653024012
12,16,2019,1.061309453
12,17,2019,0.163024315
12,18,2019,0.431187528
12,19,2019,-0.126630084
12,20,2019,0.640250452
12,23,2019,-1.207423236
12,24,2019,0.021187231
12,26,2019,0.007046175
12,27,2019,0.16900571
12,30,2019,0.232526779
