1,2,2008,-1.219011053
1,3,2008,-0.167251568
1,4,2008,-1.574200153
1,7,2008,-0.399827223
1,8,2008,-2.275484667
1,9,2008,0.778855706
1,10,2008,1.190820488
1,11,2008,-0.590474562
1,14,2008,0.44682187
1,15,2008,-1.263253902
1,16,2008,-0.036977003
1,17,2008,-2.974389122
1,18,2008,-1.120784517
1,22,2008,4.406887756
1,23,2008,5.175421331
1,24,2008,0.112620124
1,25,2008,-2.796063277
1,28,2008,1.829225047
1,29,2008,-0.096403147
1,30,2008,-0.625322703
1,31,2008,3.205269331
2,1,2008,1.1991811
2,4,2008,-1.291959544
2,5,2008,-1.541198805
2,6,2008,-1.420354297
2,7,2008,1.510294363
2,8,2008,-0.166012672
2,11,2008,0.719052398
2,12,2008,-0.363521049
2,13,2008,0
2,14,2008,-1.607211285
2,15,2008,-0.178643745
2,19,2008,-1.37096487
2,20,2008,1.570598838
2,21,2008,-1.684572581
2,22,2008,0.171598038
2,25,2008,1.562272007
2,26,2008,1.282610901
2,27,2008,0.358468061
2,28,2008,-0.381458311
2,29,2008,-1.388575056
3,3,2008,0.075630343
3,4,2008,0.388135482
3,5,2008,0.135873781
3,6,2008,-1.590913636
3,7,2008,-0.09329498
3,10,2008,-1.701232089
3,11,2008,1.041108985
3,12,2008,-1.240479509
3,13,2008,2.254752924
3,14,2008,-2.598190303
3,17,2008,1.222051157
3,18,2008,2.301791867
3,19,2008,-3.180345117
3,20,2008,0.900067656
3,24,2008,1.34623958
3,25,2008,0.180008998
3,26,2008,-0.923212517
3,27,2008,-1.008665367
3,28,2008,-1.077715592
3,31,2008,0.614442415
4,1,2008,2.12590134
4,2,2008,-0.103167284
4,3,2008,0.704903147
4,4,2008,-0.095651218
4,7,2008,-0.759795419
4,8,2008,0.347838968
4,9,2008,-0.965504184
4,10,2008,0.588418021
4,11,2008,-1.017583285
4,14,2008,-0.272314683
4,15,2008,-0.098042228
4,16,2008,1.616890534
4,17,2008,0.502803882
4,18,2008,-0.014515638
4,21,2008,0.240578847
4,22,2008,-0.576049293
4,23,2008,-0.073056187
4,24,2008,0.386859854
4,25,2008,0.274936679
4,28,2008,-0.230470282
4,29,2008,-0.289129008
4,30,2008,-0.708202032
5,1,2008,1.761291198
5,2,2008,-0.665912421
5,5,2008,-0.335787664
5,6,2008,1.215828777
5,7,2008,-1.41434972
5,8,2008,-0.338374385
5,9,2008,0.479340541
5,12,2008,0.86592292
5,13,2008,-0.164083615
5,14,2008,-0.156473678
5,15,2008,0.975086121
5,16,2008,-0.15455951
5,19,2008,0.021079334
5,20,2008,-0.38106554
5,21,2008,-1.83874831
5,22,2008,0.158216464
5,23,2008,-0.902461955
5,27,2008,0.646941883
5,28,2008,0.251901537
5,29,2008,0.604052935
5,30,2008,-0.156707743
6,2,2008,-0.657282265
6,3,2008,-0.87442658
6,4,2008,0.398553623
6,5,2008,1.669911562
6,6,2008,-2.136012349
6,9,2008,-0.29815142
6,10,2008,0.139481719
6,11,2008,-1.466813283
6,12,2008,-0.251681109
6,13,2008,0.959766732
6,16,2008,0.720585294
6,17,2008,-1.234565032
6,18,2008,-0.442482281
6,19,2008,0.400410796
6,20,2008,-0.892855695
6,23,2008,-0.806692536
6,24,2008,-0.318324991
6,25,2008,0.257349387
6,26,2008,-2.115675896
6,27,2008,-0.217526411
6,30,2008,-0.233502498
7,1,2008,1.4175413
7,2,2008,-2.307927581
7,3,2008,-0.724756566
7,7,2008,-1.375056109
7,8,2008,1.908271297
7,9,2008,-2.245252037
7,10,2008,0.529528241
7,11,2008,0.242125904
7,14,2008,-2.303776649
7,15,2008,-0.410172266
7,16,2008,1.903510041
7,17,2008,-0.079616243
7,18,2008,-0.363183314
7,21,2008,-0.330812854
7,22,2008,1.988545944
7,23,2008,0.295804128
7,24,2008,-2.465116279
7,25,2008,-0.063352868
7,28,2008,-1.798389364
7,29,2008,2.104082946
7,30,2008,0.955958299
7,31,2008,-0.37541217
8,1,2008,-0.704668013
8,4,2008,-0.788892383
8,5,2008,1.976590703
8,6,2008,0.466785458
8,7,2008,-1.072418469
8,8,2008,2.169130811
8,11,2008,1.046638432
8,12,2008,-0.764175455
8,13,2008,0.123650701
8,14,2008,1.243785759
8,15,2008,0.061107548
8,18,2008,-1.72072032
8,19,2008,-0.483087127
8,20,2008,0.14061875
8,21,2008,0.831636592
8,22,2008,0.851266045
8,25,2008,-1.513040058
8,26,2008,0.313481196
8,27,2008,0.561885438
8,28,2008,0.878137367
8,29,2008,-0.843938955
9,2,2008,-1.545292204
9,3,2008,-0.15544691
9,4,2008,-2.398499727
9,5,2008,1.048727009
9,8,2008,-1.040531155
9,9,2008,-3.362142864
9,10,2008,-0.434155016
9,11,2008,2.430672144
9,12,2008,1.847096108
9,15,2008,-1.143792465
9,16,2008,3.461082222
9,17,2008,-2.660455648
9,18,2008,2.09247729
9,19,2008,0
9,22,2008,-3.025022221
9,23,2008,-1.392532743
9,24,2008,-0.598008296
9,25,2008,0.263374486
9,26,2008,2.13123175
9,29,2008,-5.060125166
9,30,2008,0.620691379
10,1,2008,0
10,2,2008,-3.834861009
10,3,2008,-2.973451327
10,6,2008,-0.731705455
10,7,2008,-6.581421587
10,8,2008,0.70262659
10,9,2008,-7.867665927
10,10,2008,2.733379788
10,13,2008,6.354945937
10,14,2008,-6.041662993
10,15,2008,-7.240096947
10,16,2008,3.978777455
10,17,2008,2.148178478
10,20,2008,2.963429888
10,21,2008,-1.919903012
10,22,2008,-3.131073135
10,23,2008,1.045599532
10,24,2008,4.44444423
10,27,2008,-1.552941176
10,28,2008,7.094670524
10,29,2008,0.175828571
10,30,2008,-0.716392767
10,31,2008,1.753640323
11,3,2008,-0.124846023
11,4,2008,1.221247685
11,5,2008,-3.864140893
11,6,2008,-3.911923983
11,7,2008,1.541512883
11,10,2008,-3.328386828
11,11,2008,-0.867630681
11,12,2008,-3.116407037
11,13,2008,6.047058824
11,14,2008,-1.931813636
11,17,2008,-1.291989664
11,18,2008,1.000233341
11,19,2008,-5.860113422
11,20,2008,-5.46656977
11,21,2008,3.476428668
11,24,2008,4.0750025
11,25,2008,-1.147545641
11,26,2008,5.724632574
11,28,2008,1.628811654
12,1,2008,-6.381991181
12,2,2008,2.168613495
12,3,2008,4.95363104
12,4,2008,-1.556968661
12,5,2008,5.184997313
12,8,2008,0.922384681
12,9,2008,-1.011465452
12,10,2008,0.225027008
12,11,2008,-1.925686496
12,12,2008,3.971467395
12,15,2008,-2.072420861
12,16,2008,0
12,17,2008,0.29018081
12,18,2008,-2.301387526
12,19,2008,-0.809534499
12,22,2008,-1.819833981
12,23,2008,-1.612905456
12,24,2008,0.210378687
12,26,2008,0.161849711
12,29,2008,-0.601151445
12,30,2008,1.917297253
12,31,2008,1.35931811
1,2,2009,2.562384078
1,5,2009,0.283288304
1,6,2009,-0.215049462
1,7,2009,-1.334502326
1,8,2009,1.116071453
1,9,2009,-2.600837615
1,12,2009,-2.084272816
1,13,2009,0.58099002
1,14,2009,-1.505525829
1,15,2009,0.50226978
1,16,2009,-1.005603415
1,20,2009,-4.452378571
1,21,2009,2.45278391
1,22,2009,0.244195354
1,23,2009,2.889885473
1,26,2009,0.048183573
1,27,2009,0.574439937
1,28,2009,1.328668936
1,29,2009,-1.798645134
1,30,2009,-2.534944386
2,2,2009,1.307348266
2,3,2009,0.823047668
2,4,2009,-1.027236
2,5,2009,2.309190625
2,6,2009,2.630955265
2,9,2009,0.023099308
2,10,2009,-3.704557489
2,11,2009,0
2,12,2009,1.831949239
2,13,2009,-0.817113655
2,17,2009,-1.126682552
2,18,2009,-1.130369226
2,19,2009,-1.939058221
2,20,2009,0.891455189
2,23,2009,-4.496403109
2,24,2009,2.994646899
2,25,2009,-0.286984071
2,26,2009,-2.873416959
2,27,2009,-0.054306269
3,2,2009,-2.608221348
3,3,2009,-2.082166514
3,4,2009,0.594067926
3,5,2009,-1.841194007
3,6,2009,-0.843026114
3,9,2009,0.089109004
3,10,2009,4.154561543
3,11,2009,-0.690035882
3,12,2009,4.084459345
3,13,2009,0.132240145
3,16,2009,-1.697120149
3,17,2009,2.99655537
3,18,2009,2.639058078
3,19,2009,-2.507445445
3,20,2009,-2.486045281
3,23,2009,4.260717728
3,24,2009,-0.885611273
3,25,2009,0.173436567
3,26,2009,1.270774744
3,27,2009,-0.538162903
3,30,2009,-1.382601845
3,31,2009,-0.100951542
4,1,2009,3.221677238
4,2,2009,0.556237028
4,3,2009,1.1775943
4,6,2009,-0.023985611
4,7,2009,-0.974891567
4,8,2009,0.832109622
4,9,2009,1.395458879
4,13,2009,1.035533018
4,14,2009,-0.917213076
4,15,2009,1.720021459
4,16,2009,0.861672121
4,17,2009,0.345217483
4,20,2009,-2.453268749
4,21,2009,2.825409321
4,22,2009,0.545420941
4,23,2009,0.446960736
4,24,2009,0.835462984
4,27,2009,0.186397958
4,28,2009,0.940729069
4,29,2009,1.197607149
4,30,2009,-1.36955767
5,1,2009,0.569087184
5,4,2009,2.512898811
5,5,2009,-0.021963109
5,6,2009,0.369008031
5,7,2009,-2.505887824
5,8,2009,1.019958723
5,11,2009,-0.521856903
5,12,2009,-0.890529955
5,13,2009,-1.335406187
5,14,2009,1.060704106
5,15,2009,-0.805903327
5,18,2009,2.055861453
5,19,2009,0.043802015
5,20,2009,-1.496428074
5,21,2009,-0.579587593
5,22,2009,-0.290431202
5,26,2009,3.523835555
5,27,2009,-1.637197083
5,28,2009,0.617554036
5,29,2009,0.980821687
6,1,2009,1.107327536
6,2,2009,0.56961179
6,3,2009,-0.443972525
6,4,2009,0.656086772
6,5,2009,-1.207071825
6,8,2009,0.19047619
6,9,2009,0
6,10,2009,-1.248177658
6,11,2009,0.294053764
6,12,2009,0.568183923
6,15,2009,-1.269033445
6,16,2009,-1.813144159
6,17,2009,-0.086931106
6,18,2009,0.303817261
6,19,2009,-0.706339882
6,22,2009,-2.065219565
6,23,2009,-0.199379712
6,24,2009,-0.264898461
6,25,2009,2.779012895
6,26,2009,0.195439744
6,29,2009,0.47454917
6,30,2009,-0.729459328
7,1,2009,0.086023656
7,2,2009,-1.242098523
7,6,2009,0.826268442
7,7,2009,-1.885952962
7,8,2009,-0.540545021
7,9,2009,-0.427540514
7,10,2009,0.249829667
7,13,2009,1.895306859
7,14,2009,0.463883366
7,15,2009,1.605210482
7,16,2009,1.263112851
7,17,2009,0.063436243
7,20,2009,0.48298825
7,21,2009,-0.331812519
7,22,2009,0.73313361
7,23,2009,2.349276605
7,24,2009,0.981392353
7,27,2009,0.506585633
7,28,2009,0.446613904
7,29,2009,0.264713902
7,30,2009,-0.100361301
7,31,2009,0.140616716
8,3,2009,0.815433588
8,4,2009,0.852329022
8,5,2009,-0.372920503
8,6,2009,-1.156862745
8,7,2009,0.274615536
8,10,2009,0.13744355
8,11,2009,-0.983477577
8,12,2009,1.152848317
8,13,2009,0.312622118
8,14,2009,-0.876853079
8,17,2009,-0.741183924
8,18,2009,0.744464774
8,19,2009,1.671032884
8,20,2009,0.89056206
8,21,2009,1.031124473
8,24,2009,-0.4784689
8,25,2009,-0.191576625
8,26,2009,0.153907272
8,27,2009,0.422918108
8,28,2009,-0.741583951
8,31,2009,-0.038669759
9,1,2009,-1.672495203
9,2,2009,0.059614467
9,3,2009,0.494462016
9,4,2009,1.139933154
9,8,2009,-0.076893502
9,9,2009,0.729088656
9,10,2009,0.932449114
9,11,2009,-0.112903653
9,14,2009,1.387041585
9,15,2009,0.411979385
9,16,2009,1.24558094
9,17,2009,-0.220262482
9,18,2009,-0.256509701
9,21,2009,0.481217851
9,22,2009,-0.054901172
9,23,2009,-1.368613164
9,24,2009,-1.334570874
9,25,2009,-0.564015803
9,28,2009,1.488041062
9,29,2009,-0.462620273
9,30,2009,-0.685691265
10,1,2009,-2.303378191
10,2,2009,0.503881802
10,5,2009,1.036072545
10,6,2009,0.564546492
10,7,2009,0.374812587
10,8,2009,0.055553704
10,9,2009,0.591715954
10,12,2009,-0.054920372
10,13,2009,-0.055064244
10,14,2009,0.562505887
10,15,2009,0.888973166
10,16,2009,0.181493655
10,19,2009,0.72398552
10,20,2009,-0.771440589
10,21,2009,-0.68903352
10,22,2009,1.095695803
10,23,2009,-1.620156645
10,26,2009,-1.260968544
10,27,2009,-0.683790414
10,28,2009,-1.756677322
10,29,2009,1.284230382
10,30,2009,-2.376054212
11,2,2009,0
11,3,2009,1.07381971
11,4,2009,-0.80781702
11,5,2009,1.127611372
11,6,2009,0.728155326
11,9,2009,1.322558805
11,10,2009,0.272580416
11,11,2009,-0.072073874
11,12,2009,-0.99295723
11,13,2009,0.290909091
11,16,2009,0.75580709
11,17,2009,0.322176487
11,18,2009,-0.071366638
11,19,2009,-0.647833363
11,20,2009,0.182020389
11,23,2009,0.017957974
11,24,2009,-0.143345276
11,25,2009,0.196993195
11,27,2009,1.102734791
11,30,2009,0.272730909
12,1,2009,0.269400144
12,2,2009,0.178928255
12,3,2009,-1.104970574
12,4,2009,-0.710474258
12,7,2009,-0.089475661
12,8,2009,-0.324733899
12,9,2009,0.362122035
12,10,2009,-0.071750673
12,11,2009,0.178928255
12,14,2009,0.070961506
12,15,2009,-0.177718145
12,16,2009,-0.248007082
12,17,2009,-0.393563492
12,18,2009,0.125109917
12,21,2009,0.515282525
12,22,2009,0.212839656
12,23,2009,0.070603704
12,24,2009,0.334564178
12,28,2009,-0.297102407
12,29,2009,-0.524015721
12,30,2009,0.264179293
12,31,2009,-1.139952648
1,4,2010,0.791417503
1,5,2010,0.331355075
1,6,2010,0.191306087
1,7,2010,0.52128411
1,8,2010,0.589254756
1,11,2010,-0.308747861
1,12,2010,-0.398268398
1,13,2010,0.606484155
1,14,2010,0.241296105
1,15,2010,-1.032698831
1,19,2010,1.233708101
1,20,2010,-0.310882545
1,21,2010,-1.836453537
1,22,2010,-1.755322633
1,25,2010,-0.411594481
1,26,2010,-0.09016952
1,27,2010,0.669075961
1,28,2010,-1.574523199
1,29,2010,-1.593050268
2,1,2010,0.858914458
2,2,2010,1.011929888
2,3,2010,-0.089813188
2,4,2010,-2.320099776
2,5,2010,0.185595765
2,8,2010,-0.851534617
2,9,2010,0.20310192
2,10,2010,-0.018453874
2,11,2010,1.294618088
2,12,2010,1.014383972
2,16,2010,0.814621621
2,17,2010,0.017856759
2,18,2010,0.679301049
2,19,2010,0.658945658
2,22,2010,-0.493738326
2,23,2010,-0.994496519
2,24,2010,0.572143751
2,25,2010,1.388389856
2,26,2010,0.017785485
3,1,2010,0.72579215
3,2,2010,-0.157418232
3,3,2010,-0.226950074
3,4,2010,0.034916202
3,5,2010,0.813988541
3,8,2010,0
3,9,2010,0.499571068
3,10,2010,0.410891971
3,11,2010,0.735797412
3,12,2010,-0.456543802
3,15,2010,0.068010541
3,16,2010,0.59342489
3,17,2010,0.302368559
3,18,2010,-0.167397048
3,19,2010,0
3,22,2010,1.290100153
3,23,2010,0.552212201
3,24,2010,-0.267111844
3,25,2010,-0.884361755
3,26,2010,-0.168100515
3,29,2010,0.150880129
3,30,2010,-0.133664165
3,31,2010,0
4,1,2010,0.016667223
4,5,2010,0.564221725
4,6,2010,0.512737355
4,7,2010,-0.39544901
4,8,2010,0.664563892
4,9,2010,0.395000013
4,12,2010,0
4,13,2010,0.130893327
4,14,2010,0.830081394
4,15,2010,0.210011302
4,16,2010,-1.213395871
4,19,2010,0.558475681
4,20,2010,0.324676959
4,21,2010,-0.161678259
4,22,2010,1.058627001
4,23,2010,0.725574008
4,26,2010,-0.479614716
4,27,2010,-1.937047588
4,28,2010,0.131000491
4,29,2010,0.584512096
4,30,2010,-1.774484537
5,3,2010,0.915775931
5,4,2010,-1.327435267
5,5,2010,0.167732307
5,6,2010,-2.943155112
5,7,2010,-1.820702335
5,10,2010,0.135275619
5,11,2010,0.749187809
5,12,2010,1.195083319
5,13,2010,-1.049470282
5,14,2010,-1.085295895
5,17,2010,-0.119780974
5,18,2010,-2.209379674
5,19,2010,-0.069961521
5,20,2010,-1.718272807
5,21,2010,3.185769469
5,24,2010,-0.68604623
5,25,2010,2.439472953
5,26,2010,-1.208299347
5,27,2010,1.467430181
5,28,2010,-1.006000706
6,1,2010,-0.902038607
6,2,2010,2.009051584
6,3,2010,0.229968163
6,4,2010,-1.584160245
6,7,2010,-1.825483787
6,8,2010,0.686844267
6,9,2010,-1.117208832
6,10,2010,1.310762789
6,11,2010,1.48632233
6,14,2010,-0.797167391
6,15,2010,1.61490689
6,16,2010,0.350878947
6,17,2010,-0.139424884
6,18,2010,-0.139320799
6,21,2010,-1.65289767
6,22,2010,-1.801642533
6,23,2010,-0.480514335
6,24,2010,-1.208511927
6,25,2010,0.218458038
6,28,2010,-0.417421068
6,29,2010,-1.738171164
6,30,2010,-0.886287024
7,1,2010,-0.323805714
7,2,2010,-0.894380607
7,6,2010,-1.023109152
7,7,2010,2.997899618
7,8,2010,0.091883502
7,9,2010,0.660187065
7,12,2010,0.091139262
7,13,2010,0.486136109
7,14,2010,0.17952962
7,15,2010,0
7,16,2010,-2.358662183
7,19,2010,0.14690048
7,20,2010,2.451253573
7,21,2010,-1.943846257
7,22,2010,1.070782253
7,23,2010,1.114304477
7,26,2010,0.867874617
7,27,2010,-0.854101462
7,28,2010,-0.545872503
7,29,2010,-1.213083664
7,30,2010,1.060007186
8,2,2010,0.524840798
8,3,2010,-0.34872887
8,4,2010,0.418404804
8,5,2010,0.419283703
8,6,2010,0.632577754
8,9,2010,0
8,10,2010,0.38602736
8,11,2010,-1.245110259
8,12,2010,0.913909722
8,13,2010,0.054573403
8,16,2010,0.733275907
8,17,2010,0.486839172
8,18,2010,0.395402595
8,19,2010,-1.152735951
8,20,2010,0.054882913
8,23,2010,-1.018917413
8,24,2010,-0.408619985
8,25,2010,1.07102591
8,26,2010,-1.146455209
8,27,2010,1.021733196
8,30,2010,-1.271184622
8,31,2010,0.487435321
9,1,2010,1.695848848
9,2,2010,0.831975026
9,3,2010,0.301850142
9,7,2010,-0.710728513
9,8,2010,0.393202853
9,9,2010,-0.581187048
9,10,2010,0.212124801
9,13,2010,0.226957057
9,14,2010,0.174525308
9,15,2010,0.699424737
9,16,2010,0.261236512
9,17,2010,-0.500951814
9,20,2010,1.2100277
9,21,2010,-0.273177395
9,22,2010,-0.291748756
9,23,2010,-0.017363305
9,24,2010,0.93135564
9,27,2010,-0.58010748
9,28,2010,0.445659925
9,29,2010,0.051306652
9,30,2010,-0.849329044
10,1,2010,-0.373826691
10,4,2010,-0.683638718
10,5,2010,1.142366542
10,6,2010,-0.067455313
10,7,2010,-0.504371217
10,8,2010,0.540000018
10,11,2010,-0.150602415
10,12,2010,0.571044666
10,13,2010,0.299152411
10,14,2010,-0.248592973
10,15,2010,-0.42974876
10,18,2010,0.464420294
10,19,2010,-0.433698075
10,20,2010,0.870003346
10,21,2010,-0.3629797
10,22,2010,0.066084587
10,25,2010,-0.262596422
10,26,2010,0.546083071
10,27,2010,0.447242015
10,28,2010,-0.508616891
10,29,2010,0.214558508
11,1,2010,-0.507865326
11,2,2010,0
11,3,2010,0.179300739
11,4,2010,0.755750133
11,5,2010,0.318771109
11,8,2010,0.175300398
11,9,2010,-1.000001587
11,10,2010,0.513477214
11,11,2010,0.54723965
11,12,2010,-0.516129032
11,15,2010,-0.452560214
11,16,2010,-1.012573902
11,17,2010,0.164985973
11,18,2010,0.440528627
11,19,2010,0.389801852
11,22,2010,0.487646294
11,23,2010,-0.327118095
11,24,2010,0.929095385
11,26,2010,0.130253993
11,29,2010,0.523817319
11,30,2010,0.37828948
12,1,2010,0.678297826
12,2,2010,1.153478089
12,3,2010,0.667517504
12,6,2010,0.094849829
12,7,2010,-0.860181434
12,8,2010,0.078715365
12,9,2010,-0.250156352
12,10,2010,0.28111823
12,13,2010,-0.40315554
12,14,2010,-0.155397052
12,15,2010,-0.358249238
12,16,2010,0.484067763
12,17,2010,0.186484854
12,20,2010,-0.077296334
12,21,2010,0.184863646
12,22,2010,0.185159703
12,23,2010,-0.092459165
12,27,2010,0.355754049
12,28,2010,-0.092304615
12,29,2010,-0.06146435
12,30,2010,0.015399539
12,31,2010,0.16970071
1,3,2011,0.367192467
1,4,2011,-0.531751747
1,5,2011,0.811637022
1,6,2011,-0.348966752
1,7,2011,-0.395199872
1,10,2011,0.398043478
1,11,2011,0.030379824
1,12,2011,0.256562021
1,13,2011,-0.165562909
1,14,2011,0.76981434
1,18,2011,0.28468985
1,19,2011,-1.136196758
1,20,2011,-0.030321457
1,21,2011,-0.392159862
1,24,2011,0.621218182
1,25,2011,0.332166677
1,26,2011,0.360423509
1,27,2011,0.254259643
1,28,2011,-1.907314828
1,31,2011,0.515782783
2,1,2011,0.944240094
2,2,2011,0.104166671
2,3,2011,0.312452021
2,4,2011,0.162964444
2,7,2011,0.368677197
2,8,2011,0.352109721
2,9,2011,-0.01465924
2,10,2011,0.618747818
2,11,2011,0.969311263
2,14,2011,0.24723385
2,15,2011,-0.014554715
2,16,2011,0.290030457
2,17,2011,0.652559464
2,18,2011,0.057555396
2,22,2011,-1.061349245
2,23,2011,-0.735510412
2,24,2011,0.207869345
2,25,2011,0.766729578
2,28,2011,0.087395482
3,1,2011,-2.016244502
3,2,2011,0.311201824
3,3,2011,0.81918811
3,4,2011,-0.696261947
3,7,2011,-1.251821015
3,8,2011,0.721009428
3,9,2011,-0.014632826
3,10,2011,-0.901701378
3,11,2011,1.169238513
3,14,2011,0.014912778
3,15,2011,1.654161408
3,16,2011,-1.405897161
3,17,2011,-0.257027521
3,18,2011,-0.763590346
3,21,2011,0.47761194
3,22,2011,-0.37119526
3,23,2011,0.508075329
3,24,2011,0.354711773
3,25,2011,0.044226742
3,28,2011,-0.485083059
3,29,2011,0.708795028
3,30,2011,0.189555258
3,31,2011,0.014558953
4,1,2011,-0.202369182
4,4,2011,-0.072312362
4,5,2011,0.188374143
4,6,2011,-0.215921978
4,7,2011,-0.115598271
4,8,2011,-0.807028402
4,11,2011,-0.493319805
4,12,2011,-0.220105643
4,13,2011,-0.409834602
4,14,2011,0.650507106
4,15,2011,0.263815026
4,18,2011,-0.029588818
4,19,2011,0.339487823
4,20,2011,0.203398222
4,21,2011,0.086639711
4,25,2011,-0.10099553
4,26,2011,0.503594245
4,27,2011,0.442854286
4,28,2011,0.370046958
4,29,2011,0.170012747
5,2,2011,-0.647521106
5,3,2011,-0.340761039
5,4,2011,-0.726705614
5,5,2011,-0.230974458
5,6,2011,-0.544486308
5,9,2011,0.402876259
5,10,2011,0.542709249
5,11,2011,-0.952378137
5,12,2011,0.777315377
5,13,2011,-0.984863003
5,16,2011,-0.289473168
5,17,2011,0.393821482
5,18,2011,0.885599632
5,19,2011,-0.129026523
5,20,2011,-0.460696811
5,23,2011,0.014654945
5,24,2011,-0.408936755
5,25,2011,0.7652745
5,26,2011,0.83442983
5,27,2011,0.130221384
5,31,2011,0.100171727
6,1,2011,-2.020920253
6,2,2011,-0.204768164
6,3,2011,0.14830046
6,6,2011,-0.905583419
6,7,2011,-0.477326962
6,8,2011,-0.360303252
6,9,2011,0.420670085
6,10,2011,-1.036351726
6,13,2011,-0.196947426
6,14,2011,0.420987809
6,15,2011,-0.981135094
6,16,2011,0.137147205
6,17,2011,-0.663054541
6,20,2011,0.776022508
6,21,2011,1.006456362
6,22,2011,-0.313057534
6,23,2011,1.059648836
6,24,2011,-1.172930827
6,27,2011,0.806082129
6,28,2011,0.946367733
6,29,2011,0.504083047
6,30,2011,0.617827275
7,1,2011,1.38827561
7,5,2011,0.028846432
7,6,2011,0.433467713
7,7,2011,0.156806838
7,8,2011,0.374103597
7,11,2011,-0.595232314
7,12,2011,-0.102579135
7,13,2011,-0.131344139
7,14,2011,-1.078871619
7,15,2011,0.161362774
7,18,2011,-0.470794461
7,19,2011,1.117157153
7,20,2011,-0.333434314
7,21,2011,0.738265757
7,22,2011,0.158047418
7,25,2011,0.376814493
7,26,2011,-0.361167287
7,27,2011,-1.619021342
7,28,2011,-0.311432597
7,29,2011,0.42060688
8,1,2011,-1.640557101
8,2,2011,-2.011497186
8,3,2011,0.478109221
8,4,2011,-3.703705145
8,5,2011,-1.659752633
8,8,2011,-4.2091215
8,9,2011,3.29331395
8,10,2011,-2.403523954
8,11,2011,3.786576722
8,12,2011,-0.197301874
8,15,2011,1.306760841
8,16,2011,-0.016274414
8,17,2011,-0.582524281
8,18,2011,-1.806620974
8,19,2011,-0.294012452
8,22,2011,-2.204883009
8,23,2011,2.987392506
8,24,2011,1.578510522
8,25,2011,-2.283553512
8,26,2011,2.197064465
8,29,2011,1.779012567
8,30,2011,0.724866278
8,31,2011,-0.349207937
9,1,2011,-1.178157918
9,2,2011,-0.609158689
9,6,2011,2.49445246
9,7,2011,1.411689147
9,8,2011,-0.5052926
9,9,2011,-1.491295824
9,12,2011,2.045340107
9,13,2011,0.66589146
9,14,2011,0.838543242
9,15,2011,0.726393854
9,16,2011,0.111767522
9,19,2011,0.648932522
9,20,2011,-0.706710591
9,21,2011,-3.220061541
9,22,2011,-0.292394226
9,23,2011,1.239307013
9,26,2011,1.262149049
9,27,2011,-0.693759486
9,28,2011,-2.521984404
9,29,2011,-1.053337217
9,30,2011,-1.096641517
10,3,2011,-2.736144951
10,4,2011,3.867096809
10,5,2011,1.707315272
10,6,2011,2.075470018
10,7,2011,-1.47033756
10,10,2011,1.666666667
10,11,2011,0.742575932
10,12,2011,0.097451681
10,13,2011,0.424209489
10,14,2011,0.561614249
10,17,2011,-1.571014723
10,18,2011,2.13598069
10,19,2011,-1.198849086
10,20,2011,0.096729004
10,21,2011,0.684380051
10,24,2011,1.387139051
10,25,2011,-1.485304901
10,26,2011,-0.062766358
10,27,2011,0.70303989
10,28,2011,0.456961144
10,31,2011,-1.335384456
11,1,2011,0.272432684
11,2,2011,0.157477165
11,3,2011,0.871183897
11,4,2011,0.295482101
11,7,2011,0.589692719
11,8,2011,0.659812818
11,9,2011,-1.467837266
11,10,2011,-0.453480837
11,11,2011,0.729249064
11,14,2011,-0.633796549
11,15,2011,0.920717824
11,16,2011,-0.625100777
11,17,2011,-1.465029931
11,18,2011,-0.541401283
11,21,2011,-0.373801404
11,22,2011,-0.179975461
11,23,2011,-1.290746318
11,25,2011,-0.050433685
11,28,2011,0.261908659
11,29,2011,-0.032541491
11,30,2011,1.313086558
12,1,2011,0.140734947
12,2,2011,-0.989945832
12,5,2011,-0.354177692
12,6,2011,-0.046316198
12,7,2011,0.60447461
12,8,2011,-1.643412403
12,9,2011,1.365775489
12,12,2011,-0.578575441
12,13,2011,-1.67265747
12,14,2011,-0.670923344
12,15,2011,-0.794786203
12,16,2011,-0.365949097
12,19,2011,-1.621365443
12,20,2011,1.462409792
12,21,2011,0.20485503
12,22,2011,0.610709355
12,23,2011,0.496740158
12,27,2011,0.170174817
12,28,2011,-1.265822804
12,29,2011,0.858830405
12,30,2011,-0.263685431
1,3,2012,-0.30577127
1,4,2012,0.138136604
1,5,2012,0.908526304
1,6,2012,-0.274559191
1,9,2012,0
1,10,2012,-0.03020695
1,11,2012,0.51546999
1,12,2012,-0.030090251
1,13,2012,0.257652307
1,17,2012,-0.644387803
1,18,2012,1.160856289
1,19,2012,0.207806136
1,20,2012,0.252372324
1,23,2012,0.02962239
1,24,2012,0.565808483
1,25,2012,1.007707424
1,26,2012,-0.978395109
1,27,2012,0.563126827
1,30,2012,0.550423973
1,31,2012,-0.647061765
2,1,2012,0.308232804
2,2,2012,-0.043800556
2,3,2012,0.419137146
2,6,2012,0.288856161
2,7,2012,0.432893199
2,8,2012,0.129193217
2,9,2012,-0.028614769
2,10,2012,0.115549612
2,13,2012,0.028639358
2,14,2012,0.057390246
2,15,2012,-0.799997143
2,16,2012,1.180705595
2,17,2012,-0.156072638
2,21,2012,-0.340048163
2,22,2012,-0.128181173
2,23,2012,0.613584457
2,24,2012,-0.056618541
2,27,2012,0.755630179
2,28,2012,0.183778631
2,29,2012,-0.803041668
3,1,2012,0.396206322
3,2,2012,-0.4231368
3,5,2012,-0.227147921
3,6,2012,-0.660823148
3,7,2012,0.50431987
3,8,2012,0.35602392
3,9,2012,0.311617573
3,12,2012,-0.127016651
3,13,2012,1.264402922
3,14,2012,-0.235780866
3,15,2012,0.430312321
3,16,2012,-0.055173793
3,19,2012,0.441926505
3,20,2012,0.193540237
3,21,2012,-0.151703209
3,22,2012,-0.041750871
3,23,2012,0.37584217
3,26,2012,0.635895805
3,27,2012,-0.398078254
3,28,2012,-0.413797241
3,29,2012,0.376040374
3,30,2012,-0.289773695
4,2,2012,0.844175177
4,3,2012,-0.219815906
4,4,2012,-0.360713087
4,5,2012,0.209430318
4,9,2012,0.183611574
4,10,2012,-1.667139046
4,11,2012,-0.270005673
4,12,2012,1.308302048
4,13,2012,-0.957072444
4,16,2012,-0.636038163
4,17,2012,0.833574468
4,18,2012,-0.014050331
4,19,2012,-0.520544442
4,20,2012,-0.337739948
4,23,2012,0.128345688
4,24,2012,0.170651308
4,25,2012,0.47793647
4,26,2012,0.868594881
4,27,2012,0.027714483
4,30,2012,-0.277773611
5,1,2012,0.640667104
5,2,2012,0.320015292
5,3,2012,-0.91500905
5,4,2012,-1.125496592
5,7,2012,0.342425473
5,8,2012,0.185870741
5,9,2012,0.50504904
5,10,2012,-0.51289356
5,11,2012,0.418170163
5,14,2012,-0.231856246
5,15,2012,-0.465116259
5,16,2012,-0.858176
5,17,2012,-1.731222023
5,18,2012,-1.190126433
5,21,2012,1.546080687
5,22,2012,-0.132827623
5,23,2012,0.832958464
5,24,2012,-0.10295632
5,25,2012,-0.250254674
5,29,2012,0.468795767
5,30,2012,-0.735294118
5,31,2012,-0.266627158
6,1,2012,-0.966183604
6,4,2012,-0.152343086
6,5,2012,0.994038859
6,6,2012,1.532457979
6,7,2012,-1.286921671
6,8,2012,1.11375118
6,11,2012,-2.199567307
6,12,2012,0.921937546
6,13,2012,-0.413893558
6,14,2012,0.844444444
6,15,2012,0.717630356
6,18,2012,0.612688522
6,19,2012,0.490190304
6,20,2012,-0.215147731
6,21,2012,-2.354967007
6,22,2012,0.292618882
6,25,2012,-0.57795937
6,26,2012,0.223018132
6,27,2012,0.680473393
6,28,2012,0.45850761
6,29,2012,0.737093489
7,2,2012,0.028618862
7,3,2012,0.729095099
7,5,2012,-0.071209056
7,6,2012,-0.0431392
7,9,2012,-0.086463974
7,10,2012,-1.406020147
7,11,2012,-0.130895866
7,12,2012,0.21978315
7,13,2012,1.35687188
7,16,2012,-0.043269867
7,17,2012,0.25869502
7,18,2012,1.006331254
7,19,2012,-0.042617523
7,20,2012,-0.399884336
7,23,2012,0.45149575
7,24,2012,-0.999424957
7,25,2012,-0.218947592
7,26,2012,0.043244917
7,27,2012,1.360637353
7,30,2012,-0.0141451
7,31,2012,-0.453063873
8,1,2012,-0.90561627
8,2,2012,-0.014368891
8,3,2012,0.524157842
8,6,2012,0.014061578
8,7,2012,0.153933671
8,8,2012,0.47673023
8,9,2012,0.265625615
8,10,2012,0.503497902
8,13,2012,0.097588174
8,14,2012,-0.416208368
8,15,2012,0.348723662
8,16,2012,0.652597917
8,17,2012,0.09647051
8,20,2012,0.124092102
8,21,2012,-0.453299432
8,22,2012,0.221539737
8,23,2012,-0.581242718
8,24,2012,0.851481028
8,27,2012,-0.248550131
8,28,2012,0.180312072
8,29,2012,-0.055280541
8,30,2012,-0.3747453
8,31,2012,-0.027694862
9,4,2012,0.027730802
9,5,2012,-0.096911252
9,6,2012,1.447270788
9,7,2012,0.284744407
9,10,2012,-0.487276685
9,11,2012,0.16313486
9,12,2012,0
9,13,2012,1.527642267
9,14,2012,0.372240091
9,17,2012,-0.23882313
9,18,2012,0.026648454
9,19,2012,0
9,20,2012,0.3612
9,21,2012,-0.477454894
9,24,2012,0.242163319
9,25,2012,-1.258537923
9,26,2012,-0.556530489
9,27,2012,0.570882153
9,28,2012,-0.081396013
10,1,2012,-0.283820794
10,2,2012,-0.269937928
10,3,2012,0.13503376
10,4,2012,0.416606616
10,5,2012,-0.466363739
10,8,2012,0.040342836
10,9,2012,-0.941362279
10,10,2012,-0.570263393
10,11,2012,-0.623315693
10,12,2012,-0.490596913
10,15,2012,0.615013
10,16,2012,0.581473992
10,17,2012,0.38957683
10,18,2012,0.013412901
10,19,2012,-1.425685311
10,22,2012,0.136629317
10,23,2012,-0.193102069
10,24,2012,-0.647105906
10,25,2012,-0.44028481
10,26,2012,-0.027668049
10,31,2012,-0.358228152
11,1,2012,0.951202082
11,2,2012,-1.548702601
11,5,2012,0.428233187
11,6,2012,0.480106983
11,7,2012,-1.390804129
11,8,2012,-1.256984672
11,9,2012,0.326050463
11,12,2012,-0.253556846
11,13,2012,0.127755861
11,14,2012,-1.737773407
11,15,2012,-0.187046043
11,16,2012,0.403050232
11,19,2012,0.878563129
11,20,2012,0.23909846
11,21,2012,0.210370258
11,23,2012,0.849937335
11,26,2012,0.319182634
11,27,2012,-0.360252192
11,28,2012,1.158410296
11,29,2012,0.109862675
11,30,2012,-0.041156218
12,3,2012,-0.969017373
12,4,2012,-0.165338932
12,5,2012,0.027550289
12,6,2012,0.399780805
12,7,2012,-0.095746135
12,10,2012,0.191805732
12,11,2012,0.204240191
12,12,2012,-0.432781974
12,13,2012,-0.543479634
12,14,2012,-0.178030684
12,17,2012,0.92997808
12,18,2012,0.973765189
12,19,2012,-0.855156379
12,20,2012,0.461200482
12,21,2012,0.561494134
12,24,2012,-0.027318307
12,26,2012,-0.6683006
12,27,2012,-0.150933047
12,28,2012,-0.483891871
12,31,2012,1.947693459
1,2,2013,0.818462375
1,3,2013,-0.119813627
1,4,2013,0.359335911
1,7,2013,0.0399029
1,8,2013,-0.133136731
1,9,2013,0.066492883
1,10,2013,0.185134878
1,11,2013,0.013192977
1,14,2013,-0.079205281
1,15,2013,0.570291762
1,16,2013,0.118917812
1,17,2013,0.2364998
1,18,2013,0.235849057
1,22,2013,0.522878431
1,23,2013,0.077990381
1,24,2013,0.208013526
1,25,2013,0.168008536
1,28,2013,-0.206180418
1,29,2013,0.465478431
1,30,2013,-0.386153935
1,31,2013,-0.103455319
2,1,2013,0.282850351
2,4,2013,-0.592476824
2,5,2013,0.373616322
2,6,2013,0.476316941
2,7,2013,-0.179370909
2,8,2013,0.448542874
2,11,2013,-0.025529607
2,12,2013,0.165949715
2,13,2013,-0.12709456
2,14,2013,0.421189545
2,15,2013,-0.203179683
2,19,2013,0.546309243
2,20,2013,-1.289350255
2,21,2013,-0.423675702
2,22,2013,0.50051336
2,25,2013,-2.300453737
2,26,2013,0.220234481
2,27,2013,1.345931203
2,28,2013,-0.089388331
3,1,2013,0.590044902
3,4,2013,0.690185345
3,5,2013,0.530635489
3,6,2013,-0.187868246
3,7,2013,0.100243104
3,8,2013,0.049849182
3,11,2013,0.386579364
3,12,2013,-0.136696904
3,13,2013,0.1741931
3,14,2013,0.297321602
3,15,2013,-0.037081581
3,18,2013,0.361867986
3,19,2013,-0.483869739
3,20,2013,0.198383132
3,21,2013,-0.22403785
3,22,2013,0.324880674
3,25,2013,-0.657983836
3,26,2013,0.348527525
3,27,2013,0.648697572
3,28,2013,0.359490526
4,1,2013,-0.518836338
4,2,2013,-0.111308433
4,3,2013,-1.150706508
4,4,2013,0.28745906
4,5,2013,0.883165509
4,8,2013,0.56249625
4,9,2013,0.099258067
4,10,2013,1.038580652
4,11,2013,0.367057371
4,12,2013,-0.024466731
4,15,2013,-2.087166437
4,16,2013,0.70930686
4,17,2013,-0.833434517
4,18,2013,-0.788975599
4,19,2013,0.616436045
4,22,2013,0.237118441
4,23,2013,0.582260895
4,24,2013,0.135469217
4,25,2013,0.122636741
4,26,2013,-0.049062922
4,29,2013,0.367155799
4,30,2013,0.292617665
5,1,2013,-0.840339778
5,2,2013,0.80871951
5,3,2013,0.060251839
5,6,2013,0.252554414
5,7,2013,0.287147636
5,8,2013,0.585281885
5,9,2013,-0.308827644
5,10,2013,0.309378864
5,13,2013,0.154410259
5,14,2013,0.936018935
5,15,2013,0.587820376
5,16,2013,-0.374137734
5,17,2013,0.596005609
5,20,2013,0.069757003
5,21,2013,0.081263061
5,22,2013,-1.066293476
5,23,2013,0.840334971
5,24,2013,0.507904535
5,28,2013,-0.453330239
5,29,2013,-0.164318081
5,30,2013,0.29356504
5,31,2013,-1.06832942
6,3,2013,0.189465963
6,4,2013,-0.613791305
6,5,2013,-1.166800837
6,6,2013,0.963975201
6,7,2013,0.569062254
6,10,2013,-0.340576621
6,11,2013,-0.118903689
6,12,2013,-1.525184405
6,13,2013,1.634223725
6,14,2013,-0.461593099
6,17,2013,0.023625842
6,18,2013,0.636868727
6,19,2013,-1.11515903
6,20,2013,-1.581405276
6,21,2013,-0.326753007
6,24,2013,-0.23425348
6,25,2013,0.085720055
6,26,2013,0.109218444
6,27,2013,0.09636353
6,28,2013,-0.313519836
7,1,2013,0.084043702
7,2,2013,-0.072008879
7,3,2013,0.481986998
7,5,2013,0.309452522
7,8,2013,0.023614686
7,9,2013,0.117328401
7,10,2013,0.093799975
7,11,2013,0.208262177
7,12,2013,0.173331405
7,15,2013,0.126559654
7,16,2013,-0.505343976
7,17,2013,-0.114927017
7,18,2013,0.355960517
7,19,2013,0.378442674
7,22,2013,0.034210285
7,23,2013,-0.420791539
7,24,2013,-0.841384906
7,25,2013,0.609194253
7,26,2013,0.355380018
7,29,2013,-0.205902544
7,30,2013,-0.239889191
7,31,2013,-0.011440009
8,1,2013,0.488082871
8,2,2013,0.158317313
8,5,2013,0.079087107
8,6,2013,-0.576208325
8,7,2013,-0.011409993
8,8,2013,-0.090809404
8,9,2013,-0.125143342
8,12,2013,0.389065115
8,13,2013,0
8,14,2013,-0.50057223
8,15,2013,-0.760188897
8,16,2013,-0.232347811
8,19,2013,-0.408638636
8,20,2013,0.503337235
8,21,2013,-0.315305395
8,22,2013,0.666277008
8,23,2013,0.081007981
8,26,2013,-0.381099452
8,27,2013,-0.749677846
8,28,2013,0.377714821
8,29,2013,0.459472212
8,30,2013,-0.784181864
9,3,2013,-0.664568054
9,4,2013,0.809196698
9,5,2013,0.058128123
9,6,2013,-0.31250578
9,9,2013,0.775191484
9,10,2013,0.136886829
9,11,2013,0.353483478
9,12,2013,-0.329434288
9,13,2013,0.05689655
9,16,2013,-0.562239964
9,17,2013,0.406597014
9,18,2013,1.14710304
9,19,2013,-0.299763517
9,20,2013,-0.767607084
9,23,2013,-0.158173084
9,24,2013,-0.011327063
9,25,2013,-0.305632796
9,26,2013,0.215374062
9,27,2013,0.079554497
9,30,2013,0.309000926
10,1,2013,0.763626642
10,2,2013,0.398132163
10,3,2013,-0.601997949
10,4,2013,0.662329565
10,7,2013,-0.102911381
10,8,2013,-1.203441834
10,9,2013,-0.277839787
10,10,2013,1.148369289
10,11,2013,0.818360963
10,14,2013,1.100763694
10,15,2013,-0.539987631
10,16,2013,0.741660877
10,17,2013,1.074426437
10,18,2013,0.264577227
10,21,2013,-0.109887912
10,22,2013,0.219246873
10,23,2013,-0.197433371
10,24,2013,0.098625753
10,25,2013,0.109203888
10,28,2013,0.098195306
10,29,2013,0.271886904
10,30,2013,-0.747151072
10,31,2013,-0.218361184
11,1,2013,0.076552929
11,4,2013,0.130706898
11,5,2013,-0.043612869
11,6,2013,-0.195482185
11,7,2013,-1.637923817
11,8,2013,1.256197245
11,11,2013,0.174306567
11,12,2013,0.054485613
11,13,2013,1.324139899
11,14,2013,0.312703263
11,15,2013,0.440721277
11,18,2013,-0.768246897
11,19,2013,-0.268875018
11,20,2013,-0.484440742
11,21,2013,0.538967356
11,22,2013,0.364068962
11,25,2013,-0.351215415
11,26,2013,0.096127313
11,27,2013,0.063875226
11,29,2013,-0.223236951
12,2,2013,-0.425254102
12,3,2013,-0.107065308
12,4,2013,0.215119929
12,5,2013,-0.257673398
12,6,2013,0.063963751
12,9,2013,-0.190981432
12,10,2013,-0.180983711
12,11,2013,-1.363441671
12,12,2013,-0.14044728
12,13,2013,-0.248142189
12,16,2013,0.182912628
12,17,2013,-0.439721159
12,18,2013,1.397401928
12,19,2013,0.074365242
12,20,2013,0.500746852
12,23,2013,0.052723537
12,24,2013,0.168442998
12,26,2013,0.209639409
12,27,2013,-0.19847696
12,30,2013,-0.031378662
12,31,2013,0.208939613
1,2,2014,-0.71010859
1,3,2014,-0.2413716
1,6,2014,-0.722515183
1,7,2014,0.241617812
1,8,2014,0.052384743
1,9,2014,-0.271315866
1,10,2014,0.062640427
1,13,2014,-1.169715927
1,14,2014,0.779519646
1,15,2014,0.2188868
1,16,2014,0.03123269
1,17,2014,-0.302084375
1,21,2014,-0.342467825
1,22,2014,-0.062322636
1,23,2014,-0.407225658
1,24,2014,-1.530016931
1,27,2014,-0.642947921
1,28,2014,0.516744542
1,29,2014,-0.280558979
1,30,2014,0.278874817
1,31,2014,0.475979003
2,3,2014,-2.305039953
2,4,2014,0.208335533
2,5,2014,0.25269502
2,6,2014,0.950926898
2,7,2014,0.656338484
2,10,2014,0.04272698
2,11,2014,0.787323136
2,12,2014,-0.052684646
2,13,2014,1.37015398
2,14,2014,0.524109004
2,18,2014,0.124924008
2,19,2014,-0.44805668
2,20,2014,0.5541014
2,21,2014,-0.300862126
2,24,2014,0.280146305
2,25,2014,-0.16533637
2,26,2014,-0.12393163
2,27,2014,0.610580584
2,28,2014,0.236702691
3,3,2014,0.124264264
3,4,2014,0.285917492
3,5,2014,-0.030530225
3,6,2014,-0.131923076
3,7,2014,-0.465397631
3,10,2014,-0.010172905
3,11,2014,-0.751267005
3,12,2014,0.482745476
3,13,2014,-1.507438378
3,14,2014,0.072531342
3,17,2014,0.267794841
3,18,2014,0.542752677
3,19,2014,-0.600749421
3,20,2014,0.739297677
3,21,2014,-0.831896114
3,24,2014,-0.947916615
3,25,2014,-0.102879633
3,26,2014,-1.261275675
3,27,2014,0
3,28,2014,0.155643868
3,31,2014,0.381053561
4,1,2014,0.347332724
4,2,2014,0.081253302
4,3,2014,-0.455838731
4,4,2014,-1.942531442
4,7,2014,-0.869561095
4,8,2014,0.438594394
4,9,2014,0.860105699
4,10,2014,-2.168551834
4,11,2014,-0.433133301
4,14,2014,-0.136811202
4,15,2014,0.430993391
4,16,2014,0.343001771
4,17,2014,0.321515252
4,21,2014,0.351316391
4,22,2014,0.370142908
4,23,2014,-0.256095055
4,24,2014,-0.347502058
4,25,2014,-0.658502919
4,28,2014,-0.216718262
4,29,2014,0.17525567
4,30,2014,0.370485754
5,1,2014,0.153982131
5,2,2014,-0.112709299
5,5,2014,0.659792784
5,6,2014,-0.677622163
5,7,2014,0.164900548
5,8,2014,-0.164791437
5,9,2014,0.247599298
5,12,2014,0.676156125
5,13,2014,-0.193092476
5,14,2014,-0.478908707
5,15,2014,-0.606002459
5,16,2014,0.268264554
5,19,2014,0.71177531
5,20,2014,-0.635761915
5,21,2014,0.431964401
5,22,2014,0.296858424
5,23,2014,0.397553525
5,27,2014,0.313666896
5,28,2014,-0.131106288
5,29,2014,0.302232515
5,30,2014,0.140788412
6,2,2014,-0.10020641
6,3,2014,0.211168433
6,4,2014,0.493063005
6,5,2014,0.659871046
6,6,2014,0.207940394
6,9,2014,0.167990124
6,10,2014,0.138325266
6,11,2014,-0.049471602
6,12,2014,-0.584849343
6,13,2014,0.169244405
6,16,2014,0.248880047
6,17,2014,0.497215603
6,18,2014,0.722196266
6,19,2014,0.029438665
6,20,2014,-0.02935323
6,23,2014,-0.048931401
6,24,2014,-0.521960798
6,25,2014,0.69430371
6,26,2014,-0.06894514
6,27,2014,0.503854964
6,30,2014,0.216636133
7,1,2014,0.421279514
7,2,2014,-0.087776261
7,3,2014,0.233604248
7,7,2014,-0.350195515
7,8,2014,-0.664444036
7,9,2014,0.18643312
7,10,2014,0.613682081
7,11,2014,0.108236744
7,14,2014,-0.068426195
7,15,2014,-0.322582591
7,16,2014,-0.12700078
7,17,2014,-0.814678077
7,18,2014,0.78942474
7,21,2014,0.06874202
7,22,2014,0.127086713
7,23,2014,0.07798986
7,24,2014,-0.155577602
7,25,2014,-0.224679099
7,28,2014,-0.068505578
7,29,2014,-0.537689896
7,30,2014,-0.303569321
7,31,2014,-1.364720094
8,1,2014,-0.060276241
8,4,2014,0.431120923
8,5,2014,-0.411229701
8,6,2014,0.495849018
8,7,2014,-1.031856341
8,8,2014,0.980195038
8,11,2014,-0.029903309
8,12,2014,-0.059895179
8,13,2014,0.298451063
8,14,2014,0.32696126
8,15,2014,-0.344426284
8,18,2014,0.314155701
8,19,2014,0.273408836
8,20,2014,0.419512195
8,21,2014,0.155343689
8,22,2014,-0.106672805
8,25,2014,-0.048257723
8,26,2014,0.086826819
8,27,2014,-0.125226859
8,28,2014,0.280791056
8,29,2014,0.125298313
9,2,2014,-0.076895424
9,3,2014,-0.517291891
9,4,2014,-0.365354286
9,5,2014,0.501983802
9,8,2014,-0.067326151
9,9,2014,-0.578200845
9,10,2014,0.31966966
9,11,2014,0.581675219
9,12,2014,-0.588292013
9,15,2014,-0.281280316
9,16,2014,0.965380762
9,17,2014,-0.048211188
9,18,2014,0.153819462
9,19,2014,-0.583223084
9,22,2014,-0.703617349
9,23,2014,-0.379561071
9,24,2014,0.696213943
9,25,2014,-1.317971297
9,26,2014,0.602232199
9,29,2014,0.692936073
9,30,2014,-0.608681518
10,1,2014,-1.18682325
10,2,2014,0.100138192
10,3,2014,0.377363467
10,6,2014,-0.679337403
10,7,2014,-1.065842226
10,8,2014,1.630601945
10,9,2014,-1.846154839
10,10,2014,-1.203838163
10,13,2014,-1.647734128
10,14,2014,-0.19670153
10,15,2014,0.703854382
10,16,2014,2.441886356
10,17,2014,-0.328406192
10,20,2014,1.102864392
10,21,2014,1.440014183
10,22,2014,-1.046862381
10,23,2014,0.179515314
10,24,2014,0.566713053
10,27,2014,0.158655432
10,28,2014,0.867505898
10,29,2014,-0.283038262
10,30,2014,0.90302908
10,31,2014,0.019227885
11,3,2014,-0.105576349
11,4,2014,-0.19249759
11,5,2014,-0.296648804
11,6,2014,0.364260928
11,7,2014,0.066851304
11,10,2014,0.209764499
11,11,2014,0.028524295
11,12,2014,0.353021665
11,13,2014,-0.151914166
11,14,2014,-0.057022711
11,17,2014,0.152384762
11,18,2014,0.513113845
11,19,2014,-0.132513012
11,20,2014,0.704290473
11,21,2014,-0.449223219
11,24,2014,0.103141114
11,25,2014,-0.168350171
11,26,2014,0.196690087
11,28,2014,-0.327254801
12,1,2014,-0.751176526
12,2,2014,0.529298662
12,3,2014,0.375792928
12,4,2014,0.009373946
12,5,2014,0.084218603
12,8,2014,-0.543219084
12,9,2014,1.151941154
12,10,2014,-1.377747463
12,11,2014,0.057179072
12,12,2014,-0.844372473
12,15,2014,-1.118076145
12,16,2014,-0.19601784
12,17,2014,1.72127335
12,18,2014,0.862071824
12,19,2014,0.281402305
12,22,2014,0.103124879
12,23,2014,-0.214468486
12,24,2014,-0.288772246
12,26,2014,0.046596777
12,29,2014,0.21422783
12,30,2014,-0.335133129
12,31,2014,-1.110180033
1,2,2015,-0.535261537
1,5,2015,-1.186521143
1,6,2015,-1.264367792
1,7,2015,0.211357487
1,8,2015,0.893454053
1,9,2015,-0.987587472
1,12,2015,-0.975846491
1,13,2015,-0.996869819
1,14,2015,0.650230972
1,15,2015,-1.335895204
1,16,2015,1.374131163
1,20,2015,-0.239417741
1,21,2015,0.683151159
1,22,2015,0.940711724
1,23,2015,-0.339271507
1,26,2015,0.416077541
1,27,2015,-0.398601109
1,28,2015,-1.997349508
1,29,2015,0.790742549
1,30,2015,-0.54982156
2,2,2015,0.744037119
2,3,2015,0.915156322
2,4,2015,0.047416539
2,5,2015,0.670190661
2,6,2015,-0.514591145
2,9,2015,-0.179257481
2,10,2015,0.356804695
2,11,2015,0.243744263
2,12,2015,0.455939328
2,13,2015,0.435186111
2,17,2015,0.249142745
2,18,2015,0.258254017
2,19,2015,0.258325494
2,20,2015,0.746748403
2,23,2015,0.091599342
2,24,2015,0.219617498
2,25,2015,-0.009128688
2,26,2015,-0.036539974
2,27,2015,-0.301784185
3,2,2015,0.531574553
3,3,2015,-0.210105963
3,4,2015,-0.091826445
3,5,2015,-0.055028892
3,6,2015,-0.931134867
3,9,2015,0.24163848
3,10,2015,-0.728971028
3,11,2015,-0.272480504
3,12,2015,0.9392317
3,13,2015,-0.465679413
3,16,2015,0.791726893
3,17,2015,0.185525969
3,18,2015,1.448735141
3,19,2015,-0.165093095
3,20,2015,0.246601521
3,23,2015,-0.13671254
3,24,2015,-0.502102424
3,25,2015,-1.702870045
3,26,2015,0.178591035
3,27,2015,0.253287997
3,30,2015,0.594857351
3,31,2015,-0.445561113
4,1,2015,-0.270163043
4,2,2015,0.336354296
4,6,2015,0.80171532
4,7,2015,-0.33293259
4,8,2015,0.212965741
4,9,2015,0.378931619
4,10,2015,0.229631664
4,13,2015,-0.320982205
4,14,2015,0.174851825
4,15,2015,0.14647016
4,16,2015,0.109855348
4,17,2015,-0.570372601
4,20,2015,0.266863905
4,21,2015,-0.475100059
4,22,2015,0.284192331
4,23,2015,0.540593738
4,24,2015,-0.063682679
4,27,2015,-0.825848973
4,28,2015,0.027386343
4,29,2015,0.073382257
4,30,2015,-0.799774782
5,1,2015,0.461254604
5,4,2015,0.03661754
5,5,2015,-1.090038492
5,6,2015,-0.645872873
5,7,2015,0.455388484
5,8,2015,0.311608466
5,11,2015,-0.310988744
5,12,2015,0.175142879
5,13,2015,-0.220242266
5,14,2015,0.439034109
5,15,2015,0.054609576
5,18,2015,0.491758501
5,19,2015,-0.072471464
5,20,2015,-0.099685521
5,21,2015,0.299511708
5,22,2015,-0.072471464
5,26,2015,-0.790760792
5,27,2015,0.639566029
5,28,2015,0.072748931
5,29,2015,-0.618238033
6,1,2015,-0.200365204
6,2,2015,0.228832952
6,3,2015,0.091089452
6,4,2015,-0.456621005
6,5,2015,0
6,8,2015,-0.587802184
6,9,2015,-0.092376905
6,10,2015,0.708375365
6,11,2015,0.063804576
6,12,2015,-0.201318633
6,15,2015,0.258587923
6,16,2015,0.654686049
6,17,2015,0.009141132
6,18,2015,0.766559577
6,19,2015,-0.407642906
6,22,2015,-0.063244489
6,23,2015,-0.009032782
6,24,2015,-0.615051567
6,25,2015,-0.598907457
6,26,2015,-0.256198186
6,29,2015,-1.203365743
6,30,2015,-0.55752275
7,1,2015,-0.277722652
7,2,2015,-0.434984717
7,6,2015,0.289751384
7,7,2015,0.418835621
7,8,2015,-0.943045769
7,9,2015,-0.783951455
7,10,2015,0.018587098
7,13,2015,0.221033335
7,14,2015,0.468745391
7,15,2015,-0.182870069
7,16,2015,0.072828404
7,17,2015,-0.027274298
7,20,2015,-0.072696045
7,21,2015,-0.354931753
7,22,2015,0.210819436
7,23,2015,-0.703392704
7,24,2015,-1.094254713
7,27,2015,-0.196151694
7,28,2015,0.895855696
7,29,2015,0.628582917
7,30,2015,0.350001842
7,31,2015,-0.429971648
8,3,2015,-0.495459226
8,4,2015,-0.165975108
8,5,2015,-0.192942859
8,6,2015,-1.083363957
8,7,2015,-0.176549893
8,10,2015,0.63841135
8,11,2015,-0.194443519
8,12,2015,0.831697957
8,13,2015,-0.148275409
8,14,2015,0.427118861
8,17,2015,0.889794243
8,18,2015,-0.193049276
8,19,2015,-0.416478471
8,20,2015,-1.441948461
8,21,2015,-2.003448044
8,24,2015,1.784233365
8,25,2015,-4.397995093
8,26,2015,0.480051015
8,27,2015,0.912033923
8,28,2015,0.380160849
8,31,2015,-0.312103778
9,1,2015,-0.740368206
9,2,2015,0.29768109
9,3,2015,-0.374094303
9,4,2015,-0.160124102
9,8,2015,0.679203689
9,9,2015,-2.285936697
9,10,2015,0.515468889
9,11,2015,0.81155977
9,14,2015,-0.431756435
9,15,2015,0.923290461
9,16,2015,0.729075511
9,17,2015,-0.15437669
9,18,2015,-0.205788333
9,21,2015,-0.165981257
9,22,2015,-0.118814851
9,23,2015,-0.356295523
9,24,2015,0.29994302
9,25,2015,-1.141326893
9,28,2015,-2.140113106
9,29,2015,-0.318836769
9,30,2015,0.621751089
10,1,2015,-0.040421383
10,2,2015,2.44998165
10,5,2015,1.09792386
10,6,2015,-0.32286665
10,7,2015,0.351426194
10,8,2015,1.13137912
10,9,2015,0.02890077
10,12,2015,0
10,13,2015,-0.193634425
10,14,2015,-0.47550217
10,15,2015,1.156240792
10,16,2015,0.1341372
10,19,2015,0.316389253
10,20,2015,0.114956415
10,21,2015,-0.97411614
10,22,2015,0.891829698
10,23,2015,0.169604264
10,26,2015,-0.18822134
10,27,2015,-0.113392231
10,28,2015,1.094955615
10,29,2015,0.206147862
10,30,2015,-0.569348521
11,2,2015,1.076981655
11,3,2015,0.45492341
11,4,2015,-0.525297198
11,5,2015,-0.20362921
11,6,2015,0.250995631
11,9,2015,-1.056533808
11,10,2015,0.507233708
11,11,2015,-0.680522066
11,12,2015,-0.962540333
11,13,2015,-0.878203496
11,16,2015,1.493251402
11,17,2015,-0.274856407
11,18,2015,1.250236764
11,19,2015,-0.140306795
11,20,2015,-0.009327613
11,23,2015,-0.111910843
11,24,2015,0.769446373
11,25,2015,-0.037206771
11,27,2015,0.037179107
11,30,2015,-0.565968645
12,1,2015,0.54838184
12,2,2015,-0.971318242
12,3,2015,-1.714981809
12,4,2015,1.493243578
12,7,2015,-0.634150873
12,8,2015,-0.028316027
12,9,2015,-0.521082884
12,10,2015,0.123595741
12,11,2015,-0.892771448
12,14,2015,0.241873063
12,15,2015,0.268095552
12,16,2015,0.739615975
12,17,2015,-1.653515565
12,18,2015,-1.21915717
12,21,2015,-0.058150013
12,22,2015,0.395558121
12,23,2015,0.697700488
12,24,2015,0.009505797
12,28,2015,0.11441934
12,29,2015,0.406851161
12,30,2015,-0.604000572
12,31,2015,-0.600397408
1,4,2016,0.155971921
1,5,2016,0.068026238
1,6,2016,0.05909288
1,7,2016,-0.800804789
1,8,2016,-1.646421026
1,11,2016,-0.649415505
1,12,2016,-0.22267307
1,13,2016,-2.98989798
1,14,2016,1.193442287
1,15,2016,0.431347698
1,19,2016,-1.25297608
1,20,2016,0.446806383
1,21,2016,0.095041186
1,22,2016,0.498282975
1,25,2016,-1.469368807
1,26,2016,1.119246885
1,27,2016,-0.860997907
1,28,2016,-0.631732615
1,29,2016,1.94920172
2,1,2016,0.613808696
2,2,2016,-1.076926154
2,3,2016,-0.061795244
2,4,2016,0.485588382
2,5,2016,-1.733030705
2,8,2016,-0.445857764
2,9,2016,0.883248638
2,10,2016,-0.498992451
2,11,2016,0.184001517
2,12,2016,0.952177159
2,16,2016,0.481069845
2,17,2016,0.930041364
2,18,2016,-0.633302336
2,19,2016,0.464641207
2,22,2016,0.488602412
2,23,2016,-0.863994741
2,24,2016,1.501342897
2,25,2016,0.936201311
2,26,2016,-0.56185112
2,29,2016,-0.807105504
3,1,2016,1.54343493
3,2,2016,0.69638283
3,3,2016,0.583411468
3,4,2016,0.176662088
3,7,2016,0.61977077
3,8,2016,-0.707756786
3,9,2016,0
3,10,2016,-0.324166985
3,11,2016,0.801014922
3,14,2016,0.184684103
3,15,2016,0.235292157
3,16,2016,0.872633609
3,17,2016,0.777675685
3,18,2016,0.173160178
3,21,2016,0.240430845
3,22,2016,0.433732048
3,23,2016,-0.663209336
3,24,2016,0.544957171
3,28,2016,-0.183435988
3,29,2016,1.30826531
3,30,2016,-0.095200875
3,31,2016,-0.142898922
4,1,2016,1.131351837
4,4,2016,-0.426577883
4,5,2016,-0.278018412
4,6,2016,1.027964301
4,7,2016,-0.574160766
4,8,2016,-0.353832839
4,11,2016,-0.707117043
4,12,2016,0.787704146
4,13,2016,0.61611564
4,14,2016,-0.122361636
4,15,2016,-0.056544476
4,18,2016,0.974086457
4,19,2016,0.046723044
4,20,2016,-0.027981532
4,21,2016,-0.568711531
4,22,2016,0.272275838
4,25,2016,0.037559624
4,26,2016,0.046828058
4,27,2016,0.403142681
4,28,2016,-0.468911201
4,29,2016,-0.274103017
5,2,2016,0.50094422
5,3,2016,-0.340845474
5,4,2016,-0.114550399
5,5,2016,-0.333491196
5,6,2016,0.80661034
5,9,2016,0.209776861
5,10,2016,0.796204739
5,11,2016,-0.678662482
5,12,2016,-0.463048573
5,13,2016,-0.628096676
5,16,2016,0.841458198
5,17,2016,-0.712521362
5,18,2016,-0.009570376
5,19,2016,0.009602229
5,20,2016,0.33479816
5,23,2016,-0.152493331
5,24,2016,0.893369123
5,25,2016,0.394327286
5,26,2016,-0.102777988
5,27,2016,0.392631575
5,31,2016,-0.213817979
6,1,2016,0.588782243
6,2,2016,0.549344496
6,3,2016,-0.08350065
6,6,2016,0.380196602
6,7,2016,0.064581604
6,8,2016,0.211762267
6,9,2016,0.156759801
6,10,2016,-0.259787533
6,13,2016,-0.503967326
6,14,2016,0.047209631
6,15,2016,-0.329603535
6,16,2016,0.807216501
6,17,2016,-0.301545412
6,20,2016,-0.383431217
6,21,2016,-0.046819287
6,22,2016,-0.271536509
6,23,2016,0.521322855
6,24,2016,-0.067230117
6,27,2016,-1.201315625
6,28,2016,0.746988732
6,29,2016,0.983950134
6,30,2016,1.084805187
7,1,2016,0.195967705
7,5,2016,-0.345990268
7,6,2016,0.960455771
7,7,2016,-0.186276422
7,8,2016,0.861821857
7,11,2016,0.091582561
7,12,2016,0.291226801
7,13,2016,-0.262610704
7,14,2016,-0.045161669
7,15,2016,-0.30660655
7,18,2016,0.189786711
7,19,2016,0.018076297
7,20,2016,0.496930791
7,21,2016,-0.350781615
7,22,2016,0.378717757
7,25,2016,-0.188780118
7,26,2016,0.08104088
7,27,2016,-0.350064614
7,28,2016,0.243489045
7,29,2016,0.297058252
8,1,2016,-0.116701075
8,2,2016,-0.683516491
8,3,2016,0.407642906
8,4,2016,0.108257106
8,5,2016,0.421828225
8,8,2016,-0.151797485
8,9,2016,-0.017870287
8,10,2016,-0.312672855
8,11,2016,0.151811927
8,12,2016,0.062516745
8,15,2016,0.142484637
8,16,2016,-0.374235934
8,17,2016,0.09835569
8,18,2016,0.339532708
8,19,2016,0.124999107
8,22,2016,0.116027311
8,23,2016,-0.008892247
8,24,2016,-0.524774526
8,25,2016,0.062667862
8,26,2016,-0.294987031
8,29,2016,0.38489169
8,30,2016,-0.169403525
8,31,2016,-0.205572941
9,1,2016,-0.05367988
9,2,2016,0.080218378
9,6,2016,0.124487819
9,7,2016,0.18659943
9,8,2016,-0.097717864
9,9,2016,-1.843892751
9,12,2016,1.831669533
9,13,2016,-0.936788566
9,14,2016,-0.110044013
9,15,2016,1.093148989
9,16,2016,-0.127561731
9,19,2016,-0.381164346
9,20,2016,-0.51681929
9,21,2016,0.790120781
9,22,2016,0.143334233
9,23,2016,-0.394295202
9,26,2016,-0.334419743
9,27,2016,0.607819089
9,28,2016,0.441207463
9,29,2016,-0.914965889
9,30,2016,0.324412901
10,3,2016,-0.090015306
10,4,2016,-0.566959128
10,5,2016,0.126375701
10,6,2016,0.18961535
10,7,2016,-0.548808807
10,10,2016,0.542788126
10,11,2016,-1.153774993
10,12,2016,0.009110949
10,13,2016,0.357765336
10,14,2016,-0.572724545
10,17,2016,-0.292557148
10,18,2016,-0.200146474
10,19,2016,0.100055483
10,20,2016,-0.054600545
10,21,2016,0.356456435
10,24,2016,-0.036236072
10,25,2016,-0.335603628
10,26,2016,0.073081209
10,27,2016,-0.745454545
10,28,2016,-0.265787735
10,31,2016,-0.146725351
11,1,2016,-0.934918441
11,2,2016,-0.50060349
11,3,2016,-0.521315407
11,4,2016,-0.093552251
11,7,2016,0.682591987
11,8,2016,0.559582597
11,9,2016,2.031815814
11,10,2016,-0.197144016
11,11,2016,0.369372973
11,14,2016,-0.071570944
11,15,2016,0.473044444
11,16,2016,0.035597578
11,17,2016,0.39989692
11,18,2016,-0.247683319
11,21,2016,0.442008475
11,22,2016,0.061468214
11,23,2016,0.342947588
11,25,2016,0.174905993
11,28,2016,-0.376138034
11,29,2016,0.131695344
11,30,2016,-0.602779762
12,1,2016,-0.631413669
12,2,2016,-0.026467268
12,5,2016,0.17558911
12,6,2016,0.297362263
12,7,2016,1.282387716
12,8,2016,0.292646755
12,9,2016,0.325430341
12,12,2016,-0.23053705
12,13,2016,0.196075016
12,14,2016,-0.859722484
12,15,2016,0.334590774
12,16,2016,-0.426366516
12,19,2016,0.119698188
12,20,2016,-0.00855065
12,21,2016,-0.282366725
12,22,2016,-0.154612612
12,23,2016,0.163464678
12,27,2016,0.120098653
12,28,2016,-0.975358512
12,29,2016,0.008641783
12,30,2016,-0.586206897
1,3,2017,0.043043478
1,4,2017,0.532321623
1,5,2017,-0.076952546
1,6,2017,0.179461635
1,9,2017,-0.273269859
1,10,2017,0.094211201
1,11,2017,0.28226327
1,12,2017,-0.093985816
1,13,2017,0.196600568
1,17,2017,-0.13691939
1,18,2017,0.145546229
1,19,2017,-0.444327954
1,20,2017,0.059917838
1,23,2017,-0.12848137
1,24,2017,0.590653998
1,25,2017,0.423657018
1,26,2017,-0.177125509
1,27,2017,-0.244823138
1,30,2017,-0.314280124
1,31,2017,0.393161538
2,1,2017,-0.347873746
2,2,2017,0.27301425
2,3,2017,0.36443767
2,6,2017,-0.101473869
2,7,2017,-0.253316727
2,8,2017,0.110052487
2,9,2017,0.659562817
2,10,2017,0.209573307
2,13,2017,0.183456474
2,14,2017,0.399670281
2,15,2017,0.555692129
2,16,2017,-0.098971546
2,17,2017,0.538698805
2,21,2017,0.394895918
2,22,2017,0.041046626
2,23,2017,-0.35185337
2,24,2017,0.494320329
2,27,2017,0.270670936
2,28,2017,-0.311014078
3,1,2017,0.512990807
3,2,2017,-0.623882687
3,3,2017,0.097857786
3,6,2017,-0.171461459
3,7,2017,-0.270028641
3,8,2017,-0.368880242
3,9,2017,0
3,10,2017,-0.122760453
3,13,2017,0.057348027
3,14,2017,-0.147699184
3,15,2017,0.66404163
3,16,2017,-0.260247237
3,17,2017,-0.219794862
3,20,2017,-0.187742222
3,21,2017,-1.727933789
3,22,2017,0.207503315
3,23,2017,0.024861594
3,24,2017,-0.215905999
3,27,2017,0.704813727
3,28,2017,0.750251757
3,29,2017,0.165457483
3,30,2017,0.321941558
3,31,2017,-0.082357109
4,3,2017,-0.354055175
4,4,2017,0.157170156
4,5,2017,-0.74080337
4,6,2017,0.231998505
4,7,2017,0.033102451
4,10,2017,-0.008263384
4,11,2017,0.099276079
4,12,2017,-0.421901069
4,13,2017,-0.49937494
4,17,2017,0.592258106
4,18,2017,0.108157241
4,19,2017,-0.405896286
4,20,2017,0.522435543
4,21,2017,-0.313503014
4,24,2017,-0.049109438
4,25,2017,0.252941421
4,26,2017,0
4,27,2017,-0.081226444
4,28,2017,-0.446575984
5,1,2017,0
5,2,2017,-0.129982944
5,3,2017,0.032629906
5,4,2017,-0.089555482
5,5,2017,0.309072801
5,8,2017,-0.178341438
5,9,2017,-0.21076767
5,10,2017,0.227481525
5,11,2017,-0.008124695
5,12,2017,-0.113910174
5,15,2017,0.292516454
5,16,2017,-0.218390364
5,17,2017,-0.956584923
5,18,2017,0.463037862
5,19,2017,0.377326704
5,22,2017,0.285317523
5,23,2017,-0.016224746
5,24,2017,0.121511664
5,25,2017,0.169490716
5,26,2017,0.072577419
5,30,2017,0.01614273
5,31,2017,-0.129025077
6,1,2017,0.668440053
6,2,2017,0.255822216
6,5,2017,-0.135542978
6,6,2017,-0.024006882
6,7,2017,-0.039964034
6,8,2017,0.135867963
6,9,2017,-0.231113319
6,12,2017,0.087957782
6,13,2017,0.215108354
6,14,2017,-0.309523016
6,15,2017,0.448829858
6,16,2017,-0.135542978
6,19,2017,0.477440129
6,20,2017,-0.594483177
6,21,2017,-0.335703778
6,22,2017,-0.032057221
6,23,2017,0.192296293
6,26,2017,-0.247108814
6,27,2017,-0.783431954
6,28,2017,0.408753717
6,29,2017,-0.940538825
6,30,2017,-0.24848108
7,3,2017,-0.192013764
7,5,2017,-0.072014721
7,6,2017,-0.626806483
7,7,2017,0.451757022
7,10,2017,0.088354217
7,11,2017,0.040153377
7,12,2017,0.215658152
7,13,2017,0.08760752
7,14,2017,0.365751778
7,17,2017,-0.039591385
7,18,2017,0.158589326
7,19,2017,0.418938417
7,20,2017,-0.125703961
7,21,2017,0.110400601
7,24,2017,0.039394058
7,25,2017,-0.101956708
7,26,2017,-0.203843194
7,27,2017,-0.399750738
7,28,2017,0.063103014
7,31,2017,-0.25175045
8,1,2017,-0.102214971
8,2,2017,-0.165171466
8,3,2017,-0.204888098
8,4,2017,-0.070862992
8,7,2017,0.078707698
8,8,2017,-0.188905938
8,9,2017,0.253264745
8,10,2017,-1.054384819
8,11,2017,0.080037617
8,14,2017,0.413352136
8,15,2017,-0.323832238
8,16,2017,-0.055335968
8,17,2017,-1.324449245
8,18,2017,-0.216905522
8,21,2017,0.136852358
8,22,2017,0.729572659
8,23,2017,0.151916527
8,24,2017,-0.350599203
8,25,2017,-0.047836869
8,28,2017,-0.19894954
8,29,2017,0.698292823
8,30,2017,0.526067277
8,31,2017,0.411200383
9,1,2017,0.031434409
9,5,2017,-0.496373314
9,6,2017,-0.039468781
9,7,2017,-0.299304508
9,8,2017,0.110803326
9,11,2017,0.550527715
9,12,2017,0.234304137
9,13,2017,0.132572725
9,14,2017,0.101384235
9,15,2017,0.226021358
9,18,2017,0.04656422
9,19,2017,-0.069732684
9,20,2017,0.061957394
9,21,2017,-0.232332723
9,22,2017,0.179488061
9,25,2017,-0.062383809
9,26,2017,-0.124662246
9,27,2017,0.038810153
9,28,2017,0.217356765
9,29,2017,0.387536804
10,2,2017,0.431963903
10,3,2017,0.11511703
10,4,2017,0.107320048
10,5,2017,0.420716757
10,6,2017,0.099194264
10,9,2017,-0.28180502
10,10,2017,-0.007615238
10,11,2017,0.137147968
10,12,2017,0.076235893
10,13,2017,-0.144433292
10,16,2017,-0.038025095
10,17,2017,0.00760076
10,18,2017,-0.091054626
10,19,2017,0.350481524
10,20,2017,0.26500415
10,23,2017,-0.580565461
10,24,2017,-0.052972153
10,25,2017,-0.386634815
10,26,2017,-0.113873367
10,27,2017,0.530541905
10,30,2017,0.090947399
10,31,2017,0.045360247
11,1,2017,-0.293608367
11,2,2017,0.098235608
11,3,2017,0.211267553
11,6,2017,0.225956911
11,7,2017,-0.240318407
11,8,2017,0.248626543
11,9,2017,0.105755397
11,10,2017,0.226851171
11,13,2017,0.378472482
11,14,2017,0.113442746
11,15,2017,-0.075871466
11,16,2017,0.590415558
11,17,2017,0
11,20,2017,0.120455497
11,21,2017,0.34471822
11,22,2017,-0.104523666
11,24,2017,0.022373956
11,27,2017,-0.111835674
11,28,2017,0.78212514
11,29,2017,-0.118118996
11,30,2017,0.338527365
12,1,2017,-0.154088642
12,4,2017,-0.83916671
12,5,2017,-0.573148668
12,6,2017,-0.081276787
12,7,2017,0.466186921
12,8,2017,0.080663639
12,11,2017,0.219782418
12,12,2017,-0.021900278
12,13,2017,-0.043784573
12,14,2017,-0.648592766
12,15,2017,0.438120492
12,18,2017,0.17358962
12,19,2017,-0.562283012
12,20,2017,-0.411557401
12,21,2017,-0.03632321
12,22,2017,-0.087180326
12,26,2017,0.050974226
12,27,2017,-0.087218344
12,28,2017,-0.021770812
12,29,2017,-0.601102251
1,2,2018,0.341198548
1,3,2018,0.455238821
1,4,2018,0.093247025
1,5,2018,0.249957856
1,8,2018,0.270831734
1,9,2018,0.021287965
1,10,2018,0.113814464
1,11,2018,0.652480851
1,12,2018,0.471563901
1,16,2018,-0.982375817
1,17,2018,0.49747197
1,18,2018,-0.167344166
1,19,2018,0.299667562
1,22,2018,0.848166041
1,23,2018,0.220532038
1,24,2018,-0.390817262
1,25,2018,-0.34284148
1,26,2018,0.713203916
1,29,2018,-0.463915944
1,30,2018,-0.248721837
1,31,2018,-0.351875944
2,1,2018,0.270870267
2,2,2018,-1.539956851
2,5,2018,-3.188076298
2,6,2018,3.526948954
2,7,2018,-0.34825219
2,8,2018,-3.722820503
2,9,2018,0.246454081
2,12,2018,0.49501143
2,13,2018,0.820157406
2,14,2018,2.020355479
2,15,2018,0.516759484
2,16,2018,0.307852249
2,20,2018,-0.207791634
2,21,2018,-0.595196858
2,22,2018,-0.344848763
2,23,2018,1.011117985
2,26,2018,0.593636749
2,27,2018,-1.306088721
2,28,2018,-1.544123182
3,1,2018,-1.236787886
3,2,2018,1.438219852
3,5,2018,1.635768776
3,6,2018,-0.035624822
3,7,2018,0.992441546
3,8,2018,0.092313426
3,9,2018,1.064962321
3,12,2018,-0.188169204
3,13,2018,-1.063533289
3,14,2018,-0.902724321
3,15,2018,-0.380395163
3,16,2018,0.056506568
3,19,2018,-0.935114737
3,20,2018,0.035716429
3,21,2018,-0.085690823
3,22,2018,-1.592469848
3,23,2018,-2.225812744
3,26,2018,1.125179543
3,27,2018,-2.179611571
3,28,2018,-0.357246202
3,29,2018,0.914563131
4,2,2018,-1.966138028
4,3,2018,0.697407543
4,4,2018,2.7233459
4,5,2018,0.065869743
4,6,2018,-1.370368419
4,9,2018,-0.296907658
4,10,2018,0.367647059
4,11,2018,0.147414316
4,12,2018,0.175532076
4,13,2018,-0.827765751
4,16,2018,0.130876842
4,17,2018,0.317164285
4,18,2018,-0.128989544
4,19,2018,-0.273413449
4,20,2018,-0.765010115
4,23,2018,-0.239513719
4,24,2018,-1.665461912
4,25,2018,0.132571993
4,26,2018,0.52739597
4,27,2018,-0.15267632
4,30,2018,-0.987726037
5,1,2018,0.367538978
5,2,2018,-0.520304092
5,3,2018,0.140545157
5,4,2018,1.600358586
5,7,2018,0.058119872
5,8,2018,0.138093615
5,9,2018,0.636761953
5,10,2018,0.559098293
5,11,2018,0.113954131
5,14,2018,-0.21285866
5,15,2018,-0.114329406
5,16,2018,0.443328547
5,17,2018,0.092598657
5,18,2018,-0.113995439
5,21,2018,0.134695876
5,22,2018,-0.586325241
5,23,2018,0.720972253
5,24,2018,-0.042572911
5,25,2018,0
5,29,2018,-0.422028603
5,30,2018,0.743012069
5,31,2018,-0.596260626
6,1,2018,0.4044611
6,4,2018,0.18323468
6,5,2018,0.077323214
6,6,2018,0.616465849
6,7,2018,-0.271191159
6,8,2018,0.446708998
6,11,2018,0.083329861
6,12,2018,0.013853186
6,13,2018,-0.456612724
6,14,2018,-0.076177981
6,15,2018,0.208542223
6,18,2018,0.481508713
6,19,2018,0.532395797
6,20,2018,-0.076416118
6,21,2018,-0.681357148
6,22,2018,-0.384617483
6,25,2018,-0.986964357
6,26,2018,0.04975622
6,27,2018,-1.232287562
6,28,2018,0.645491677
6,29,2018,-0.333570632
7,2,2018,0.867014916
7,3,2018,-0.672040884
7,5,2018,0.333026985
7,6,2018,0.797676809
7,9,2018,0.439139111
7,10,2018,0.048485353
7,11,2018,-0.13229495
7,12,2018,0.298243876
7,13,2018,0.117621256
7,16,2018,-0.20722732
7,17,2018,0.770726961
7,18,2018,0.220486453
7,19,2018,0.020678982
7,20,2018,-0.110347586
7,23,2018,0.193393199
7,24,2018,-0.260688063
7,25,2018,0.915348914
7,26,2018,0.109418727
7,27,2018,-0.941340343
7,30,2018,-0.654177795
7,31,2018,0.186430733
8,1,2018,-0.185965973
8,2,2018,1.116737894
8,3,2018,0.260473646
8,6,2018,0.423754363
8,7,2018,0.751832421
8,8,2018,-0.040723545
8,9,2018,-0.135710801
8,10,2018,-0.068333444
8,13,2018,-0.484967233
8,14,2018,0.369579766
8,15,2018,-0.260499083
8,16,2018,0.239271262
8,17,2018,0.491636063
8,20,2018,0
8,21,2018,0.148870619
8,22,2018,0.175932074
8,23,2018,-0.094657881
8,24,2018,0.357744868
8,27,2018,0.287967439
8,28,2018,-0.17322451
8,29,2018,0.446784455
8,30,2018,-0.199589518
8,31,2018,0.173559177
9,4,2018,-0.020013343
9,5,2018,-0.19377856
9,6,2018,-0.361306687
9,7,2018,0.141542769
9,10,2018,-0.201074401
9,11,2018,0.572191843
9,12,2018,0.06697877
9,13,2018,0.126694005
9,14,2018,0
9,17,2018,-0.605699527
9,18,2018,0.468454817
9,19,2018,0.019983347
9,20,2018,0.318236421
9,21,2018,-0.434727289
9,24,2018,-0.172329826
9,25,2018,-0.238584401
9,26,2018,-0.438220567
9,27,2018,0.03993477
9,28,2018,0.24785303
10,1,2018,-0.358990166
10,2,2018,-0.133455891
10,3,2018,-0.26620126
10,4,2018,-0.661857191
10,5,2018,-0.666121675
10,8,2018,0.162958312
10,9,2018,0.006787776
10,10,2018,-2.967390055
10,11,2018,-1.753277658
10,12,2018,-0.443665493
10,15,2018,-0.297533996
10,16,2018,1.474423986
10,17,2018,-0.076437355
10,18,2018,-1.109480861
10,19,2018,-0.555785145
10,22,2018,-0.663235043
10,23,2018,0.915714891
10,24,2018,-3.059545379
10,25,2018,1.11981186
10,26,2018,-0.257119463
10,29,2018,-1.810770919
10,30,2018,1.607882252
10,31,2018,-0.0288658
11,1,2018,0.783955736
11,2,2018,-0.972110316
11,5,2018,0.31473676
11,6,2018,0.606313566
11,7,2018,1.138436378
11,8,2018,0.062693137
11,9,2018,-0.517812595
11,12,2018,-1.657374368
11,13,2018,-0.379193664
11,14,2018,-1.510613553
11,15,2018,1.621225701
11,16,2018,0.726249334
11,19,2018,-1.559041671
11,20,2018,-0.390480377
11,21,2018,-0.102940441
11,23,2018,0.155652982
11,26,2018,0.549531083
11,27,2018,0.548847445
11,28,2018,1.861919162
11,29,2018,0.106993365
11,30,2018,0.79150097
12,3,2018,-0.417831459
12,4,2018,-3.021590739
12,6,2018,1.4763203
12,7,2018,-2.203862517
12,10,2018,0.178032048
12,11,2018,-1.344437371
12,12,2018,-0.680228199
12,13,2018,-0.572517595
12,14,2018,-0.849098795
12,17,2018,-1.70514118
12,18,2018,-0.777076062
12,19,2018,-1.565853558
12,20,2018,-1.050901089
12,21,2018,-2.387166194
12,24,2018,-1.80476207
12,26,2018,4.254614567
12,27,2018,2.286679019
12,28,2018,-0.839215686
12,31,2018,0.196263154
1,2,2019,1.57455507
1,3,2019,-1.686239802
1,4,2019,1.913338822
1,7,2019,0.781790374
1,8,2019,0.068464056
1,9,2019,0.106044535
1,10,2019,1.04229761
1,11,2019,0.537342748
1,14,2019,0.159349732
1,15,2019,0.945608579
1,16,2019,0.112223388
1,17,2019,1.124437832
1,18,2019,0.55927221
1,22,2019,-0.816837154
1,23,2019,-0.339789469
1,24,2019,0.200106732
1,25,2019,0.176176325
1,28,2019,0.170065063
1,29,2019,-0.250697546
1,30,2019,0.859355895
1,31,2019,0.917895362
2,1,2019,0.021628695
2,4,2019,0.691846378
2,5,2019,0.25009361
2,6,2019,0.007142348
2,7,2019,-0.251466459
2,8,2019,0.60084118
2,11,2019,-0.100429703
2,12,2019,0.628036705
2,13,2019,-0.007066101
2,14,2019,0.234275875
2,15,2019,0.407991688
2,19,2019,0.428340694
2,20,2019,0.188747986
2,21,2019,-0.16076891
2,22,2019,0.398049589
2,25,2019,-0.401218877
2,26,2019,-0.027821217
2,27,2019,0.258034732
2,28,2019,-0.13225688
3,1,2019,0.027699819
3,4,2019,-0.862068966
3,5,2019,-0.229470833
3,6,2019,-0.787350173
3,7,2019,-0.619024321
3,8,2019,0.613715813
3,11,2019,1.181129508
3,12,2019,0.146508754
3,13,2019,0.347318683
3,14,2019,-0.083075588
3,15,2019,0.269672254
3,18,2019,0.310128864
3,19,2019,-0.410615262
3,20,2019,-0.27526079
3,21,2019,1.481173214
3,22,2019,-1.563355775
3,25,2019,0.077149669
3,26,2019,0.062627698
3,27,2019,-0.493597761
3,28,2019,0.209109149
3,29,2019,0.06915566
4,1,2019,0.432220103
4,2,2019,-0.027313892
4,3,2019,-0.237969809
4,4,2019,0.13620063
4,5,2019,0.264604113
4,8,2019,0.250786917
4,9,2019,-0.203640365
4,10,2019,0.312409661
4,11,2019,-0.168987425
4,12,2019,0.087505889
4,15,2019,-0.127732437
4,16,2019,-0.268452349
4,17,2019,-0.770773474
4,18,2019,-0.087594343
4,22,2019,0.243326129
4,23,2019,0.841467502
4,24,2019,-0.120171586
4,25,2019,-0.127047619
4,26,2019,0.501974419
4,29,2019,0.106513113
4,30,2019,0.0731967
5,1,2019,-1.014588176
5,2,2019,-0.087153875
5,3,2019,0.55407342
5,6,2019,1.322620942
5,7,2019,-0.859982555
5,8,2019,-0.020359008
5,9,2019,0.540879098
5,10,2019,0.820062177
5,13,2019,-0.621972369
5,14,2019,0.568344196
5,15,2019,1.199480724
5,16,2019,0.649215463
5,17,2019,0.12324182
5,20,2019,-0.04130387
5,21,2019,0.349047975
5,22,2019,0.020538135
5,23,2019,-0.414282947
5,24,2019,-0.262144717
5,28,2019,-1.042679828
5,29,2019,-0.203332639
5,30,2019,-0.056066297
5,31,2019,-0.297639428
6,3,2019,-0.199017696
6,4,2019,1.291188917
6,5,2019,0.186997023
6,6,2019,0.448828869
6,7,2019,0.499791189
6,10,2019,-0.081225887
6,11,2019,-0.773781482
6,12,2019,-0.054293856
6,13,2019,0.108264434
6,14,2019,-0.115018942
6,17,2019,-0.061106057
6,18,2019,0.404862356
6,19,2019,0.268614592
6,20,2019,-0.033173888
6,21,2019,0.199470088
6,24,2019,-0.312646174
6,25,2019,-0.954155633
6,26,2019,-0.470238476
6,27,2019,0.262342923
6,28,2019,0.387934599
7,1,2019,-0.460989116
7,2,2019,0.251459114
7,3,2019,0.507015227
7,5,2019,0.355245061
7,8,2019,-0.092183449
7,9,2019,0.648918007
7,10,2019,0.019659873
7,11,2019,-0.071923629
7,12,2019,0.333112332
7,15,2019,-0.20802639
7,16,2019,-0.247560261
7,17,2019,-0.646639426
7,18,2019,0.526768306
7,19,2019,-0.920308032
7,22,2019,0.065767461
7,23,2019,0.261810448
7,24,2019,0.890285444
7,25,2019,-0.41574574
7,26,2019,0.494637182
7,29,2019,-0.200850656
7,30,2019,0.456946923
7,31,2019,-1.104539637
8,1,2019,-0.978389959
8,2,2019,-0.479042572
8,5,2019,-1.386053878
8,6,2019,0.574592646
8,7,2019,1.300756339
8,8,2019,1.35829778
8,9,2019,-0.42792191
8,12,2019,-0.702128703
8,13,2019,1.558985646
8,14,2019,-1.415448821
8,15,2019,-0.116990573
8,16,2019,0.862536954
8,19,2019,0
8,20,2019,-0.57791883
8,21,2019,0.026812147
8,22,2019,-0.360934427
8,23,2019,-2.088812018
8,26,2019,0.170613527
8,27,2019,-1.043073023
8,28,2019,0.995261844
8,29,2019,0.336496409
8,30,2019,-0.560456346
9,3,2019,0.054059056
9,4,2019,0.234421295
9,5,2019,0.430459603
9,6,2019,-0.085636652
9,9,2019,-0.295622781
9,10,2019,0.369976874
9,11,2019,0.703536083
9,12,2019,-0.006515654
9,13,2019,-0.259955815
9,16,2019,0.157670476
9,17,2019,0.315061359
9,18,2019,0.104817561
9,19,2019,-0.274275443
9,20,2019,-0.627455556
9,23,2019,0.270244533
9,24,2019,-1.238531406
9,25,2019,0.617002604
9,26,2019,-0.303314643
9,27,2019,-0.883669222
9,30,2019,0.232330577
10,1,2019,-1.630363696
10,2,2019,-1.059516854
10,3,2019,0.901151718
10,4,2019,0.923426119
10,7,2019,-0.160668089
10,8,2019,-0.884893989
10,9,2019,0.155560359
10,10,2019,0.69594527
10,11,2019,0.079735568
10,14,2019,-0.019930241
10,15,2019,0.62239423
10,16,2019,0.032974809
10,17,2019,-0.09190573
10,18,2019,-0.236935629
10,21,2019,0.144404983
10,22,2019,-0.536187823
10,23,2019,0.296109099
10,24,2019,-0.1111032
10,25,2019,0.629544212
10,28,2019,0.168706208
10,29,2019,0.07781236
10,30,2019,0.207258428
10,31,2019,-0.32324801
11,1,2019,0.535485161
11,4,2019,-0.191450546
11,5,2019,-0.217120681
11,6,2019,-0.032003967
11,7,2019,-0.178343312
11,8,2019,0.38324349
11,11,2019,0.287731469
11,12,2019,0.057311342
11,13,2019,0.395985803
11,14,2019,0.229314599
11,15,2019,0.252930139
11,18,2019,0.138871988
11,19,2019,-0.226344541
11,20,2019,-0.082115332
11,21,2019,-0.303286149
11,22,2019,-0.107383616
11,25,2019,0.554298329
11,26,2019,0.194149185
11,27,2019,0.224466884
11,29,2019,-0.274213499
12,2,2019,-1.054528923
12,3,2019,0.343757727
12,4,2019,0.227431307
12,5,2019,-0.075468553
12,6,2019,0.193772351
12,9,2019,-0.193639208
12,10,2019,-0.081370092
12,11,2019,0.081309025
12,12,2019,0.818646399
12,13,2019,0.049613643
12,16,2019,0.092383591
12,17,2019,-0.122870919
12,18,2019,-0.116687955
12,19,2019,0.374831622
12,20,2019,0.115854878
12,23,2019,-0.164076934
12,24,2019,-0.146622074
12,26,2019,0.323762376
12,27,2019,-0.321972539
12,30,2019,-0.675594023
