1,2,2008,-0.239808153
1,3,2008,0.276955401
1,4,2008,-1.988607085
1,7,2008,0.323531373
1,8,2008,-1.616472626
1,9,2008,1.305867698
1,10,2008,1.732429226
1,11,2008,-1.139959766
1,14,2008,-0.067062657
1,15,2008,-2.952882096
1,16,2008,-2.467005076
1,17,2008,-2.963500114
1,18,2008,0.18911536
1,22,2008,3.923559479
1,23,2008,5.665500396
1,24,2008,1.45552345
1,25,2008,-3.940625148
1,28,2008,2.173913043
1,29,2008,-0.348507755
1,30,2008,-0.172316643
1,31,2008,3.523888129
2,1,2008,1.684452779
2,4,2008,-0.746425327
2,5,2008,-2.942097088
2,6,2008,-2.073981185
2,7,2008,2.285967739
2,8,2008,0.151597188
2,11,2008,1.891096579
2,12,2008,0.08509041
2,13,2008,0.010408992
2,14,2008,-2.484087507
2,15,2008,1.622581325
2,19,2008,-0.632590539
2,20,2008,2.20717742
2,21,2008,-1.934181266
2,22,2008,0.183450873
2,25,2008,-0.610061018
2,26,2008,1.503910197
2,27,2008,0.973481692
2,28,2008,-0.049575649
2,29,2008,-2.125522401
3,3,2008,0.707766965
3,4,2008,-0.495562668
3,5,2008,1.080916203
3,6,2008,-2.836443162
3,7,2008,-0.095454449
3,10,2008,-1.696546799
3,11,2008,1.379518665
3,12,2008,-1.902115939
3,13,2008,2.740615019
3,14,2008,-3.824795138
3,17,2008,-1.157744603
3,18,2008,2.534411186
3,19,2008,-3.788945826
3,20,2008,0.965209898
3,24,2008,3.127074033
3,25,2008,0.010602078
3,26,2008,-2.348252437
3,27,2008,-0.904977395
3,28,2008,-0.859047619
3,31,2008,-0.116849373
4,1,2008,1.787598355
4,2,2008,-0.972071995
4,3,2008,0.772797495
4,4,2008,-0.39787596
4,7,2008,-1.880186056
4,8,2008,-0.315615958
4,9,2008,-1.300414508
4,10,2008,0.539163762
4,11,2008,-0.726565683
4,14,2008,-0.072009053
4,15,2008,0.806122449
4,16,2008,1.295570955
4,17,2008,0.260045999
4,18,2008,-0.344486227
4,21,2008,1.077603538
4,22,2008,-0.724848691
4,23,2008,0.785848692
4,24,2008,-0.078371864
4,25,2008,0.458538537
4,28,2008,-0.980110588
4,29,2008,-1.666336078
4,30,2008,0.990491284
5,1,2008,1.551302927
5,2,2008,0.144252735
5,5,2008,-0.81222932
5,6,2008,1.305988172
5,7,2008,-2.012263319
5,8,2008,0.029236916
5,9,2008,0.186422688
5,12,2008,1.030931783
5,13,2008,-0.019366892
5,14,2008,-0.260186962
5,15,2008,1.324118186
5,16,2008,0.498915542
5,19,2008,0.168051536
5,20,2008,-0.84224474
5,21,2008,-2.247294824
5,22,2008,0.622011483
5,23,2008,-0.986649274
5,27,2008,-0.106995431
5,28,2008,0.968876492
5,29,2008,0.609752226
5,30,2008,-0.077028692
6,2,2008,-1.121017512
6,3,2008,-1.772562994
6,4,2008,-0.882148875
6,5,2008,1.960780275
6,6,2008,-2.367621574
6,9,2008,-0.241697875
6,10,2008,-0.696784535
6,11,2008,-0.515463918
6,12,2008,0.694730388
6,13,2008,0.538139305
6,16,2008,1.135188831
6,17,2008,-0.602844577
6,18,2008,0.327131466
6,19,2008,-0.082527335
6,20,2008,-2.2916625
6,23,2008,-0.529100529
6,24,2008,0.643785435
6,25,2008,1.509681087
6,26,2008,-2.366370067
6,27,2008,0.107432314
6,30,2008,0.278553687
7,1,2008,-0.284840059
7,2,2008,-3.249023043
7,3,2008,-0.514424078
7,7,2008,-1.582003084
7,8,2008,0.564588992
7,9,2008,-3.64687339
7,10,2008,1.406531243
7,11,2008,-0.247861644
7,14,2008,-0.69181208
7,15,2008,-0.137806611
7,16,2008,2.617680887
7,17,2008,1.608224257
7,18,2008,0.73875535
7,21,2008,0.066575675
7,22,2008,-0.3352
7,23,2008,-0.771611535
7,24,2008,-3.153742882
7,25,2008,0.113205801
7,28,2008,-0.78265204
7,29,2008,0.980392135
7,30,2008,0.581130953
7,31,2008,-0.335274907
8,1,2008,-1.023357041
8,4,2008,-2.02687315
8,5,2008,1.160362033
8,6,2008,0.866790602
8,7,2008,-1.69568519
8,8,2008,1.580566209
8,11,2008,-0.746616875
8,12,2008,0.047214352
8,13,2008,1.051622849
8,14,2008,0.853080549
8,15,2008,-0.873875768
8,18,2008,-1.512970738
8,19,2008,0.320990123
8,20,2008,2.048780488
8,21,2008,0.774440949
8,22,2008,0.311678262
8,25,2008,-2.099925175
8,26,2008,-0.147195787
8,27,2008,1.492174621
8,28,2008,-0.096225643
8,29,2008,-0.749330451
9,2,2008,-2.531951819
9,3,2008,-0.405371158
9,4,2008,-2.338730403
9,5,2008,1.066672
9,8,2008,-1.961273661
9,9,2008,-2.821730107
9,10,2008,-0.512262065
9,11,2008,2.437000763
9,12,2008,2.911290854
9,15,2008,-2.22160005
9,16,2008,2.972074363
9,17,2008,-4.814273117
9,18,2008,3.092783505
9,19,2008,11.3110632
9,22,2008,-2.696934507
9,23,2008,-3.347963868
9,24,2008,-0.528068371
9,25,2008,2.768549357
9,26,2008,1.149747616
9,29,2008,-7.592749497
9,30,2008,5.349537669
10,1,2008,-0.087588321
10,2,2008,-6.020165895
10,3,2008,-2.712812597
10,6,2008,-2.293728254
10,7,2008,-8.650868817
10,8,2008,3.067965049
10,9,2008,-6.776549699
10,10,2008,3.592305614
10,13,2008,10.60437933
10,14,2008,-3.002999767
10,15,2008,-10.14968274
10,16,2008,-0.197788758
10,17,2008,4.452763027
10,20,2008,3.547754386
10,21,2008,-4.844961428
10,22,2008,-5.534265645
10,23,2008,2.045459091
10,24,2008,5.903687514
10,27,2008,-0.202434211
10,28,2008,10.0143114
10,29,2008,3.629759363
10,30,2008,2.649812366
10,31,2008,2.271801217
11,3,2008,-0.355309909
11,4,2008,4.17457685
11,5,2008,-6.98120445
11,6,2008,-5.097385209
11,7,2008,2.345687339
11,10,2008,-3.666541876
11,11,2008,-2.313089728
11,12,2008,-8.396946565
11,13,2008,8.755551111
11,14,2008,-2.642985269
11,17,2008,-1.0290783
11,18,2008,-1.266968326
11,19,2008,-6.316771653
11,20,2008,-6.202723147
11,21,2008,3.652517275
11,24,2008,7.153076164
11,25,2008,-2.694337575
11,26,2008,7.100601142
11,28,2008,-1.073883115
12,1,2008,-5.662921348
12,2,2008,1.233444552
12,3,2008,4.418609302
12,4,2008,-1.329051329
12,5,2008,6.158909262
12,8,2008,0.255758749
12,9,2008,-0.341005982
12,10,2008,2.392739274
12,11,2008,-1.41758196
12,12,2008,3.802281369
12,15,2008,-1.135446067
12,16,2008,0
12,17,2008,0.274183303
12,18,2008,-2.862665377
12,19,2008,-1.02766012
12,22,2008,-3.199996
12,23,2008,-0.4583375
12,24,2008,-0.433087917
12,26,2008,0.043554009
12,29,2008,-0.216365201
12,30,2008,1.244639538
12,31,2008,1.115405453
1,2,2009,3.458333333
1,5,2009,1.52917505
1,6,2009,0.3125
1,7,2009,-2.329317269
1,8,2009,1.045150502
1,9,2009,-1.995008395
1,12,2009,-3.185535945
1,13,2009,0.44364683
1,14,2009,-3.541008675
1,15,2009,0.460617248
1,16,2009,-1.645171187
1,20,2009,-5.092592593
1,21,2009,2.316780142
1,22,2009,0.666661905
1,23,2009,3.567947388
1,26,2009,-0.092898277
1,27,2009,-0.413223122
1,28,2009,1.730252807
1,29,2009,-1.405253917
1,30,2009,-2.541997161
2,2,2009,1.090047393
2,3,2009,1.574078704
2,4,2009,-0.314889789
2,5,2009,2.729754322
2,6,2009,3.047457686
2,9,2009,-0.930232558
2,10,2009,-4.808934959
2,11,2009,-0.395083389
2,12,2009,2.304564044
2,13,2009,-0.350109409
2,17,2009,-2.191146751
2,18,2009,-1.214385801
2,19,2009,-2.680221935
2,20,2009,0.390620117
2,23,2009,-4.657803961
2,24,2009,4.19131143
2,25,2009,-0.573070651
2,26,2009,-2.417061611
2,27,2009,4.12319941
3,2,2009,1.113360324
3,3,2009,-0.665307028
3,4,2009,1.867321867
3,5,2009,-1.196405842
3,6,2009,-0.887578852
3,9,2009,-0.101163379
3,10,2009,3.694701021
3,11,2009,-1.161710037
3,12,2009,3.873405763
3,13,2009,-0.04516712
3,16,2009,-1.244448889
3,17,2009,2.618510158
3,18,2009,2.380947972
3,19,2009,-1.57917627
3,20,2009,-1.086484137
3,23,2009,4.826413852
3,24,2009,-0.041549647
3,25,2009,0.783509278
3,26,2009,0.200396786
3,27,2009,-0.93763551
3,30,2009,-0.90089665
3,31,2009,-0.50676098
4,1,2009,3.125
4,2,2009,1.454970507
4,3,2009,1.754385965
4,6,2009,0
4,7,2009,-0.551836793
4,8,2009,0.904799371
4,9,2009,0.866612627
4,13,2009,0.898203626
4,14,2009,-1.080875885
4,15,2009,1.090221805
4,16,2009,0.627306273
4,17,2009,-0.184770886
4,20,2009,-2.019820884
4,21,2009,2.687966498
4,22,2009,0.887345679
4,23,2009,0.301091457
4,24,2009,0.444111769
4,27,2009,-0.45540797
4,28,2009,1.399144967
4,29,2009,2.535421327
4,30,2009,-1.844629236
5,1,2009,1.513513514
5,4,2009,4.049844377
5,5,2009,-0.201880895
5,6,2009,0.798675567
5,7,2009,-3.725493464
5,8,2009,1.158176742
5,11,2009,-0.400003333
5,12,2009,-0.95614573
5,13,2009,-1.461094122
5,14,2009,1.904435662
5,15,2009,-0.916179196
5,18,2009,2.682115805
5,19,2009,0.418137665
5,20,2009,-0.82278481
5,21,2009,-0.612705579
5,22,2009,0.451755405
5,26,2009,2.681491171
5,27,2009,-1.488755147
5,28,2009,1.327439991
5,29,2009,0.21505377
6,1,2009,0.923159564
6,2,2009,0.240102041
6,3,2009,-1.970299971
6,4,2009,0.48944327
6,5,2009,-3.773024386
6,8,2009,0.651968353
6,9,2009,-0.245920696
6,10,2009,-1.176482584
6,11,2009,1.336164592
6,12,2009,-0.090906061
6,15,2009,-2.155169335
6,16,2009,-2.030606187
6,17,2009,-0.256410248
6,18,2009,-0.384865298
6,19,2009,-0.668786624
6,22,2009,-2.629013393
6,23,2009,0
6,24,2009,0
6,25,2009,2.977346278
6,26,2009,0.629125491
6,29,2009,-0.494587357
6,30,2009,-1.026444726
7,1,2009,0.308746536
7,2,2009,-0.941625834
7,6,2009,1.378198674
7,7,2009,-2.184930336
7,8,2009,-1.483867742
7,9,2009,-0.385229535
7,10,2009,-0.065210303
7,13,2009,1.213118033
7,14,2009,0.28957529
7,15,2009,2.340823897
7,16,2009,0.830261378
7,17,2009,0.944249105
7,20,2009,0.975459594
7,21,2009,-0.553780223
7,22,2009,1.218787194
7,23,2009,2.132629273
7,24,2009,0.722334565
7,27,2009,0.343148403
7,28,2009,0.344923819
7,29,2009,-0.812780818
7,30,2009,-0.227525597
7,31,2009,0.227213866
8,3,2009,1.048278621
8,4,2009,0.581070852
8,5,2009,-0.138539762
8,6,2009,-1.352846456
8,7,2009,-0.194171989
8,10,2009,-0.111984879
8,11,2009,-0.960994885
8,12,2009,1.315410314
8,13,2009,0.27831617
8,14,2009,-1.332590228
8,17,2009,-0.321722735
8,18,2009,0.522344763
8,19,2009,2.472042378
8,20,2009,1.031223145
8,21,2009,0.672460092
8,24,2009,-0.90834567
8,25,2009,-0.882269093
8,26,2009,-0.223282153
8,27,2009,0.280974993
8,28,2009,-0.667968272
8,31,2009,-0.142487888
9,1,2009,-1.737880441
9,2,2009,0.89621856
9,3,2009,0.367130754
9,4,2009,1.455769836
9,8,2009,-0.081001618
9,9,2009,-0.268886805
9,10,2009,1.10185437
9,11,2009,-0.451282211
9,14,2009,1.297297297
9,15,2009,0.744688869
9,16,2009,1.065485967
9,17,2009,-0.541793114
9,18,2009,-0.180645161
9,21,2009,0.20919978
9,22,2009,0.15403594
9,23,2009,-1.285016705
9,24,2009,-2.207787013
9,25,2009,0.583402296
9,28,2009,1.052636842
9,29,2009,-0.389615584
9,30,2009,-0.3104864
10,1,2009,-2.492209242
10,2,2009,1.564612895
10,5,2009,1.289807776
10,6,2009,0.436574228
10,7,2009,0.128301254
10,8,2009,0.380030393
10,9,2009,0.479321405
10,12,2009,0.024960059
10,13,2009,0.250130065
10,14,2009,0.951916013
10,15,2009,0.51256772
10,16,2009,0.172806723
10,19,2009,0.952620932
10,20,2009,-1.04571987
10,21,2009,0.024662062
10,22,2009,1.088298293
10,23,2009,-1.532476246
10,26,2009,-1.787460823
10,27,2009,-1.645474903
10,28,2009,-3.27952609
10,29,2009,2.554076168
10,30,2009,-3.68853218
11,2,2009,0.577433101
11,3,2009,1.092459395
11,4,2009,-0.230710086
11,5,2009,1.274534795
11,6,2009,0.89171465
11,9,2009,1.536562654
11,10,2009,0.370098701
11,11,2009,-0.823643431
11,12,2009,-1.475284066
11,13,2009,0.965585565
11,16,2009,0.942709716
11,17,2009,0.628786004
11,18,2009,-0.912369704
11,19,2009,-0.56344929
11,20,2009,0.520572633
11,23,2009,-0.650436071
11,24,2009,0.121800247
11,25,2009,0.436260322
11,27,2009,1.037449393
11,30,2009,0.223824925
12,1,2009,0.584370587
12,2,2009,0.289992743
12,3,2009,-1.270378685
12,4,2009,-1.309521429
12,7,2009,-0.194179607
12,8,2009,-0.686450093
12,9,2009,0.492975105
12,10,2009,-0.097801951
12,11,2009,-0.048673643
12,14,2009,-0.072626481
12,15,2009,0.31784106
12,16,2009,-0.290836175
12,17,2009,-1.063566658
12,18,2009,0.1745636
12,21,2009,-0.347922448
12,22,2009,0.248392958
12,23,2009,0.024580979
12,24,2009,0.04923683
12,28,2009,-0.317462752
12,29,2009,-0.439453136
12,30,2009,0.146989221
12,31,2009,-0.678292168
1,4,2010,1.532576702
1,5,2010,0.117672388
1,6,2010,0.445900013
1,7,2010,0.023578502
1,8,2010,0.518007993
1,11,2010,-0.511987421
1,12,2010,-0.378340024
1,13,2010,0.070969955
1,14,2010,-0.023686331
1,15,2010,-1.161407944
1,19,2010,1.192748149
1,20,2010,-0.981095932
1,21,2010,-2.523049429
1,22,2010,-1.677101335
1,25,2010,-0.576583118
1,26,2010,-0.128367134
1,27,2010,0.622573298
1,28,2010,-1.554142675
1,29,2010,-2.099331743
2,1,2010,1.890699252
2,2,2010,0.55964893
2,3,2010,-0.504798095
2,4,2010,-2.941174042
2,5,2010,0.805366443
2,8,2010,-1.285839738
2,9,2010,0.582632446
2,10,2010,-0.473186107
2,11,2010,1.73092049
2,12,2010,0.788229091
2,16,2010,1.027223961
2,17,2010,-0.277767691
2,18,2010,0.969637687
2,19,2010,0.408681971
2,22,2010,-0.55625033
2,23,2010,-1.787997354
2,24,2010,0.464516129
2,25,2010,1.604843547
2,26,2010,0.775993275
3,1,2010,0.405576669
3,2,2010,0.07494879
3,3,2010,-0.297912123
3,4,2010,-0.770945058
3,5,2010,1.608515219
3,8,2010,-0.243020644
3,9,2010,0.856378783
3,10,2010,-0.072593754
3,11,2010,0.533455357
3,12,2010,-0.720297684
3,15,2010,0.12189176
3,16,2010,0.80057737
3,17,2010,0
3,18,2010,-0.406013862
3,19,2010,0
3,22,2010,1.272326921
3,23,2010,0.578594503
3,24,2010,-0.242360652
3,25,2010,-1.253918465
3,26,2010,-0.121092271
3,29,2010,0.671309055
3,30,2010,0.071266037
3,31,2010,0.333263525
4,1,2010,0.911854103
4,5,2010,0.368408934
4,6,2010,0.552488503
4,7,2010,-0.459350012
4,8,2010,1.023024926
4,9,2010,0.298509766
4,12,2010,-0.436676646
4,13,2010,0.161962051
4,14,2010,0.525832166
4,15,2010,0.068703919
4,16,2010,-1.595751545
4,19,2010,0.713434024
4,20,2010,0.210526316
4,21,2010,-0.303740661
4,22,2010,1.204257436
4,23,2010,0.819101334
4,26,2010,-0.576701295
4,27,2010,-2.4407439
4,28,2010,-0.237647327
4,29,2010,0.519105698
4,30,2010,-1.406467417
5,3,2010,0.165680473
5,4,2010,-2.075282386
5,5,2010,0
5,6,2010,-2.909921559
5,7,2010,-0.620962452
5,10,2010,0.343218918
5,11,2010,0.600445319
5,12,2010,0.46820599
5,13,2010,-0.786434033
5,14,2010,-0.948816503
5,17,2010,-0.303025268
5,18,2010,-2.939693541
5,19,2010,0.368334668
5,20,2010,-0.897964626
5,21,2010,4.351470257
5,24,2010,-0.963084511
5,25,2010,3.12236577
5,26,2010,-0.865332612
5,27,2010,2.133257779
5,28,2010,-0.984968845
6,1,2010,-0.66190098
6,2,2010,2.56071007
6,3,2010,-0.845722706
6,4,2010,-1.266822414
6,7,2010,-1.626669333
6,8,2010,1.181205369
6,9,2010,-1.083509514
6,10,2010,0.75697466
6,11,2010,1.994221937
6,14,2010,-1.245873316
6,15,2010,1.83206366
6,16,2010,0.857935885
6,17,2010,-0.797011168
6,18,2010,0.049950049
6,21,2010,-0.874637998
6,22,2010,-1.742766237
6,23,2010,-0.074560135
6,24,2010,-1.172657127
6,25,2010,0.678733049
6,28,2010,-0.524342086
6,29,2010,-1.186481816
6,30,2010,-1.273383576
7,1,2010,0.209758789
7,2,2010,-0.390122227
7,6,2010,-0.865139971
7,7,2010,1.950723869
7,8,2010,0.326228373
7,9,2010,1.149425287
7,12,2010,-0.297848094
7,13,2010,0.395159279
7,14,2010,0.420588838
7,15,2010,0.197975749
7,16,2010,-1.918286047
7,19,2010,0.125562531
7,20,2010,2.497482404
7,21,2010,-1.419823815
7,22,2010,0.928190057
7,23,2010,0.994180359
7,26,2010,0.793645945
7,27,2010,-0.806645276
7,28,2010,0
7,29,2010,-0.760996451
7,30,2010,1.086434142
8,2,2010,0.561793058
8,3,2010,0.281489555
8,4,2010,0.163472676
8,5,2010,0.352200047
8,6,2010,0.58976175
8,9,2010,-0.186215088
8,10,2010,0.284627609
8,11,2010,-0.989382263
8,12,2010,1.107831145
8,13,2010,0.14545697
8,16,2010,0.774440949
8,17,2010,0
8,18,2010,0
8,19,2010,-0.902400833
8,20,2010,0.144163867
8,23,2010,-1.243129274
8,24,2010,0.122518987
8,25,2010,0.543749396
8,26,2010,-1.150274079
8,27,2010,0.905972086
8,30,2010,-0.999756206
8,31,2010,0.467860121
9,1,2010,1.468113152
9,2,2010,0.500355004
9,3,2010,-0.163855333
9,7,2010,-0.754892681
9,8,2010,0.306823231
9,9,2010,-0.535631126
9,10,2010,0.280305997
9,13,2010,0.320446334
9,14,2010,0.412182295
9,15,2010,0.549958766
9,16,2010,0.229458457
9,17,2010,-0.478684761
9,20,2010,0.841097939
9,21,2010,-0.135158823
9,22,2010,-0.18009456
9,23,2010,0.068068981
9,24,2010,0.492714424
9,27,2010,-0.156073586
9,28,2010,0.512829454
9,29,2010,0.154978975
9,30,2010,-0.285152446
10,1,2010,0.36956087
10,4,2010,-0.021668834
10,5,2010,0.970664345
10,6,2010,0.277960231
10,7,2010,-1.086026429
10,8,2010,1.098425587
10,11,2010,0.042635393
10,12,2010,0.408343013
10,13,2010,0.380710668
10,14,2010,0.042105263
10,15,2010,-0.482694628
10,18,2010,0.72263551
10,19,2010,-0.884764782
10,20,2010,0.754956843
10,21,2010,-0.723404255
10,22,2010,-0.042735044
10,25,2010,-0.126709615
10,26,2010,0.702729998
10,27,2010,-0.193133055
10,28,2010,-0.447186977
10,29,2010,0.407024422
11,1,2010,0.042249683
11,2,2010,0.356016754
11,3,2010,0.41623518
11,4,2010,0.79705702
11,5,2010,0.469300162
11,8,2010,0.327600328
11,9,2010,-1.583754315
11,10,2010,0.082154448
11,11,2010,0.103498238
11,12,2010,-0.985527385
11,15,2010,-0.611171747
11,16,2010,-1.628799829
11,17,2010,0.195609659
11,18,2010,0.212546232
11,19,2010,0.532367984
11,22,2010,0.212727088
11,23,2010,-0.610294233
11,24,2010,0.604357841
11,26,2010,-0.196981838
11,29,2010,0.460019695
11,30,2010,0.574209377
12,1,2010,0.492716367
12,2,2010,1.31831387
12,3,2010,1.078228353
12,6,2010,0.420258458
12,7,2010,-1.511385124
12,8,2010,-0.358276073
12,9,2010,-0.548180476
12,10,2010,0.317596866
12,13,2010,-0.125808348
12,14,2010,-0.083824391
12,15,2010,-0.927874354
12,16,2010,0.446426436
12,17,2010,0.27611936
12,20,2010,-0.380952381
12,21,2010,0.147025832
12,22,2010,0.362623712
12,23,2010,0.234693839
12,27,2010,0.021326791
12,28,2010,-0.191407912
12,29,2010,0.444066389
12,30,2010,0.062746286
12,31,2010,0.479974978
1,3,2011,0.123554363
1,4,2011,0.020495902
1,5,2011,0.537527404
1,6,2011,-0.618554639
1,7,2011,-0.500108335
1,10,2011,-0.0423033
1,11,2011,-0.020916318
1,12,2011,0.887512882
1,13,2011,-0.535085409
1,14,2011,0.560282228
1,18,2011,0.103303715
1,19,2011,-1.070621783
1,20,2011,-0.167675543
1,21,2011,-0.986775121
1,24,2011,0.678541137
1,25,2011,-0.232508978
1,26,2011,-0.062930567
1,27,2011,-0.54462084
1,28,2011,-2.706709607
1,31,2011,0.280416301
2,1,2011,1.15016185
2,2,2011,-0.527760197
2,3,2011,-0.338696006
2,4,2011,-0.190882282
2,7,2011,0
2,8,2011,0
2,9,2011,-0.799824937
2,10,2011,0.57560773
2,11,2011,1.817776506
2,14,2011,-0.260751847
2,15,2011,0.130637927
2,16,2011,0.454650367
2,17,2011,0.66955077
2,18,2011,0.192268742
2,22,2011,-1.435094523
2,23,2011,-0.527120591
2,24,2011,0.13235605
2,25,2011,0.370850785
2,28,2011,0.563375924
3,1,2011,-1.627755443
3,2,2011,1.019527159
3,3,2011,0.572399855
3,4,2011,-0.231581053
3,7,2011,-1.535224007
3,8,2011,0.275367513
3,9,2011,0.063393914
3,10,2011,-1.031812124
3,11,2011,1.333044202
3,14,2011,0.972554571
3,15,2011,2.450978109
3,16,2011,-2.131822882
3,17,2011,-0.175135727
3,18,2011,-0.759379475
3,21,2011,0.042973785
3,22,2011,-0.085747049
3,23,2011,0.940771862
3,24,2011,0.58935595
3,25,2011,0.125709198
3,28,2011,-0.377439723
3,29,2011,0.523779594
3,30,2011,0.268375315
3,31,2011,0.122728577
4,1,2011,0.363122857
4,4,2011,0.460182073
4,5,2011,0.300484788
4,6,2011,-0.455175152
4,7,2011,-0.099322606
4,8,2011,-0.356083093
4,11,2011,-0.895524378
4,12,2011,-1.011940903
4,13,2011,-1.025121608
4,14,2011,0.81416241
4,15,2011,0.141469281
4,18,2011,-0.41151442
4,19,2011,0.491698412
4,20,2011,0.259216341
4,21,2011,0.316518305
4,25,2011,-0.671671289
4,26,2011,0.416169251
4,27,2011,0.098792727
4,28,2011,0.019912403
4,29,2011,0.576420183
5,2,2011,-0.531602667
5,3,2011,-0.642439256
5,4,2011,-1.479837767
5,5,2011,-0.248908945
5,6,2011,-0.163863171
5,9,2011,0.266715213
5,10,2011,0.591838776
5,11,2011,-1.325452665
5,12,2011,0.854520634
5,13,2011,-1.760932256
5,16,2011,0.338624339
5,17,2011,0.975202501
5,18,2011,0.813686626
5,19,2011,-0.352327461
5,20,2011,-0.438228315
5,23,2011,0.300493668
5,24,2011,-0.063611111
5,25,2011,0.724946664
5,26,2011,0.864796456
5,27,2011,0.207464726
5,31,2011,0
6,1,2011,-1.244635839
6,2,2011,0.225828377
6,3,2011,0.49710233
6,6,2011,-1.258252888
6,7,2011,-0.494951516
6,8,2011,-0.394768328
6,9,2011,0.542227309
6,10,2011,-0.964763003
6,13,2011,-0.611550005
6,14,2011,0.167640399
6,15,2011,-0.657191039
6,16,2011,-0.214634042
6,17,2011,-0.491450865
6,20,2011,0.302375816
6,21,2011,0.896856677
6,22,2011,-0.042646054
6,23,2011,0.865045378
6,24,2011,-0.702580355
6,27,2011,0.83566106
6,28,2011,1.059995805
6,29,2011,0.585894526
6,30,2011,0.60003515
7,1,2011,1.193419802
7,5,2011,-0.426307366
7,6,2011,0.020441627
7,7,2011,0.202384133
7,8,2011,0.020408246
7,11,2011,-0.977744955
7,12,2011,-0.337980566
7,13,2011,0.609245824
7,14,2011,-1.535273827
7,15,2011,-0.375704446
7,18,2011,-0.211465422
7,19,2011,0.672975829
7,20,2011,-0.270264045
7,21,2011,0.912858902
7,22,2011,0
7,25,2011,0.579228382
7,26,2011,-0.143149278
7,27,2011,-1.172115954
7,28,2011,-0.290153368
7,29,2011,1.214909878
8,1,2011,-1.146603194
8,2,2011,-2.1094444
8,3,2011,-0.511731321
8,4,2011,-3.105726735
8,5,2011,-1.422757485
8,8,2011,-3.972242068
8,9,2011,2.92184076
8,10,2011,-2.409936592
8,11,2011,3.313842512
8,12,2011,-0.211964207
8,15,2011,0.860062762
8,16,2011,-0.093133874
8,17,2011,-0.092509246
8,18,2011,-0.886447011
8,19,2011,-0.122576609
8,22,2011,-1.714559285
8,23,2011,2.134878648
8,24,2011,0.771267738
8,25,2011,-1.867364137
8,26,2011,1.413939542
8,29,2011,1.2497029
8,30,2011,0.631874561
8,31,2011,0.342624494
9,1,2011,-0.726612154
9,2,2011,-0.557745772
9,6,2011,2.100939387
9,7,2011,1.256398325
9,8,2011,-0.280699415
9,9,2011,-2.023804762
9,12,2011,1.510277334
9,13,2011,0.514083257
9,14,2011,0.269740075
9,15,2011,0.169243226
9,16,2011,-0.288122435
9,19,2011,0.573137289
9,20,2011,-0.814015767
9,21,2011,-3.203200781
9,22,2011,-2.412575289
9,23,2011,1.266168386
9,26,2011,1.780827397
9,27,2011,-0.156334024
9,28,2011,-1.992653435
9,29,2011,-1.407718941
9,30,2011,-2.820713394
10,3,2011,-1.922535579
10,4,2011,2.471977509
10,5,2011,2.111486486
10,6,2011,2.825785931
10,7,2011,-1.934297725
10,10,2011,1.575624917
10,11,2011,1.571097187
10,12,2011,0.707246779
10,13,2011,0.025276725
10,14,2011,0.299259367
10,17,2011,-2.158082919
10,18,2011,2.433404138
10,19,2011,-1.08230808
10,20,2011,-0.874710596
10,21,2011,1.175265743
10,24,2011,2.394022563
10,25,2011,-0.714464154
10,26,2011,-0.291684499
10,27,2011,1.399584824
10,28,2011,1.09916282
10,31,2011,-2.074984673
11,1,2011,1.448918347
11,2,2011,0.023991365
11,3,2011,0.333174679
11,4,2011,0.214850805
11,7,2011,0.882841804
11,8,2011,1.086193676
11,9,2011,-1.676799432
11,10,2011,-0.949836801
11,11,2011,0.872929153
11,14,2011,-0.508226041
11,15,2011,0.657736922
11,16,2011,-0.591283567
11,17,2011,-2.839511111
11,18,2011,-1.103314917
11,21,2011,-0.546445485
11,22,2011,-0.182481747
11,23,2011,-1.353141453
11,25,2011,-0.537492624
11,28,2011,0
11,29,2011,-0.23364486
11,30,2011,1.290325094
12,1,2011,-0.195977462
12,2,2011,-1.311318601
12,5,2011,-0.145027801
12,6,2011,-0.049115912
12,7,2011,0.763173332
12,8,2011,-1.885851163
12,9,2011,1.540795655
12,12,2011,-0.869120677
12,13,2011,-1.737797042
12,14,2011,-1.096028184
12,15,2011,-1.294330797
12,16,2011,-0.311521288
12,19,2011,-1.83679082
12,20,2011,1.170655598
12,21,2011,0.685659319
12,22,2011,0.731457699
12,23,2011,0.466928676
12,27,2011,-0.026026542
12,28,2011,-1.203243526
12,29,2011,0.579865593
12,30,2011,0.157266047
1,3,2012,0.306052035
1,4,2012,0.641519101
1,5,2012,0.256868739
1,6,2012,-1.026433127
1,9,2012,-0.025708409
1,10,2012,-0.17579106
1,11,2012,0.581834065
1,12,2012,-0.050027514
1,13,2012,-0.050454088
1,17,2012,-0.494195688
1,18,2012,1.876538272
1,19,2012,0.337277781
1,20,2012,0.312727929
1,23,2012,0.215147013
1,24,2012,1.058707867
1,25,2012,1.894486765
1,26,2012,-1.098389785
1,27,2012,0.66116414
1,30,2012,0.550775888
1,31,2012,-0.49365067
2,1,2012,0.744356793
2,2,2012,-0.114861018
2,3,2012,0.386008166
2,6,2012,0.435675294
2,7,2012,0.618982132
2,8,2012,0.090520482
2,9,2012,-0.135534222
2,10,2012,0.046234399
2,13,2012,-0.159090909
2,14,2012,-0.160254121
2,15,2012,-0.883950609
2,16,2012,1.377089741
2,17,2012,-0.157833153
2,21,2012,-0.563570772
2,22,2012,0.203804348
2,23,2012,0.09068465
2,24,2012,0.3381357
2,27,2012,0.500801275
2,28,2012,0.675521279
2,29,2012,-0.910301934
3,1,2012,0.624858277
3,2,2012,0.022246442
3,5,2012,-0.694915923
3,6,2012,-0.996052861
3,7,2012,0.231745065
3,8,2012,0.477378928
3,9,2012,-0.113094325
3,12,2012,-0.36438169
3,13,2012,1.607787591
3,14,2012,-1.20940868
3,15,2012,0.202794047
3,16,2012,0.135170086
3,19,2012,0.272230024
3,20,2012,0.276122878
3,21,2012,0.252467294
3,22,2012,-0.509025902
3,23,2012,0.557234734
3,26,2012,0.848426947
3,27,2012,-0.477388021
3,28,2012,-0.941014459
3,29,2012,0.867521647
3,30,2012,0
4,2,2012,1.360387396
4,3,2012,-0.522487506
4,4,2012,-0.301976778
4,5,2012,0.512216519
4,9,2012,0.09412
4,10,2012,-1.580556772
4,11,2012,-0.401800983
4,12,2012,1.934418541
4,13,2012,-0.930884316
4,16,2012,-1.166316799
4,17,2012,0.445804797
4,18,2012,0.424128191
4,19,2012,-0.281685459
4,20,2012,0
4,23,2012,-0.047632767
4,24,2012,0
4,25,2012,0.070811897
4,26,2012,0.874908941
4,27,2012,0.023440357
4,30,2012,-0.351201132
5,1,2012,0.563120614
5,2,2012,0.163778654
5,3,2012,-1.003969134
5,4,2012,-1.231643742
5,7,2012,0.408462288
5,8,2012,-0.483208516
5,9,2012,0.519552228
5,10,2012,-0.535803689
5,11,2012,-0.099208829
5,14,2012,-0.555698409
5,15,2012,-0.837568485
5,16,2012,-0.9786273
5,17,2012,-1.27470867
5,18,2012,-0.945629104
5,21,2012,1.821068932
5,22,2012,-0.67479628
5,23,2012,0.370171867
5,24,2012,-0.867054628
5,25,2012,-0.106357349
5,29,2012,0.155647215
5,30,2012,0.052800949
5,31,2012,0.158063755
6,1,2012,-0.483081078
6,4,2012,0.242391591
6,5,2012,0.403122827
6,6,2012,1.667551659
6,7,2012,-1.606325813
6,8,2012,0.57818924
6,11,2012,-2.249803582
6,12,2012,0.625820111
6,13,2012,-0.363256348
6,14,2012,0.677784132
6,15,2012,1.107964414
6,18,2012,0.896511248
6,19,2012,0.755865476
6,20,2012,-0.175
6,21,2012,-2.878061023
6,22,2012,-0.386792171
6,25,2012,-0.289171917
6,26,2012,0.209481545
6,27,2012,-0.051948052
6,28,2012,0.49829267
6,29,2012,1.139817629
7,2,2012,0.275965874
7,3,2012,0.917428668
7,5,2012,0
7,6,2012,-0.327046541
7,9,2012,0.050738207
7,10,2012,-1.884422158
7,11,2012,0.076528059
7,12,2012,0.311766676
7,13,2012,1.053453292
7,16,2012,0.332313403
7,17,2012,0.506075405
7,18,2012,0.995159505
7,19,2012,0.376595512
7,20,2012,-0.303794937
7,23,2012,0.365723625
7,24,2012,-0.932162116
7,25,2012,-0.259610592
7,26,2012,0.538055356
7,27,2012,1.738030183
7,30,2012,0.099728245
7,31,2012,-0.842627055
8,1,2012,-0.741839781
8,2,2012,-0.201709531
8,3,2012,0.84116778
8,6,2012,0.391676886
8,7,2012,-0.072954768
8,8,2012,0.536708927
8,9,2012,0.024149757
8,10,2012,0.824042696
8,13,2012,-0.217654182
8,14,2012,-0.554216867
8,15,2012,0.097278699
8,16,2012,0.702351642
8,17,2012,-0.048346629
8,20,2012,0.608272536
8,21,2012,-0.697956695
8,22,2012,0.658217942
8,23,2012,-0.558794947
8,24,2012,0.466150661
8,27,2012,-0.442043211
8,28,2012,0.049443757
8,29,2012,-0.543348948
8,30,2012,-0.574853815
8,31,2012,0.049890247
9,4,2012,-0.57286174
9,5,2012,-0.100631447
9,6,2012,1.552333539
9,7,2012,0.972991949
9,10,2012,-0.58182303
9,11,2012,0.557843803
9,12,2012,-0.11993284
9,13,2012,2.866786455
9,14,2012,0.139019926
9,17,2012,-0.464686327
9,18,2012,-0.023351238
9,19,2012,-0.070051363
9,20,2012,0.566710771
9,21,2012,-0.698484268
9,24,2012,0.309673654
9,25,2012,-1.658770103
9,26,2012,-0.193278574
9,27,2012,0.358682449
9,28,2012,-0.382043926
10,1,2012,0.190109307
10,2,2012,-0.589900883
10,3,2012,-0.663662021
10,4,2012,0.618453839
10,5,2012,-0.587958608
10,8,2012,0.311379641
10,9,2012,-0.76445292
10,10,2012,-0.696773203
10,11,2012,-0.239117647
10,12,2012,-0.239815342
10,15,2012,0.407580926
10,16,2012,0.308644357
10,17,2012,0.448108469
10,18,2012,0.259678936
10,19,2012,-0.900682648
10,22,2012,0.189758065
10,23,2012,-0.433317274
10,24,2012,-0.695112639
10,25,2012,-0.428367444
10,26,2012,-0.12018991
10,31,2012,-0.40806049
11,1,2012,0.669531325
11,2,2012,-1.134215501
11,5,2012,0.50202962
11,6,2012,0.427248981
11,7,2012,-0.738451644
11,8,2012,-1.10523549
11,9,2012,0.169735685
11,12,2012,-0.096457678
11,13,2012,0.26875397
11,14,2012,-1.629778603
11,15,2012,0.148079961
11,16,2012,0.345335463
11,19,2012,0.926382253
11,20,2012,0.584505587
11,21,2012,0.218712019
11,23,2012,0.359456027
11,26,2012,0.479149474
11,27,2012,-0.73986154
11,28,2012,1.11299051
11,29,2012,0.118969786
11,30,2012,-0.379326695
12,3,2012,-0.708724276
12,4,2012,-0.118511498
12,5,2012,0.093933767
12,6,2012,0.468493803
12,7,2012,0.046492329
12,10,2012,0.580315665
12,11,2012,0.391881042
12,12,2012,0
12,13,2012,-0.389198718
12,14,2012,0.321174581
12,17,2012,0.43527604
12,18,2012,0.68477515
12,19,2012,-0.294253056
12,20,2012,0.595790573
12,21,2012,0.532528375
12,24,2012,-0.138273799
12,26,2012,-0.435484748
12,27,2012,0.137333489
12,28,2012,0.388931603
12,31,2012,1.342740131
1,2,2013,0.75337911
1,3,2013,0.088576174
1,4,2013,0.666960871
1,7,2013,-0.022278395
1,8,2013,-0.424958632
1,9,2013,0.178966439
1,10,2013,0.288570484
1,11,2013,0.111629826
1,14,2013,0
1,15,2013,0.223459218
1,16,2013,0.629350388
1,17,2013,0.177782222
1,18,2013,0.088713684
1,22,2013,0.177742732
1,23,2013,-0.178257572
1,24,2013,-0.223368327
1,25,2013,-0.044865408
1,28,2013,-0.450146298
1,29,2013,0.607014388
1,30,2013,-0.089768849
1,31,2013,-0.044865408
2,1,2013,0.111582234
2,4,2013,-0.561419281
2,5,2013,-0.179820176
2,6,2013,0.339744039
2,7,2013,-0.6781261
2,8,2013,0.499208078
2,11,2013,0.181038701
2,12,2013,0.271368153
2,13,2013,-0.156985871
2,14,2013,0.315741994
2,15,2013,-0.269479009
2,19,2013,0
2,20,2013,-1.344686269
2,21,2013,-0.389102778
2,22,2013,-0.228367202
2,25,2013,-2.270662982
2,26,2013,0.138668824
2,27,2013,0.853524838
2,28,2013,-0.48033622
3,1,2013,0.437987542
3,4,2013,0.208819035
3,5,2013,0.114597751
3,6,2013,0.022774486
3,7,2013,0.227691267
3,8,2013,0.27087811
3,11,2013,0.06789319
3,12,2013,-0.567923671
3,13,2013,-0.778212423
3,14,2013,0.137903936
3,15,2013,-0.322950419
3,18,2013,0.023405898
3,19,2013,-0.888258553
3,20,2013,-0.163855333
3,21,2013,-0.400664624
3,22,2013,0.213068172
3,25,2013,-0.751877332
3,26,2013,0.375939841
3,27,2013,0.96538731
3,28,2013,0.280511928
4,1,2013,-0.839554551
4,2,2013,-0.444442105
4,3,2013,-1.105884706
4,4,2013,-0.047576117
4,5,2013,1.450672112
4,8,2013,0.645935422
4,9,2013,0.97387178
4,10,2013,0.257191957
4,11,2013,-0.116493482
4,12,2013,-0.235624416
4,15,2013,-1.739749803
4,16,2013,0.047483382
4,17,2013,-0.598372441
4,18,2013,-0.382958362
4,19,2013,0.166071166
4,22,2013,0.023634216
4,23,2013,0.638753253
4,24,2013,0.398691379
4,25,2013,0.372006527
4,26,2013,-0.395898938
4,29,2013,0.25516121
4,30,2013,1.039014061
5,1,2013,-0.915336363
5,2,2013,0.298372734
5,3,2013,0.13655212
5,6,2013,0.045423576
5,7,2013,0.384359032
5,8,2013,0.448533303
5,9,2013,-0.403406553
5,10,2013,0.04519774
5,13,2013,-0.295456818
5,14,2013,0.204591943
5,15,2013,0.181988175
5,16,2013,-0.295456818
5,17,2013,0.068192768
5,20,2013,0.318324238
5,21,2013,0.068086698
5,22,2013,-1.268407644
5,23,2013,0.980168074
5,24,2013,-0.25611408
5,28,2013,-0.669130134
5,29,2013,-0.538891753
5,30,2013,0.023613604
5,31,2013,-1.25980271
6,3,2013,1.150527297
6,4,2013,-1.090561878
6,5,2013,-1.825611294
6,6,2013,1.200985324
6,7,2013,0.048676077
6,10,2013,-0.466606079
6,11,2013,0.07556423
6,12,2013,-1.522338408
6,13,2013,2.306132851
6,14,2013,-1.314481647
6,17,2013,-0.372951259
6,18,2013,0.601207445
6,19,2013,-2.556393356
6,20,2013,-2.131581579
6,21,2013,0.371251667
6,24,2013,0
6,25,2013,0.242522225
6,26,2013,1.037244736
6,27,2013,0.783903841
6,28,2013,1.385266669
7,1,2013,-0.358971795
7,2,2013,-1.495611178
7,3,2013,0.291084935
7,5,2013,-0.893326303
7,8,2013,0.13251789
7,9,2013,0.130958617
7,10,2013,-0.473186107
7,11,2013,1.226366919
7,12,2013,0.051049005
7,15,2013,0.786794376
7,16,2013,-0.050251258
7,17,2013,0
7,18,2013,-0.451130303
7,19,2013,-0.227043396
7,22,2013,0.832497498
7,23,2013,0.099085957
7,24,2013,-1.065675394
7,25,2013,0.929178805
7,26,2013,0.350708935
7,29,2013,-0.352644827
7,30,2013,-0.982860383
7,31,2013,0.051229507
8,1,2013,0.708858228
8,2,2013,0.378302629
8,5,2013,-0.428530397
8,6,2013,-0.864040705
8,7,2013,-0.335998975
8,8,2013,0.818414364
8,9,2013,0.405895505
8,12,2013,0.326884586
8,13,2013,-0.199297464
8,14,2013,-0.099455492
8,15,2013,0
8,16,2013,-1.05793952
8,19,2013,-1.053443014
8,20,2013,0.234558255
8,21,2013,-1.07837717
8,22,2013,0.44678582
8,23,2013,0.415476521
8,26,2013,-1.291655936
8,27,2013,-0.746664
8,28,2013,0.188577591
8,29,2013,-0.346299937
8,30,2013,-0.396086623
9,3,2013,-0.706621322
9,4,2013,1.022548532
9,5,2013,1.218239958
9,6,2013,0.050558644
9,9,2013,1.850005
9,10,2013,0.244145514
9,11,2013,0.513319482
9,12,2013,-1.000243913
9,13,2013,0.61530887
9,16,2013,-0.457605973
9,17,2013,-0.241553128
9,18,2013,4.397475705
9,19,2013,-0.209839128
9,20,2013,-1.947904202
9,23,2013,0.192451287
9,24,2013,-0.530762351
9,25,2013,-0.774815999
9,26,2013,-0.072946752
9,27,2013,-0.491161579
9,30,2013,-0.024907823
10,1,2013,1.311876173
10,2,2013,0.83497051
10,3,2013,-0.727270303
10,4,2013,1.022390408
10,7,2013,0.390529646
10,8,2013,-1.332039202
10,9,2013,-0.024346238
10,10,2013,0.961996106
10,11,2013,0.885598394
10,14,2013,1.483251232
10,15,2013,-0.569399736
10,16,2013,0.261285048
10,17,2013,0.75865339
10,18,2013,-0.445066771
10,21,2013,-0.09398731
10,22,2013,0.350799829
10,23,2013,-0.686221045
10,24,2013,-0.640571737
10,25,2013,0.381315548
10,28,2013,0.380228119
10,29,2013,-0.070766692
10,30,2013,-0.893479918
10,31,2013,-1.156756347
11,1,2013,-0.166984741
11,4,2013,0.309590364
11,5,2013,-0.673729531
11,6,2013,-0.432590713
11,7,2013,-1.950869461
11,8,2013,0.296660067
11,11,2013,-0.468323885
11,12,2013,-0.619578717
11,13,2013,1.155776411
11,14,2013,1.563655955
11,15,2013,0.872729697
11,18,2013,-0.284762703
11,19,2013,-1.069648205
11,20,2013,-1.438856081
11,21,2013,0.268423621
11,22,2013,0.559336103
11,25,2013,-1.30466541
11,26,2013,0.097945642
11,27,2013,0.439453136
11,29,2013,0.169041294
12,2,2013,-1.643305905
12,3,2013,-0.073935433
12,4,2013,0.470651486
12,5,2013,-0.123517787
12,6,2013,0.682102331
12,9,2013,-0.217233888
12,10,2013,0.582802331
12,11,2013,-1.265197142
12,12,2013,-0.173740378
12,13,2013,-0.04955649
12,16,2013,0.024678017
12,17,2013,-0.543348948
12,18,2013,1.161643627
12,19,2013,0.024845923
12,20,2013,-0.324353776
12,23,2013,0.074615769
12,24,2013,0.198171915
12,26,2013,-0.396527901
12,27,2013,0.519028683
12,30,2013,0.344149459
12,31,2013,0.439453136
1,2,2014,-1.999498988
1,3,2014,-0.651460787
1,6,2014,-0.682855319
1,7,2014,-0.17721519
1,8,2014,-0.404855769
1,9,2014,-0.255031886
1,10,2014,1.32147656
1,13,2014,-1.353046855
1,14,2014,0.454201351
1,15,2014,0.125783648
1,16,2014,-0.52776827
1,17,2014,-0.404037899
1,21,2014,-0.757190832
1,22,2014,0.580954787
1,23,2014,-1.343810886
1,24,2014,-1.197290536
1,27,2014,-0.50132715
1,28,2014,0.158303422
1,29,2014,-0.133901982
1,30,2014,-0.501713771
1,31,2014,1.127511409
2,3,2014,-2.213338667
2,4,2014,0.535905681
2,5,2014,-0.026745988
2,6,2014,1.355667234
2,7,2014,-0.286532959
2,10,2014,-0.968087363
2,11,2014,1.576880462
2,12,2014,-0.745887326
2,13,2014,1.391084063
2,14,2014,0.591713419
2,18,2014,-0.869345414
2,19,2014,-0.258405678
2,20,2014,0.622401436
2,21,2014,0.592173018
2,24,2014,0.076920513
2,25,2014,-1.027216256
2,26,2014,-0.543345379
2,27,2014,1.05697342
2,28,2014,-0.790821408
3,3,2014,0.052369732
3,4,2014,-0.205544718
3,5,2014,0.541932903
3,6,2014,0.662584064
3,7,2014,-0.940994405
3,10,2014,-0.051628805
3,11,2014,-1.289656951
3,12,2014,0.813426901
3,13,2014,-1.871107069
3,14,2014,0.449254757
3,17,2014,0.02602968
3,18,2014,1.245779944
3,19,2014,-1.188627876
3,20,2014,1.211799294
3,21,2014,-0.025861355
3,24,2014,0
3,25,2014,0.534630869
3,26,2014,-0.578907626
3,27,2014,0.883610177
3,28,2014,-0.099208829
3,31,2014,0
4,1,2014,0
4,2,2014,0.660957193
4,3,2014,-0.073329259
4,4,2014,-1.329787202
4,7,2014,0.195355307
4,8,2014,-0.456725983
4,9,2014,0.336548093
4,10,2014,-1.076815002
4,11,2014,0.682258755
4,14,2014,-0.29000241
4,15,2014,-0.877824964
4,16,2014,0.810009779
4,17,2014,0.898281158
4,21,2014,-0.313850812
4,22,2014,-0.314915221
4,23,2014,-0.195069505
4,24,2014,-0.170731707
4,25,2014,-0.221948218
4,28,2014,0.222277094
4,29,2014,0.269211937
4,30,2014,0.663882501
5,1,2014,0.293765008
5,2,2014,0.732787023
5,5,2014,0.097515846
5,6,2014,0.340795991
5,7,2014,0.850957918
5,8,2014,-0.528975715
5,9,2014,-0.19313859
5,12,2014,0.310403526
5,13,2014,0.309077501
5,14,2014,0.330732326
5,15,2014,-0.754539024
5,16,2014,0.495280637
5,19,2014,0.16447368
5,20,2014,-0.353602091
5,21,2014,0.259069719
5,22,2014,0.163436836
5,23,2014,-0.02329993
5,27,2014,-0.467838596
5,28,2014,0.234681994
5,29,2014,-0.163446175
5,30,2014,-0.775745163
6,2,2014,0.047160375
6,3,2014,0.447372252
6,4,2014,-0.117737224
6,5,2014,0.163436836
6,6,2014,0.347146502
6,9,2014,0.48365502
6,10,2014,0.22882837
6,11,2014,0.114688079
6,12,2014,-0.753764293
6,13,2014,0.322061184
6,16,2014,-0.253215936
6,17,2014,0.161700158
6,18,2014,1.386969551
6,19,2014,-0.274534438
6,20,2014,0.137777271
6,23,2014,-0.275669659
6,24,2014,-0.555937019
6,25,2014,0.046416802
6,26,2014,-0.185309251
6,27,2014,0.185533399
6,30,2014,-0.346575794
7,1,2014,0.369001375
7,2,2014,0.274848832
7,3,2014,0.663305108
7,7,2014,0.11350511
7,8,2014,-0.498529334
7,9,2014,0.592115691
7,10,2014,0.849995425
7,11,2014,0.410961197
7,14,2014,0.226139751
7,15,2014,-0.202931238
7,16,2014,-0.202292641
7,17,2014,-1.045214771
7,18,2014,0.340285828
7,21,2014,0.70325995
7,22,2014,0.066929942
7,23,2014,-0.222415485
7,24,2014,0.266910593
7,25,2014,0.111491644
7,28,2014,0.534514453
7,29,2014,-0.842387479
7,30,2014,-0.824602202
7,31,2014,-0.591175534
8,1,2014,0.296469797
8,4,2014,0.451673452
8,5,2014,-0.522252486
8,6,2014,-0.160661005
8,7,2014,-0.756364869
8,8,2014,0.620549328
8,11,2014,0.794369024
8,12,2014,0.429568166
8,13,2014,-0.357379942
8,14,2014,0
8,15,2014,-0.513276043
8,18,2014,0.311801768
8,19,2014,0.488014619
8,20,2014,0.266014182
8,21,2014,-0.110528289
8,22,2014,-0.48661138
8,25,2014,0.554078026
8,26,2014,0.462451002
8,27,2014,0.328220999
8,28,2014,0.442184391
8,29,2014,-0.153945455
9,2,2014,0.132075721
9,3,2014,-0.323280158
9,4,2014,-0.690101374
9,5,2014,0.584164851
9,8,2014,-0.991163542
9,9,2014,-0.678341342
9,10,2014,0.533922124
9,11,2014,-0.13354329
9,12,2014,-0.650956244
9,15,2014,-0.316668182
9,16,2014,1.570327755
9,17,2014,-0.96347746
9,18,2014,-0.067681026
9,19,2014,-1.035334234
9,22,2014,-0.733269953
9,23,2014,-0.462536981
9,24,2014,0.90972477
9,25,2014,-0.728217054
9,26,2014,0.543735237
9,29,2014,0.240845376
9,30,2014,0.385078228
10,1,2014,-1.587683426
10,2,2014,0.390243902
10,3,2014,0.606060606
10,6,2014,-0.588373707
10,7,2014,-0.970643893
10,8,2014,1.31203012
10,9,2014,-1.156473948
10,10,2014,-1.515883024
10,13,2014,-0.552088334
10,14,2014,0.313321267
10,15,2014,0.317773161
10,16,2014,1.346971813
10,17,2014,0.611246914
10,20,2014,0.365588603
10,21,2014,0.779537169
10,22,2014,-0.797674663
10,23,2014,-0.04865207
10,24,2014,0.753160836
10,27,2014,0.88495821
10,28,2014,0.769600733
10,29,2014,-0.735820063
10,30,2014,0.690314244
10,31,2014,0.37664548
11,3,2014,-0.352945882
11,4,2014,0.094453369
11,5,2014,0
11,6,2014,-0.85919089
11,7,2014,0.601539928
11,10,2014,-0.900049718
11,11,2014,0.239174833
11,12,2014,-0.191062818
11,13,2014,-0.738097619
11,14,2014,0.958545411
11,17,2014,-0.239815342
11,18,2014,0.4082661
11,19,2014,0.311305092
11,20,2014,-0.167101938
11,21,2014,0.677255955
11,24,2014,-0.326185943
11,25,2014,-0.816798171
11,26,2014,0.256822309
11,28,2014,-0.776475294
12,1,2014,-0.743219869
12,2,2014,-0.361179879
12,3,2014,0.120363502
12,4,2014,-0.383693036
12,5,2014,0.289922694
12,8,2014,-0.921884985
12,9,2014,0.372858563
12,10,2014,-1.338624194
12,11,2014,-0.504670691
12,12,2014,-1.321140718
12,15,2014,-1.729922541
12,16,2014,0.613657951
12,17,2014,2.396628854
12,18,2014,-0.126483686
12,19,2014,0.354158876
12,22,2014,0.451910597
12,23,2014,-0.276381916
12,24,2014,0.226814516
12,26,2014,-0.024963796
12,29,2014,-0.548220769
12,30,2014,0.175216516
12,31,2014,-0.27411163
1,2,2015,-0.976220251
1,5,2015,-1.243018835
1,6,2015,-0.488050347
1,7,2015,0.456273753
1,8,2015,0.348603088
1,9,2015,-0.545639881
1,12,2015,-0.475827698
1,13,2015,-0.645479162
1,14,2015,0.529498235
1,15,2015,-1.137203927
1,16,2015,1.177357273
1,20,2015,-0.074476169
1,21,2015,1.354689722
1,22,2015,1.277411363
1,23,2015,-0.406411647
1,26,2015,0.506021687
1,27,2015,0.606207536
1,28,2015,-0.99009901
1,29,2015,-0.121681674
1,30,2015,-0.942462798
2,2,2015,0.618811851
2,3,2015,0.828661975
2,4,2015,-0.242774951
2,5,2015,0.803511079
2,6,2015,-0.122636743
2,9,2015,0.197087953
2,10,2015,0.073941336
2,11,2015,0.347564557
2,12,2015,1.298062635
2,13,2015,0.62620183
2,17,2015,-0.239516168
2,18,2015,0.31279595
2,19,2015,0.338008225
2,20,2015,0.845007284
2,23,2015,-0.648415001
2,24,2015,1.011558285
2,25,2015,0.119758084
2,26,2015,-0.071767944
2,27,2015,0.119758084
3,2,2015,0.023968368
3,3,2015,-0.313330908
3,4,2015,-0.146551054
3,5,2015,-0.341963858
3,6,2015,-0.815423751
3,9,2015,-0.49776008
3,10,2015,-0.73528653
3,11,2015,0.177710083
3,12,2015,-0.501507008
3,13,2015,-0.507616726
3,16,2015,0.3034876
3,17,2015,0.859236796
3,18,2015,2.632238722
3,19,2015,-0.64229002
3,20,2015,0.344995054
3,23,2015,-0.073401029
3,24,2015,0.146558382
3,25,2015,-1.758666384
3,26,2015,-0.472867098
3,27,2015,0
3,30,2015,1.087501263
3,31,2015,0.393023837
4,1,2015,0.314838936
4,2,2015,0.742517365
4,6,2015,0.306317161
4,7,2015,-0.351942758
4,8,2015,-0.276177209
4,9,2015,0.388833477
4,10,2015,0.320657352
4,13,2015,-0.637373094
4,14,2015,0.251946862
4,15,2015,0.617004142
4,16,2015,0.679807372
4,17,2015,0
4,20,2015,-0.138116946
4,21,2015,-0.250971926
4,22,2015,0.45423803
4,23,2015,1.206746412
4,24,2015,-0.022385855
4,27,2015,0.022303234
4,28,2015,-0.066664444
4,29,2015,-0.134673404
4,30,2015,-0.656250298
5,1,2015,0.226960957
5,4,2015,0.316453421
5,5,2015,-0.54348279
5,6,2015,-1.455206912
5,7,2015,0.371057523
5,8,2015,0.228099909
5,11,2015,-0.978386781
5,12,2015,0.370027735
5,13,2015,-0.707444089
5,14,2015,0.36563073
5,15,2015,0.932666081
5,18,2015,-0.475657963
5,19,2015,-0.045392645
5,20,2015,0.159416989
5,21,2015,0.366214245
5,22,2015,-0.204313285
5,26,2015,-1.050945853
5,27,2015,0.7658343
5,28,2015,0.116938733
5,29,2015,-0.889515429
6,1,2015,-0.447056471
6,2,2015,0.449488999
6,3,2015,-0.070953171
6,4,2015,-0.715475793
6,5,2015,0.169243226
6,8,2015,-0.09650422
6,9,2015,-0.218446597
6,10,2015,0.336778927
6,11,2015,-0.216190242
6,12,2015,0
6,15,2015,0.073000004
6,16,2015,0.36523253
6,17,2015,0.704056827
6,18,2015,0.335648534
6,19,2015,-0.384338208
6,22,2015,-0.118884923
6,23,2015,0.355106517
6,24,2015,-0.518992699
6,25,2015,-0.661936186
6,26,2015,-0.096878176
6,29,2015,-0.664863318
6,30,2015,-0.559474567
7,1,2015,-0.462622352
7,2,2015,-0.121592902
7,6,2015,-0.175
7,7,2015,0.485558383
7,8,2015,-0.811946045
7,9,2015,-0.897673716
7,10,2015,0.252331561
7,13,2015,0.050052554
7,14,2015,0.451127797
7,15,2015,-0.652441689
7,16,2015,0.124976262
7,17,2015,-0.273906873
7,20,2015,0.025126916
7,21,2015,-0.225566405
7,22,2015,-0.456158146
7,23,2015,-0.713736936
7,24,2015,-0.724072962
7,27,2015,-0.345196495
7,28,2015,0.39744831
7,29,2015,0.84389245
7,30,2015,0.079007109
7,31,2015,-0.026094442
8,3,2015,-0.580324453
8,4,2015,-0.473811504
8,5,2015,-0.760359223
8,6,2015,-0.185922965
8,7,2015,-0.079848283
8,10,2015,1.219509512
8,11,2015,-0.160334055
8,12,2015,0.272625409
8,13,2015,-0.271670734
8,14,2015,0.081541177
8,17,2015,0.24766098
8,18,2015,-0.027767907
8,19,2015,-0.698909701
8,20,2015,-0.228183108
8,21,2015,-1.997099913
8,24,2015,2.352934742
8,25,2015,-4.450954351
8,26,2015,1.077832271
8,27,2015,1.385681333
8,28,2015,-0.17305164
8,31,2015,0.729075511
9,1,2015,-1.190833581
9,2,2015,0.148632585
9,3,2015,0.326119182
9,4,2015,-0.936841946
9,8,2015,0.44471094
9,9,2015,-2.404406141
9,10,2015,0.891795508
9,11,2015,0.590496032
9,14,2015,0.235357444
9,15,2015,1.1460447
9,16,2015,1.061701639
9,17,2015,0.916902526
9,18,2015,-1.321076967
9,21,2015,-0.231752607
9,22,2015,0.118588793
9,23,2015,-1.041365634
9,24,2015,1.374048855
9,25,2015,-1.238667749
9,28,2015,-1.14445709
9,29,2015,0.436405833
9,30,2015,0.242356876
10,1,2015,-0.419913017
10,2,2015,3.086236099
10,5,2015,0.812297627
10,6,2015,-0.057670127
10,7,2015,0.338977382
10,8,2015,1.782183976
10,9,2015,-0.30445889
10,12,2015,-0.940265487
10,13,2015,-0.593385154
10,14,2015,0.056452159
10,15,2015,0.666290949
10,16,2015,0.497374979
10,19,2015,-0.027764511
10,20,2015,0.027841827
10,21,2015,-1.062037481
10,22,2015,0.948914265
10,23,2015,-0.109742109
10,26,2015,-0.497512438
10,27,2015,-0.028032511
10,28,2015,-1.121079036
10,29,2015,0
10,30,2015,-0.655831195
11,2,2015,1.05322798
11,3,2015,1.496749506
11,4,2015,-1.434076196
11,5,2015,0.22403249
11,6,2015,0.970042824
11,9,2015,-1.030919303
11,10,2015,0.145273105
11,11,2015,-0.633463864
11,12,2015,-0.668990673
11,13,2015,-0.911487851
11,16,2015,1.713447664
11,17,2015,-0.203134074
11,18,2015,1.020107811
11,19,2015,0.344824723
11,20,2015,0.05681818
11,23,2015,-0.427599748
11,24,2015,0.922187293
11,25,2015,-0.172367131
11,27,2015,-0.817035308
11,30,2015,0.35378245
12,1,2015,0.14625037
12,2,2015,-0.702978931
12,3,2015,-0.792488993
12,4,2015,1.072386059
12,7,2015,-0.888885926
12,8,2015,0.854436985
12,9,2015,-1.50105069
12,10,2015,-0.611995104
12,11,2015,-0.817099309
12,14,2015,0.501259398
12,15,2015,0.308160237
12,16,2015,1.068696183
12,17,2015,-1.441874393
12,18,2015,-0.457462627
12,21,2015,-0.030568459
12,22,2015,0.82594068
12,23,2015,0.631765907
12,24,2015,0.120075049
12,28,2015,-0.030126545
12,29,2015,-0.270676692
12,30,2015,-0.426306334
12,31,2015,0
1,4,2016,-0.18843907
1,5,2016,-0.156739812
1,6,2016,-0.127710728
1,7,2016,-0.688976378
1,8,2016,-1.57480315
1,11,2016,-0.961535146
1,12,2016,-0.596816976
1,13,2016,-1.951706914
1,14,2016,1.179642737
1,15,2016,-0.311958406
1,19,2016,-1.085481682
1,20,2016,0.140298141
1,21,2016,0.421348315
1,22,2016,0.441572675
1,25,2016,-0.716971638
1,26,2016,0.958251231
1,27,2016,-0.441582865
1,28,2016,-0.067107385
1,29,2016,1.447848024
2,1,2016,0.692843969
2,2,2016,-1.332885705
2,3,2016,1.502500785
2,4,2016,-0.032658392
2,5,2016,-0.851057311
2,8,2016,-0.133731194
2,9,2016,0.545516536
2,10,2016,-0.704937875
2,11,2016,0.344237533
2,12,2016,0.782309524
2,16,2016,0.397222787
2,17,2016,1.209542334
2,18,2016,-0.80489378
2,19,2016,0.097879282
2,22,2016,0.769230745
2,23,2016,-1.156815516
2,24,2016,1.518155166
2,25,2016,0.620502919
2,26,2016,-1.483867742
2,29,2016,-0.12999675
3,1,2016,1.562496761
3,2,2016,1.284058879
3,3,2016,1.019771291
3,4,2016,1.089261758
3,7,2016,0.57314627
3,8,2016,-0.757346305
3,9,2016,0
3,10,2016,-0.634438105
3,11,2016,0.719214885
3,14,2016,-0.23881194
3,15,2016,-0.091388968
3,16,2016,2.824691434
3,17,2016,0.766729578
3,18,2016,-0.087127505
3,21,2016,0.290365862
3,22,2016,0.408756204
3,23,2016,-0.907219837
3,24,2016,0.955506064
3,28,2016,0.118136441
3,29,2016,1.633016627
3,30,2016,-0.374103597
3,31,2016,-0.632175306
4,1,2016,1.970014817
4,4,2016,-1.355250865
4,5,2016,-0.651083141
4,6,2016,1.401732818
4,7,2016,-0.74537863
4,8,2016,-0.294383271
4,11,2016,-0.1454728
4,12,2016,1.043769148
4,13,2016,0.367545953
4,14,2016,-0.282320739
4,15,2016,-0.312322535
4,18,2016,0.801141608
4,19,2016,0.703828829
4,20,2016,0.310474174
4,21,2016,-0.846259497
4,22,2016,-0.256340067
4,25,2016,-0.543939307
4,26,2016,0.342572091
4,27,2016,0.884456516
4,28,2016,-0.142650503
4,29,2016,-0.2
5,2,2016,-0.22908936
5,3,2016,-1.051711949
5,4,2016,-1.037353228
5,5,2016,-0.8610481
5,6,2016,0.691934375
5,9,2016,-1.199046727
5,10,2016,0.991282638
5,11,2016,-0.2380893
5,12,2016,-0.771061662
5,13,2016,-1.143203902
5,16,2016,0.271493196
5,17,2016,-0.361237196
5,18,2016,-0.243007305
5,19,2016,-0.092399135
5,20,2016,0.213868011
5,23,2016,0.06114644
5,24,2016,0.424496665
5,25,2016,0.239383617
5,26,2016,-0.088885926
5,27,2016,-0.354723597
5,31,2016,0.148145185
6,1,2016,0.237462162
6,2,2016,0.769692148
6,3,2016,0.406622132
6,6,2016,0.548032913
6,7,2016,0.399315448
6,8,2016,0.225930528
6,9,2016,0.028500569
6,10,2016,-0.725689384
6,13,2016,-0.2658033
6,14,2016,-0.089602748
6,15,2016,0.088935666
6,16,2016,1.201926118
6,17,2016,0.326218852
6,20,2016,-0.203544641
6,21,2016,0.231889855
6,22,2016,-0.373984486
6,23,2016,1.197610493
6,24,2016,-0.268096515
6,27,2016,-0.748951446
6,28,2016,0.560646225
6,29,2016,0.576704152
6,30,2016,0.657142857
7,1,2016,0.33927906
7,5,2016,-0.45779684
7,6,2016,1.222001781
7,7,2016,-0.773420223
7,8,2016,1.113649343
7,11,2016,0.252737988
7,12,2016,0.165794423
7,13,2016,-0.16552
7,14,2016,0.520545205
7,15,2016,-0.163839436
7,18,2016,1.096493969
7,19,2016,-0.136574703
7,20,2016,0.327597589
7,21,2016,-0.136237054
7,22,2016,0.353648006
7,25,2016,-0.570649472
7,26,2016,0.217808331
7,27,2016,0.027145185
7,28,2016,0
7,29,2016,0.597504074
8,1,2016,-0.485436867
8,2,2016,-0.595874897
8,3,2016,1.068211507
8,4,2016,0.189148889
8,5,2016,0.455525188
8,8,2016,0.053038983
8,9,2016,0.290470037
8,10,2016,-0.603357833
8,11,2016,0.841894283
8,12,2016,-0.183006536
8,15,2016,0.494657641
8,16,2016,-0.337391652
8,17,2016,0.288325018
8,18,2016,0.364298725
8,19,2016,0.550744806
8,22,2016,-0.342197929
8,23,2016,-1.284072327
8,24,2016,0.37194475
8,25,2016,0.265468557
8,26,2016,-1.003955139
8,29,2016,0.74726179
8,30,2016,-0.211810961
8,31,2016,-0.532899028
9,1,2016,0.508835029
9,2,2016,0.21041031
9,6,2016,0.362503893
9,7,2016,-0.231958769
9,8,2016,-0.412477432
9,9,2016,-1.759458941
9,12,2016,1.918408642
9,13,2016,-1.115646259
9,14,2016,-0.082189041
9,15,2016,0.953672999
9,16,2016,0.027175862
9,19,2016,-0.40256846
9,20,2016,-0.642403623
9,21,2016,1.44076841
9,22,2016,-0.261170011
9,23,2016,-0.580324453
9,26,2016,-0.427919241
9,27,2016,0.507611542
9,28,2016,0.742516594
9,29,2016,-1.190161302
9,30,2016,0.2130546
10,3,2016,0.477453568
10,4,2016,-1.107589721
10,5,2016,0.475062034
10,6,2016,0.554672463
10,7,2016,-0.367654918
10,10,2016,0.288792334
10,11,2016,-0.504240977
10,12,2016,0.160476067
10,13,2016,0.594597297
10,14,2016,-0.638980281
10,17,2016,-0.026833066
10,18,2016,0.105627148
10,19,2016,0.157692514
10,20,2016,0.157897368
10,21,2016,0.528125179
10,24,2016,-0.130522053
10,25,2016,0.052344937
10,26,2016,0.07912184
10,27,2016,-0.84254871
10,28,2016,-0.63676839
10,31,2016,0.238980351
11,1,2016,-1.108466643
11,2,2016,-0.856531026
11,3,2016,-0.323709199
11,4,2016,-0.381471379
11,7,2016,0.799997333
11,8,2016,0.903297048
11,9,2016,0.216796736
11,10,2016,-2.179240048
11,11,2016,-0.113349388
11,14,2016,0.028520103
11,15,2016,1.046092764
11,16,2016,0.481865093
11,17,2016,-0.197016611
11,18,2016,-0.478194106
11,21,2016,0.224398304
11,22,2016,-0.193423603
11,23,2016,0.336600262
11,25,2016,0
11,28,2016,0.166288793
11,29,2016,0.193959546
11,30,2016,-0.275327643
12,1,2016,-0.858244764
12,2,2016,-0.055884324
12,5,2016,0.362310469
12,6,2016,0.055343112
12,7,2016,0.824173032
12,8,2016,0.572828696
12,9,2016,0.163760922
12,12,2016,0.027488322
12,13,2016,0.32741608
12,14,2016,-2.057048877
12,15,2016,0.448053779
12,16,2016,-0.530128348
12,19,2016,-0.673217354
12,20,2016,-0.169688909
12,21,2016,-0.59322878
12,22,2016,-0.143222572
12,23,2016,0.430040125
12,27,2016,0.227796134
12,28,2016,0.084766886
12,29,2016,0.615387413
12,30,2016,-0.583503719
1,3,2017,-0.027645108
1,4,2017,0.302283603
1,5,2017,0.353744218
1,6,2017,-0.08160501
1,9,2017,-0.054513493
1,10,2017,0
1,11,2017,0.840558546
1,12,2017,0.053679552
1,13,2017,0.134452814
1,17,2017,0
1,18,2017,-0.483353895
1,19,2017,-0.081111107
1,20,2017,0.054054054
1,23,2017,0.616622
1,24,2017,0.238663491
1,25,2017,0.368515379
1,26,2017,-0.341199493
1,27,2017,-0.078872238
1,30,2017,0
1,31,2017,0.052882073
2,1,2017,-0.446316619
2,2,2017,0.052590062
2,3,2017,0.130750516
2,6,2017,-0.313149791
2,7,2017,-0.340398019
2,8,2017,0.788229091
2,9,2017,0.52137642
2,10,2017,0.69876037
2,13,2017,0.256678651
2,14,2017,0.204912905
2,15,2017,0.715560932
2,16,2017,-0.405473908
2,17,2017,0.435892308
2,21,2017,0.279332141
2,22,2017,0.278622087
2,23,2017,-0.352198742
2,24,2017,0
2,27,2017,-0.102382902
2,28,2017,-0.769435713
3,1,2017,0.717402017
3,2,2017,-0.643335032
3,3,2017,0.334960053
3,6,2017,-0.076861391
3,7,2017,-0.153418559
3,8,2017,-0.642508353
3,9,2017,-0.260208171
3,10,2017,0.207420275
3,13,2017,0.281834494
3,14,2017,-0.332909099
3,15,2017,1.945231636
3,16,2017,-0.049852942
3,17,2017,-0.149546365
3,20,2017,0.59687144
3,21,2017,-1.503576534
3,22,2017,0.476317385
3,23,2017,0.325236419
3,24,2017,0.274316722
3,27,2017,0.425856735
3,28,2017,0.32450823
3,29,2017,0.424146685
3,30,2017,-0.174607134
3,31,2017,-0.175923594
4,3,2017,0.250435763
4,4,2017,0.425526898
4,5,2017,-0.59568626
4,6,2017,-0.124903825
4,7,2017,0.050062577
4,10,2017,0.050304328
4,11,2017,-0.050200803
4,12,2017,0.100202911
4,13,2017,-0.525523036
4,17,2017,0.55179585
4,18,2017,-0.100859808
4,19,2017,-0.80706175
4,20,2017,0.075555278
4,21,2017,-0.050352466
4,24,2017,-0.074642948
4,25,2017,0.173353141
4,26,2017,-0.123913265
4,27,2017,-0.37202877
4,28,2017,0.198713373
5,1,2017,0.049407115
5,2,2017,0.24631282
5,3,2017,-0.369824942
5,4,2017,-0.621426796
5,5,2017,0.676014038
5,8,2017,-0.522775729
5,9,2017,0.397515528
5,10,2017,0.320201986
5,11,2017,0.073743854
5,12,2017,0.31862991
5,15,2017,0.413228012
5,16,2017,0.072599226
5,17,2017,-0.682755459
5,18,2017,0.301051172
5,19,2017,0.469133333
5,22,2017,0.024593067
5,23,2017,0
5,24,2017,0.221075908
5,25,2017,0.048782628
5,26,2017,0.194984163
5,30,2017,0.219780214
5,31,2017,-0.415541432
6,1,2017,0.489718413
6,2,2017,0.194689706
6,5,2017,0
6,6,2017,0.243316314
6,7,2017,0.072919302
6,8,2017,0.072777776
6,9,2017,-0.630606355
6,12,2017,-0.024496692
6,13,2017,0.122067874
6,14,2017,-0.558114549
6,15,2017,0.296293827
6,16,2017,0.122847663
6,19,2017,0.293393629
6,20,2017,-0.68611123
6,21,2017,-0.246728355
6,22,2017,-0.073870966
6,23,2017,0.221459159
6,26,2017,0.121622473
6,27,2017,-0.56152101
6,28,2017,0.171146691
6,29,2017,-0.759436551
6,30,2017,0.049010045
7,3,2017,0.024389175
7,5,2017,0.343053165
7,6,2017,-0.686608649
7,7,2017,-0.073813978
7,10,2017,0.466723175
7,11,2017,0.218980546
7,12,2017,0.575128205
7,13,2017,0.33372824
7,14,2017,0.377712456
7,17,2017,-0.070878806
7,18,2017,0.355277111
7,19,2017,0.023378536
7,20,2017,-0.116993443
7,21,2017,-0.140651664
7,24,2017,-0.046753157
7,25,2017,-0.303598786
7,26,2017,0.537760112
7,27,2017,-0.788497235
7,28,2017,0.256822309
7,31,2017,-0.139312747
8,1,2017,-0.023152777
8,2,2017,0.138794818
8,3,2017,-0.138916419
8,4,2017,0.069435318
8,7,2017,0.391619443
8,8,2017,-0.297828165
8,9,2017,0.278032901
8,10,2017,-1.307191877
8,11,2017,0.212665406
8,14,2017,-0.046728973
8,15,2017,0.140550483
8,16,2017,0.301346785
8,17,2017,-0.973569795
8,18,2017,0.303023296
8,21,2017,0.04638219
8,22,2017,0.253397835
8,23,2017,0.574977001
8,24,2017,-0.091171646
8,25,2017,0.158622249
8,28,2017,-0.113026668
8,29,2017,0.616007273
8,30,2017,0.11338776
8,31,2017,0.09037732
9,1,2017,0.269660674
9,5,2017,-0.404858309
9,6,2017,0.337451061
9,7,2017,0.156424581
9,8,2017,-0.513849442
9,11,2017,0.44593313
9,12,2017,-0.02222988
9,13,2017,-0.29018081
9,14,2017,0.313758411
9,15,2017,0.378707961
9,18,2017,-0.376187218
9,19,2017,0.111093095
9,20,2017,-0.426004503
9,21,2017,-0.179649678
9,22,2017,0.02264433
9,25,2017,-0.800727541
9,26,2017,-0.29899264
9,27,2017,-0.138978464
9,28,2017,0.372352796
9,29,2017,0.345467542
10,2,2017,0.183785899
10,3,2017,0.63737537
10,4,2017,0.067822745
10,5,2017,0.36052275
10,6,2017,0.361909079
10,9,2017,0.022623841
10,10,2017,0.17949742
10,11,2017,0.471166704
10,12,2017,-0.022330877
10,13,2017,0.132980943
10,16,2017,-0.287168102
10,17,2017,-0.177782222
10,18,2017,-0.155451924
10,19,2017,-0.156599549
10,20,2017,0
10,23,2017,-0.604297225
10,24,2017,0
10,25,2017,-0.515002239
10,26,2017,-0.763358761
10,27,2017,0.833903557
10,30,2017,0.022542259
10,31,2017,0.157091558
11,1,2017,-0.400703491
11,2,2017,0.156215127
11,3,2017,-0.424016951
11,6,2017,0.558035727
11,7,2017,-0.599469347
11,8,2017,-0.044496106
11,9,2017,0.089438728
11,10,2017,-0.268394101
11,13,2017,0.225220711
11,14,2017,-0.450452682
11,15,2017,-0.295658397
11,16,2017,0.47286422
11,17,2017,0.245757384
11,20,2017,0.58036162
11,21,2017,0.065801711
11,22,2017,0.021857518
11,24,2017,0.153742591
11,27,2017,-0.55090347
11,28,2017,0.022037894
11,29,2017,-0.929406969
11,30,2017,-0.403045231
12,1,2017,-0.451979661
12,4,2017,-0.741068959
12,5,2017,-0.24864601
12,6,2017,-0.160366545
12,7,2017,0.552988454
12,8,2017,-0.135751128
12,11,2017,-0.112410072
12,12,2017,0.250002273
12,13,2017,0.473183856
12,14,2017,-0.359793111
12,15,2017,0.022516885
12,18,2017,0.290440138
12,19,2017,-0.643588534
12,20,2017,-0.311316426
12,21,2017,0.222424382
12,22,2017,0.531093174
12,26,2017,0.176207041
12,27,2017,0.02200176
12,28,2017,-0.240174678
12,29,2017,-0.412143185
1,2,2018,0.365359991
1,3,2018,0.404606056
1,4,2018,0.126631487
1,5,2018,0.630782157
1,8,2018,0.188363336
1,9,2018,-0.041771094
1,10,2018,0.063005041
1,11,2018,0.692836433
1,12,2018,0.853100274
1,16,2018,-0.618172277
1,17,2018,0.555100752
1,18,2018,0.163569822
1,19,2018,0.324609448
1,22,2018,0.605447035
1,23,2018,0.340950655
1,24,2018,0.297977751
1,25,2018,-0.237951616
1,26,2018,0.572106936
1,29,2018,-0.198884252
1,30,2018,-0.442116175
1,31,2018,-0.677560781
2,1,2018,-0.383377716
2,2,2018,-1.308801582
2,5,2018,-3.111387743
2,6,2018,2.968373716
2,7,2018,-1.545308995
2,8,2018,-4.034149585
2,9,2018,0.175588231
2,12,2018,0.173199831
2,13,2018,0.560711679
2,14,2018,2.432201946
2,15,2018,0.144598224
2,16,2018,0.499371608
2,20,2018,0.377437626
2,21,2018,-1.014488634
2,22,2018,-0.250058335
2,23,2018,0.412798753
2,26,2018,0.697151938
2,27,2018,-1.524825912
2,28,2018,-1.503447515
3,1,2018,-0.861887744
3,2,2018,1.350475826
3,5,2018,1.238253629
3,6,2018,-0.937298519
3,7,2018,0.571066002
3,8,2018,-0.188789603
3,9,2018,1.148702984
3,12,2018,0.16487634
3,13,2018,-1.413353134
3,14,2018,-0.598186881
3,15,2018,-0.662251656
3,16,2018,0
3,19,2018,-0.46198447
3,20,2018,0.083736655
3,21,2018,0.796814863
3,22,2018,-1.083727134
3,23,2018,-1.819353557
3,26,2018,0.683176772
3,27,2018,-1.546937943
3,28,2018,-0.173089568
3,29,2018,1.271828008
4,2,2018,-0.962774884
4,3,2018,0.171457351
4,4,2018,2.851500329
4,5,2018,-0.127517537
4,6,2018,-0.752522071
4,9,2018,-0.603454715
4,10,2018,0.49197861
4,11,2018,0.663387545
4,12,2018,0.106426139
4,13,2018,-0.809882814
4,16,2018,0.258293161
4,17,2018,0.604227449
4,18,2018,0.513812899
4,19,2018,-0.701831136
4,20,2018,-0.62459832
4,23,2018,-0.456122927
4,24,2018,-1.234033367
4,25,2018,-0.044150111
4,26,2018,0.83756008
4,27,2018,0.283473609
4,30,2018,-0.996963611
5,1,2018,0.066091652
5,2,2018,-0.987493965
5,3,2018,-0.288186648
5,4,2018,1.254484795
5,7,2018,0.266910593
5,8,2018,0.15472811
5,9,2018,-0.176021998
5,10,2018,0.938045375
5,11,2018,-0.560703053
5,14,2018,-0.43057265
5,15,2018,-0.197976247
5,16,2018,0.45851311
5,17,2018,-0.373302583
5,18,2018,0.022256342
5,21,2018,-0.110397436
5,22,2018,-0.109969208
5,23,2018,0.892460955
5,24,2018,0.155587902
5,25,2018,0.310901628
5,29,2018,-0.85297645
5,30,2018,0.746102193
5,31,2018,0.08974871
6,1,2018,0.624579495
6,4,2018,0.263974929
6,5,2018,-0.440724979
6,6,2018,0.57055519
6,7,2018,-1.117436484
6,8,2018,0.423063906
6,11,2018,-0.155176232
6,12,2018,-0.155288369
6,13,2018,-0.777257401
6,14,2018,-0.759267547
6,15,2018,0.158622249
6,18,2018,0.206424321
6,19,2018,0.629079712
6,20,2018,-0.322058884
6,21,2018,-0.881663614
6,22,2018,-0.442063751
6,25,2018,-0.283348301
6,26,2018,-0.402555056
6,27,2018,-1.907939423
6,28,2018,0.923677708
6,29,2018,0.261347113
7,2,2018,0.408953572
7,3,2018,-0.523811905
7,5,2018,-0.429379791
7,6,2018,1.028216165
7,9,2018,0.420168067
7,10,2018,0.11646867
7,11,2018,-0.401412061
7,12,2018,0.140484667
7,13,2018,0.14037669
7,16,2018,-0.046972755
7,17,2018,1.060320477
7,18,2018,0.516061447
7,19,2018,0.331596392
7,20,2018,0.350799829
7,23,2018,-0.046728973
7,24,2018,-0.13799908
7,25,2018,0.868970958
7,26,2018,-0.114337983
7,27,2018,-0.341756672
7,30,2018,-0.342235896
7,31,2018,0.503896015
8,1,2018,0.068931526
8,2,2018,0.72530881
8,3,2018,0.393969854
8,6,2018,-0.092951431
8,7,2018,-0.161104714
8,8,2018,0
8,9,2018,-0.460610339
8,10,2018,0
8,13,2018,-0.548795037
8,14,2018,0.263032042
8,15,2018,0.049166667
8,16,2018,-0.243363349
8,17,2018,1.422968666
8,20,2018,0.289850228
8,21,2018,0.286745533
8,22,2018,0.595663555
8,23,2018,-1.282653268
8,24,2018,0.213827512
8,27,2018,0.515819437
8,28,2018,-0.652070346
8,29,2018,0.798874511
8,30,2018,-1.066100475
8,31,2018,0.742873233
9,4,2018,-0.33948592
9,5,2018,-0.073725733
9,6,2018,-0.098330875
9,7,2018,-0.123423852
9,10,2018,-0.916971545
9,11,2018,1.13693021
9,12,2018,0.977688668
9,13,2018,-0.268951087
9,14,2018,-0.488512469
9,17,2018,0
9,18,2018,0.468564746
9,19,2018,0.560155856
9,20,2018,0.0721226
9,21,2018,0.119758084
9,24,2018,-0.169284168
9,25,2018,0.410930636
9,26,2018,0.194831948
9,27,2018,0.194264206
9,28,2018,0.024391314
10,1,2018,-0.315309241
10,2,2018,0.04921506
10,3,2018,-1.514408928
10,4,2018,-1.499995
10,5,2018,-0.406297603
10,8,2018,0.795282196
10,9,2018,0.538735249
10,10,2018,-2.407794508
10,11,2018,-0.39567924
10,12,2018,0.025838285
10,15,2018,-0.208219688
10,16,2018,1.239026782
10,17,2018,-0.411205346
10,18,2018,-1.59060243
10,19,2018,-0.600208768
10,22,2018,-0.413971518
10,23,2018,1.275577962
10,24,2018,-2.400422052
10,25,2018,0.775196472
10,26,2018,0.99891736
10,29,2018,-2.653927813
10,30,2018,1.326478108
10,31,2018,-0.10554353
11,1,2018,1.976084295
11,2,2018,-1.006028723
11,5,2018,0.457317062
11,6,2018,0.30557423
11,7,2018,0.451014783
11,8,2018,-1.162210654
11,9,2018,-0.362785696
11,12,2018,-0.914081982
11,13,2018,0.182669624
11,14,2018,-0.232078397
11,15,2018,1.622877383
11,16,2018,1.098059244
11,19,2018,-0.584805462
11,20,2018,-0.49389653
11,21,2018,0
11,23,2018,0.129732742
11,26,2018,-0.205439142
11,27,2018,1.032516725
11,28,2018,1.599789192
11,29,2018,-0.025152201
11,30,2018,0.17667845
12,3,2018,-0.516094876
12,4,2018,-2.022192405
12,6,2018,1.939989653
12,7,2018,-1.730279942
12,10,2018,-0.365447654
12,11,2018,-0.567297591
12,12,2018,-0.25484963
12,13,2018,-0.203660901
12,14,2018,0
12,17,2018,-1.059431497
12,18,2018,-0.025952257
12,19,2018,-1.991725297
12,20,2018,-0.209090445
12,21,2018,-0.915756125
12,24,2018,-0.533049041
12,26,2018,1.334044824
12,27,2018,1.120602988
12,28,2018,-0.156950039
12,31,2018,-0.858709342
1,2,2019,1.323801959
1,3,2019,-0.60687068
1,4,2019,1.781039811
1,7,2019,0.231662818
1,8,2019,0.436004081
1,9,2019,0.837558333
1,10,2019,1.264862162
1,11,2019,0.353178616
1,14,2019,0.406710727
1,15,2019,0.176364328
1,16,2019,0.475482995
1,17,2019,1.305876444
1,18,2019,0.197672345
1,22,2019,-0.499129024
1,23,2019,0.099445547
1,24,2019,0.844510723
1,25,2019,0.219995111
1,28,2019,0.321466378
1,29,2019,-0.367920039
1,30,2019,1.373224654
1,31,2019,0.723237705
2,1,2019,-0.216554374
2,4,2019,0.507867014
2,5,2019,0.767202128
2,6,2019,-0.812037278
2,7,2019,-0.315001212
2,8,2019,0.195594122
2,11,2019,-0.730991698
2,12,2019,0
2,13,2019,-0.80136474
2,14,2019,0.812812848
2,15,2019,-0.097801951
2,19,2019,1.325471216
2,20,2019,-0.024118639
2,21,2019,-0.265190453
2,22,2019,0.19157568
2,25,2019,-0.070699976
2,26,2019,0.308497872
2,27,2019,-0.166624621
2,28,2019,-0.359111803
3,1,2019,-0.501439816
3,4,2019,-0.404863043
3,5,2019,0.474946557
3,6,2019,-0.566844591
3,7,2019,-1.145594217
3,8,2019,0.31714319
3,11,2019,0.865387061
3,12,2019,-0.047451955
3,13,2019,0
3,14,2019,-0.142655727
3,15,2019,0.495748336
3,18,2019,0.373047339
3,19,2019,-0.069619401
3,20,2019,0.326261944
3,21,2019,0.794209278
3,22,2019,-1.483055556
3,25,2019,0.334765662
3,26,2019,-0.071215284
3,27,2019,-0.59680116
3,28,2019,0.430416069
3,29,2019,0.047080979
4,1,2019,0.185782625
4,2,2019,-0.439821749
4,3,2019,-0.23083795
4,4,2019,0.671143269
4,5,2019,0.412182295
4,8,2019,0.343489826
4,9,2019,-0.228005011
4,10,2019,0.068279474
4,11,2019,-0.366804227
4,12,2019,-0.273655657
4,15,2019,-0.343647178
4,16,2019,0.343242555
4,17,2019,-0.430357851
4,18,2019,0.273408528
4,22,2019,0.252064625
4,23,2019,0.458180964
4,24,2019,-0.732936326
4,25,2019,0.417817994
4,26,2019,0.161327499
4,29,2019,-0.2299885
4,30,2019,0.138412924
5,1,2019,-0.758625287
5,2,2019,0
5,3,2019,0.366720138
5,6,2019,1.06107286
5,7,2019,-0.731827178
5,8,2019,-0.380045149
5,9,2019,0.36407038
5,10,2019,0.33694345
5,13,2019,-0.371014098
5,14,2019,0.073508942
5,15,2019,0.812412625
5,16,2019,-0.317232796
5,17,2019,-0.348169618
5,20,2019,-0.249810149
5,21,2019,0.621581287
5,22,2019,-0.296880272
5,23,2019,0.201465631
5,24,2019,-0.549044173
5,28,2019,-0.670976607
5,29,2019,0.901126385
5,30,2019,0.272414555
5,31,2019,0.843672478
6,3,2019,0.07344676
6,4,2019,0.540941753
6,5,2019,-0.8791233
6,6,2019,0.098670447
6,7,2019,0.147017884
6,10,2019,0.097066248
6,11,2019,-0.191566101
6,12,2019,-0.434677614
6,13,2019,-0.169327528
6,14,2019,-0.536852123
6,17,2019,0.197194972
6,18,2019,1.192789621
6,19,2019,0.576650663
6,20,2019,-0.561408187
6,21,2019,0.023619181
6,24,2019,0.070852622
6,25,2019,-0.616547338
6,26,2019,0.236852197
6,27,2019,0.25912838
6,28,2019,-0.187754044
7,1,2019,-0.484426781
7,2,2019,-0.16222479
7,3,2019,0.372352796
7,5,2019,0.116884061
7,8,2019,0
7,9,2019,0.519718851
7,10,2019,-0.186432067
7,11,2019,-0.442576287
7,12,2019,-0.023387135
7,15,2019,0.046600655
7,16,2019,-0.209545979
7,17,2019,-0.349573526
7,18,2019,0.749239072
7,19,2019,-0.696861805
7,22,2019,-0.186998602
7,23,2019,-0.116956725
7,24,2019,0.257492972
7,25,2019,-0.537255302
7,26,2019,-0.257432717
7,29,2019,0.141015279
7,30,2019,-0.142014201
7,31,2019,-1.183151973
8,1,2019,-1.913873252
8,2,2019,-0.684759127
8,5,2019,-1.060601064
8,6,2019,-0.275622651
8,7,2019,1.369518133
8,8,2019,0.546317358
8,9,2019,-0.323224756
8,12,2019,0.202219408
8,13,2019,1.879608887
8,14,2019,-0.813835198
8,15,2019,-0.203557257
8,16,2019,0.404244548
8,19,2019,-0.870218775
8,20,2019,-0.100052526
8,21,2019,-0.099282698
8,22,2019,-0.4
8,23,2019,-1.232389398
8,26,2019,-0.151596758
8,27,2019,-0.553312402
8,28,2019,0.608359934
8,29,2019,0.500628273
8,30,2019,-0.098904552
9,3,2019,0.4749975
9,4,2019,0.491995056
9,5,2019,-0.14556283
9,6,2019,-0.193372013
9,9,2019,0
9,10,2019,0.145142719
9,11,2019,0.360919144
9,12,2019,0.047675803
9,13,2019,0
9,16,2019,-0.095490573
9,17,2019,0.963860241
9,18,2019,-0.191527412
9,19,2019,-0.480425163
9,20,2019,-0.741451788
9,23,2019,0.458280281
9,24,2019,-0.999025317
9,25,2019,0.643400148
9,26,2019,-0.14737657
9,27,2019,-1.303169476
9,30,2019,-0.247777496
10,1,2019,-0.695474451
10,2,2019,-0.075336514
10,3,2019,0.851490108
10,4,2019,0.747009462
10,7,2019,-0.223658041
10,8,2019,-0.524735132
10,9,2019,-0.074733435
10,10,2019,0.64548661
10,11,2019,-0.04865207
10,14,2019,-0.267630183
10,15,2019,0.41363019
10,16,2019,0.266539859
10,17,2019,-0.551039744
10,18,2019,-0.264986763
10,21,2019,0.43352842
10,22,2019,0.02399904
10,23,2019,0.33694345
10,24,2019,-0.286667456
10,25,2019,0.503353296
10,28,2019,0.189658606
10,29,2019,0.047619048
10,30,2019,0.668252951
10,31,2019,-0.499293854
11,1,2019,0.44906404
11,4,2019,-0.395530479
11,5,2019,0.023255058
11,6,2019,-0.06979758
11,7,2019,0.115774488
11,8,2019,-0.163094136
11,11,2019,0.613938636
11,12,2019,-0.235899982
11,13,2019,0.31033899
11,14,2019,0.09533127
11,15,2019,0.142108002
11,18,2019,-0.118147448
11,19,2019,-0.445911747
11,20,2019,-0.165376794
11,21,2019,0.331996696
11,22,2019,-0.236243788
11,25,2019,0.353278388
11,26,2019,0.165211238
11,27,2019,0.40093866
11,29,2019,-0.095004755
12,2,2019,-0.213472486
12,3,2019,0.407385574
12,4,2019,0.071017989
12,5,2019,0.330587973
12,6,2019,0
12,9,2019,-0.351775337
12,10,2019,0.04699483
12,11,2019,0.74713982
12,12,2019,1.226574895
12,13,2019,-0.319422755
12,16,2019,-0.090696149
12,17,2019,0.045075502
12,18,2019,0.022415957
12,19,2019,0.269418494
12,20,2019,0.044764996
12,23,2019,0.13587183
12,24,2019,-0.090459066
12,26,2019,0.450960561
12,27,2019,-0.290569947
12,30,2019,-0.871506145
