1,2,2008,-1.197492849
1,3,2008,-0.713044916
1,4,2008,-1.992741691
1,7,2008,-0.478369563
1,8,2008,-2.855146308
1,9,2008,0.576426133
1,10,2008,1.873775391
1,11,2008,-0.742016685
1,14,2008,0.386766412
1,15,2008,-0.995997536
1,16,2008,0.020844277
1,17,2008,-3.235509696
1,18,2008,-1.469959554
1,22,2008,7.437526673
1,23,2008,4.754012372
1,24,2008,0.37783586
1,25,2008,-1.84283888
1,28,2008,2.460231073
1,29,2008,0.14373511
1,30,2008,-0.969476073
1,31,2008,2.432406305
2,1,2008,1.793268148
2,4,2008,-1.241985263
2,5,2008,-1.428141338
2,6,2008,-1.354957942
2,7,2008,1.226866292
2,8,2008,-0.339682957
2,11,2008,1.05743728
2,12,2008,-0.578972091
2,13,2008,0.546448087
2,14,2008,-2.24663001
2,15,2008,-0.092142932
2,19,2008,-0.93315553
2,20,2008,1.721300834
2,21,2008,-1.93900028
2,22,2008,0.154006157
2,25,2008,2.048340844
2,26,2008,0.987210677
2,27,2008,0.190661311
2,28,2008,-0.473505934
2,29,2008,-1.412772318
3,3,2008,-0.09362114
3,4,2008,0.01045388
3,5,2008,0.312365681
3,6,2008,-2.325577224
3,7,2008,-0.06464074
3,10,2008,-2.389411155
3,11,2008,1.513834277
3,12,2008,-0.628189962
3,13,2008,2.981174933
3,14,2008,-3.895294646
3,17,2008,-1.079603101
3,18,2008,1.893734362
3,19,2008,-2.711000741
3,20,2008,1.240476578
3,24,2008,2.356940177
3,25,2008,0.757658552
3,26,2008,-0.702551917
3,27,2008,-1.375105431
3,28,2008,-1.338770003
3,31,2008,0.730549528
4,1,2008,2.142704389
4,2,2008,0.387118974
4,3,2008,1.175510556
4,4,2008,0.171688555
4,7,2008,-0.660987494
4,8,2008,0.740511245
4,9,2008,-1.770261552
4,10,2008,1.137297154
4,11,2008,-1.114857364
4,14,2008,-0.103614131
4,15,2008,0.092931339
4,16,2008,2.087170086
4,17,2008,-0.030184085
4,18,2008,-0.069534123
4,21,2008,0.429613365
4,22,2008,-1.028044695
4,23,2008,-0.040239411
4,24,2008,0.897808956
4,25,2008,0.616549336
4,28,2008,0.197526914
4,29,2008,-0.533280653
4,30,2008,-0.604020212
5,1,2008,1.404238566
5,2,2008,-0.730851672
5,5,2008,0.068890857
5,6,2008,1.163019909
5,7,2008,-1.572504429
5,8,2008,0.473508918
5,9,2008,0.662315118
5,12,2008,1.048197472
5,13,2008,0.502848835
5,14,2008,-0.172777884
5,15,2008,1.13429013
5,16,2008,-0.350314328
5,19,2008,-0.464761453
5,20,2008,0.076432254
5,21,2008,-1.763421914
5,22,2008,0.407053693
5,23,2008,-0.959858445
5,27,2008,0.731707317
5,28,2008,0.433949872
5,29,2008,-0.038228211
5,30,2008,0.40999238
6,2,2008,-0.361522215
6,3,2008,-0.475963809
6,4,2008,0.595354331
6,5,2008,1.997144993
6,6,2008,-2.25740348
6,9,2008,-0.601487504
6,10,2008,-0.212314221
6,11,2008,-1.53741639
6,12,2008,-0.440232823
6,13,2008,0.907582689
6,16,2008,1.055279311
6,17,2008,-0.381972873
6,18,2008,-0.385053916
6,19,2008,0.503197233
6,20,2008,-0.988559798
6,23,2008,-1.167538454
6,24,2008,-1.204345461
6,25,2008,0.4378921
6,26,2008,-1.837798605
6,27,2008,-0.223806705
6,30,2008,-0.672375686
7,1,2008,0.722547496
7,2,2008,-3.35446724
7,3,2008,-1.411710944
7,7,2008,-1.679772521
7,8,2008,2.763380829
7,9,2008,-2.165228085
7,10,2008,0.772037298
7,11,2008,0.904007768
7,14,2008,-1.464039859
7,15,2008,0.348964028
7,16,2008,2.581902799
7,17,2008,0.567942773
7,18,2008,-0.500412854
7,21,2008,0.270047783
7,22,2008,2.085070936
7,23,2008,0.204335926
7,24,2008,-2.990848301
7,25,2008,0.687925773
7,28,2008,-1.290320526
7,29,2008,2.06185361
7,30,2008,0.512295092
7,31,2008,-0.369533984
8,1,2008,-0.451284103
8,4,2008,-1.978971428
8,5,2008,1.252343978
8,6,2008,0.927454658
8,7,2008,-0.98602917
8,8,2008,1.802741475
8,11,2008,1.197485285
8,12,2008,-0.743127119
8,13,2008,0.505663441
8,14,2008,1.110211928
8,15,2008,-0.317649401
8,18,2008,-1.809864793
8,19,2008,-0.894488735
8,20,2008,-0.020383283
8,21,2008,-0.061380932
8,22,2008,0.753408659
8,25,2008,-1.584084014
8,26,2008,0.309019359
8,27,2008,0.654798458
8,28,2008,1.173141205
8,29,2008,-0.701688037
9,2,2008,-1.599678128
9,3,2008,-0.203753048
9,4,2008,-2.439030489
9,5,2008,0.42096613
9,8,2008,-1.791524874
9,9,2008,-3.749743112
9,10,2008,0.53521731
9,11,2008,1.217948744
9,12,2008,1.145526117
9,15,2008,-1.233499269
9,16,2008,4.349758896
9,17,2008,-3.72698142
9,18,2008,3.374031151
9,19,2008,0
9,22,2008,-3.222478827
9,23,2008,-1.497328342
9,24,2008,-1.234033367
9,25,2008,0.282786594
9,26,2008,1.126071956
9,29,2008,-5.480368316
9,30,2008,0.848630773
10,1,2008,0.045831807
10,2,2008,-5.70770988
10,3,2008,-3.977815815
10,6,2008,-1.619542333
10,7,2008,-7.083766805
10,8,2008,2.079725652
10,9,2008,-8.803986955
10,10,2008,11.15563757
10,13,2008,6.957033235
10,14,2008,-11.22981366
10,15,2008,-8.818549779
10,16,2008,2.517433955
10,17,2008,2.367947856
10,20,2008,1.971574255
10,21,2008,-2.027410051
10,22,2008,-3.614097969
10,23,2008,-2.756274303
10,24,2008,3.979413379
10,27,2008,-2.029770028
10,28,2008,5.170669145
10,29,2008,1.986546043
10,30,2008,2.303439733
10,31,2008,2.987750135
11,3,2008,0.349037221
11,4,2008,0.312855518
11,5,2008,-4.381440686
11,6,2008,-3.91330813
11,7,2008,1.492998352
11,10,2008,-5.125151814
11,11,2008,-1.329955668
11,12,2008,-3.964616645
11,13,2008,7.430129516
11,14,2008,-4.071082259
11,17,2008,-0.23858214
11,18,2008,-1.360081605
11,19,2008,-7.610555365
11,20,2008,-6.475900093
11,21,2008,2.542037544
11,24,2008,5.628517824
11,25,2008,0.314575312
11,26,2008,7.804708047
11,28,2008,1.931401867
12,1,2008,-8.403361345
12,2,2008,2.738738739
12,3,2008,5.569525692
12,4,2008,-1.931031034
12,5,2008,5.817273376
12,8,2008,1.543010556
12,9,2008,-1.821730644
12,10,2008,1.708271954
12,11,2008,-3.621530179
12,12,2008,5.484207063
12,15,2008,-3.009486425
12,16,2008,0
12,17,2008,1.734107313
12,18,2008,-1.324085792
12,19,2008,-1.10829639
12,22,2008,-2.449112518
12,23,2008,-1.45772914
12,24,2008,0.402687933
12,26,2008,0.696983096
12,29,2008,-1.189689359
12,30,2008,2.02052991
12,31,2008,2.798568174
1,2,2009,1.893936237
1,5,2009,0.092700862
1,6,2009,0.578204486
1,7,2009,-1.630261558
1,8,2009,1.505174083
1,9,2009,-3.207893474
1,12,2009,-2.899009331
1,13,2009,1.317957166
1,14,2009,-2.286282306
1,15,2009,1.423246357
1,16,2009,-0.328518386
1,20,2009,-5.623953598
1,21,2009,3.159722332
1,22,2009,-0.482429359
1,23,2009,3.22009908
1,26,2009,0.857927277
1,27,2009,0.848320355
1,28,2009,2.02052991
1,29,2009,-2.53206511
1,30,2009,-3.009027081
2,2,2009,1.960094505
2,3,2009,-0.102214651
2,4,2009,-0.373898708
2,5,2009,2.268041237
2,6,2009,3.419376467
2,9,2009,-0.032478076
2,10,2009,-3.726704805
2,11,2009,-0.338066261
2,12,2009,2.061859107
2,13,2009,-0.842318059
2,17,2009,-0.87904357
2,18,2009,-1.90140493
2,19,2009,-2.59048616
2,20,2009,0.891530461
2,23,2009,-4.786269463
2,24,2009,3.342191417
2,25,2009,-0.666917377
2,26,2009,-2.847636729
2,27,2009,1.200150987
3,2,2009,-3.605015674
3,3,2009,-2.090876474
3,4,2009,0.970873826
3,5,2009,-2.501016913
3,6,2009,-0.752193899
3,9,2009,-0.170144619
3,10,2009,4.173622879
3,11,2009,-0.869912975
3,12,2009,5.229549111
3,13,2009,-0.150323181
3,16,2009,-2.721849366
3,17,2009,3.624574728
3,18,2009,3.322259136
3,19,2009,-2.283907318
3,20,2009,-3.576538039
3,23,2009,3.981352367
3,24,2009,-1.466992716
3,25,2009,0.668778599
3,26,2009,2.437353328
3,27,2009,-1.664402117
3,30,2009,-1.236312301
3,31,2009,-0.317684433
4,1,2009,3.265159553
4,2,2009,1.282054699
4,3,2009,1.86356745
4,6,2009,-0.329924128
4,7,2009,-1.884883941
4,8,2009,1.055146394
4,9,2009,2.685003186
4,13,2009,0.415863724
4,14,2009,-1.387096774
4,15,2009,2.041484951
4,16,2009,1.529643134
4,17,2009,0.969965612
4,20,2009,-3.608733777
4,21,2009,3.795386264
4,22,2009,1.484353017
4,23,2009,-0.56980057
4,24,2009,1.515636249
4,27,2009,0.854971501
4,28,2009,0.952377778
4,29,2009,2.113116843
4,30,2009,-1.676652594
5,1,2009,0.244057359
5,4,2009,3.033938028
5,5,2009,-0.117201872
5,6,2009,-0.492473928
5,7,2009,-3.368842499
5,8,2009,0.904044885
5,11,2009,0.05872284
5,12,2009,-2.210593304
5,13,2009,-2.990039173
5,14,2009,1.649545545
5,15,2009,-0.491551474
5,18,2009,2.683735813
5,19,2009,0.417409051
5,20,2009,-1.352142857
5,21,2009,-0.604050118
5,22,2009,-1.115126582
5,26,2009,5.052369225
5,27,2009,-1.092731805
5,28,2009,-0.207281611
5,29,2009,1.801535682
6,1,2009,3.105049423
6,2,2009,1.073752503
6,3,2009,-0.395927591
6,4,2009,0.931408411
6,5,2009,-1.27282516
6,8,2009,-0.225421233
6,9,2009,0.364966321
6,10,2009,-1.550382103
6,11,2009,0.224524271
6,12,2009,0.648798289
6,15,2009,-1.164441953
6,16,2009,-2.567751856
6,17,2009,0.175958955
6,18,2009,0.410193366
6,19,2009,-0.576858989
6,22,2009,-2.900679669
6,23,2009,-0.989808038
6,24,2009,0.330222146
6,25,2009,3.010234708
6,26,2009,0.967747857
6,29,2009,0.231086084
6,30,2009,-0.805517883
7,1,2009,0.51739004
7,2,2009,-1.512950291
7,6,2009,-0.149161695
7,7,2009,-2.120669056
7,8,2009,-1.124629111
7,9,2009,-0.27489308
7,10,2009,1.083252829
7,13,2009,2.048309448
7,14,2009,1.049484321
7,15,2009,1.811270815
7,16,2009,1.81661188
7,17,2009,-0.170062363
7,20,2009,0.874227323
7,21,2009,-0.694830461
7,22,2009,1.125181466
7,23,2009,2.868279031
7,24,2009,1.497818587
7,27,2009,0.510475537
7,28,2009,0.322577948
7,29,2009,-0.053896522
7,30,2009,0.319826759
7,31,2009,0.372736944
8,3,2009,0.761946906
8,4,2009,1.360188334
8,5,2009,-0.798562597
8,6,2009,-1.471727343
8,7,2009,0.957058976
8,10,2009,0.205968074
8,11,2009,-0.955092878
8,12,2009,1.357704996
8,13,2009,0.127887475
8,14,2009,-1.38213719
8,17,2009,-1.399522086
8,18,2009,0.798722023
8,19,2009,1.839997333
8,20,2009,1.442809587
8,21,2009,1.310041099
8,24,2009,-0.806248446
8,25,2009,-0.151433623
8,26,2009,0.101268354
8,27,2009,0.176899166
8,28,2009,-1.048684171
8,31,2009,-0.510076524
9,1,2009,-1.699279094
9,2,2009,0.026333947
9,3,2009,0.732800333
9,4,2009,1.376975766
9,8,2009,0.152009117
9,9,2009,1.33939348
9,10,2009,1.221632979
9,11,2009,0
9,14,2009,1.809179767
9,15,2009,1.144661443
9,16,2009,1.388893745
9,17,2009,-0.260419022
9,18,2009,-0.495163876
9,21,2009,0.862277844
9,22,2009,0.094332543
9,23,2009,-1.528694732
9,24,2009,-2.004294918
9,25,2009,-0.317152949
9,28,2009,1.509982915
9,29,2009,0
9,30,2009,-0.789667366
10,1,2009,-3.026634456
10,2,2009,0.277290158
10,5,2009,1.527290975
10,6,2009,0.586789702
10,7,2009,0.462619917
10,8,2009,0.480993243
10,9,2009,0.78985641
10,12,2009,-0.472145881
10,13,2009,-0.189983372
10,14,2009,0.56324101
10,15,2009,0.893489323
10,16,2009,-0.187921071
10,19,2009,0.704057716
10,20,2009,-1.210146586
10,21,2009,-0.969035666
10,22,2009,1.121711164
10,23,2009,-2.091654573
10,26,2009,-1.366248769
10,27,2009,-1.550387634
10,28,2009,-3.082614133
10,29,2009,1.592512599
10,30,2009,-2.376190595
11,2,2009,-0.484320673
11,3,2009,2.192414238
11,4,2009,-1.402098182
11,5,2009,1.584113654
11,6,2009,0.900215009
11,9,2009,1.20126989
11,10,2009,0.048616919
11,11,2009,-0.192719836
11,12,2009,-1.809408883
11,13,2009,0.488987751
11,16,2009,1.475214098
11,17,2009,0.263283874
11,18,2009,-0.381497386
11,19,2009,-1.135816792
11,20,2009,0.320120652
11,23,2009,0
11,24,2009,-0.363903436
11,25,2009,0.169735685
11,27,2009,1.327320311
11,30,2009,0.445544532
12,1,2009,0.685261853
12,2,2009,0.849725682
12,3,2009,-1.367890634
12,4,2009,-0.119538603
12,7,2009,0.239803352
12,8,2009,-0.048264963
12,9,2009,0.387127975
12,10,2009,-0.621865568
12,11,2009,0.119681669
12,14,2009,0.734425509
12,15,2009,0.141502352
12,16,2009,0.140418909
12,17,2009,-0.329642093
12,18,2009,0.046961012
12,21,2009,0.628784365
12,22,2009,0.577367219
12,23,2009,0.617142857
12,24,2009,0.206327377
12,28,2009,-0.569087184
12,29,2009,-0.319851496
12,30,2009,0.276122878
12,31,2009,-1.351663168
1,4,2010,1.011491954
1,5,2010,0.227268182
1,6,2010,0.454031792
1,7,2010,0.816141446
1,8,2010,0.653008331
1,11,2010,-0.645585514
1,12,2010,-0.653588025
1,13,2010,1.087200404
1,14,2010,0.381848607
1,15,2010,-1.140944046
1,19,2010,1.038606886
1,20,2010,-0.067604775
1,21,2010,-1.509344481
1,22,2010,-1.815257353
1,25,2010,-0.325354411
1,26,2010,-0.303873312
1,27,2010,0.847659504
1,28,2010,-1.608014449
1,29,2010,-1.70011106
2,1,2010,1.294966396
2,2,2010,1.158397191
2,3,2010,-0.188009405
2,4,2010,-2.495254159
2,5,2010,0.146236903
2,8,2010,-0.608272536
2,9,2010,0.096854724
2,10,2010,0.388161077
2,11,2010,1.790462047
2,12,2010,1.65546785
2,16,2010,0.630389884
2,17,2010,0.300293363
2,18,2010,0.599073705
2,19,2010,0.504358104
2,22,2010,-0.363636364
2,23,2010,-1.233721727
2,24,2010,0.345387981
2,25,2010,1.605393206
2,26,2010,-0.09151453
3,1,2010,1.391108387
3,2,2010,0.246032213
3,3,2010,-0.066747496
3,4,2010,0.044444444
3,5,2010,0.970443317
3,8,2010,0.087167141
3,9,2010,0.656165777
3,10,2010,0.847457627
3,11,2010,0.866732357
3,12,2010,-0.299463102
3,15,2010,-0.385854217
3,16,2010,0.385521533
3,17,2010,0.44661846
3,18,2010,-0.402284565
3,19,2010,0
3,22,2010,1.994800564
3,23,2010,0.933585807
3,24,2010,-0.4222994
3,25,2010,-1.597643473
3,26,2010,-0.319493071
3,29,2010,0.29793359
3,30,2010,0.106042413
3,31,2010,-0.255108413
4,1,2010,0.254071565
4,5,2010,1.219507964
4,6,2010,0.917044602
4,7,2010,-0.413566989
4,8,2010,0.270601576
4,9,2010,0.601154619
4,12,2010,0.06166084
4,13,2010,0.452679031
4,14,2010,1.202854255
4,15,2010,0.161229346
4,16,2010,-0.929290909
4,19,2010,0.020495902
4,20,2010,0.753570295
4,21,2010,0.404450952
4,22,2010,1.887175363
4,23,2010,0.894634213
4,26,2010,-0.354540083
4,27,2010,-2.103178488
4,28,2010,-0.362976407
4,29,2010,1.082817347
4,30,2010,-2.24162071
5,3,2010,1.252523232
5,4,2010,-1.677788525
5,5,2010,-0.373599004
5,6,2010,-2.913433304
5,7,2010,-2.344769814
5,10,2010,0.872709664
5,11,2010,1.600170719
5,12,2010,1.940331734
5,13,2010,-0.737253707
5,14,2010,-1.702304409
5,17,2010,-0.399239336
5,18,2010,-2.854164583
5,19,2010,-0.582777873
5,20,2010,-2.311113333
5,21,2010,3.503487402
5,24,2010,-0.832581027
5,25,2010,2.533707578
5,26,2010,-0.225629513
5,27,2010,1.498129577
5,28,2010,-0.805045709
6,1,2010,-1.862117006
6,2,2010,2.635733333
6,3,2010,0.941949575
6,4,2010,-2.700312085
6,7,2010,-2.582689229
6,8,2010,0.162790698
6,9,2010,-0.622406625
6,10,2010,1.43410198
6,11,2010,1.669677347
6,14,2010,-0.482979154
6,15,2010,1.885551373
6,16,2010,-0.107944732
6,17,2010,-0.602148387
6,18,2010,-0.388014667
6,21,2010,-2.2179591
6,22,2010,-2.482035707
6,23,2010,0.223868378
6,24,2010,-0.989882992
6,25,2010,1.271564458
6,28,2010,-0.893060931
6,29,2010,-2.152998168
6,30,2010,-0.703562399
7,1,2010,-0.520712426
7,2,2010,-1.395788976
7,6,2010,-2.059666096
7,7,2010,3.228137954
7,8,2010,0.486672052
7,9,2010,1.361633909
7,12,2010,-0.457354219
7,13,2010,1.267546401
7,14,2010,0.022386923
7,15,2010,-0.403045231
7,16,2010,-2.915915329
7,19,2010,-0.06945821
7,20,2010,3.004702019
7,21,2010,-2.129112021
7,22,2010,1.735164423
7,23,2010,2.024740112
7,26,2010,1.491230329
7,27,2010,-1.520991859
7,28,2010,-1.15543713
7,29,2010,-0.985323012
7,30,2010,1.772088301
8,2,2010,0.086657279
8,3,2010,-0.412859626
8,4,2010,0.411696624
8,5,2010,-0.152006518
8,6,2010,0.703449079
8,9,2010,0.194805191
8,10,2010,-0.437160656
8,11,2010,-1.898166635
8,12,2010,1.320370689
8,13,2010,-0.595369846
8,16,2010,0.670522543
8,17,2010,0.727272727
8,18,2010,0.519889217
8,19,2010,-1.47091653
8,20,2010,0.369001375
8,23,2010,-1.891948983
8,24,2010,-0.235289412
8,25,2010,1.902947148
8,26,2010,-1.161980041
8,27,2010,1.302621479
8,30,2010,-1.657842505
8,31,2010,0.376028211
9,1,2010,1.79599125
9,2,2010,1.152537853
9,3,2010,0.132212425
9,7,2010,-1.105460977
9,8,2010,0.289921945
9,9,2010,-1.314354816
9,10,2010,-0.440919302
9,13,2010,0.898135777
9,14,2010,-0.130323629
9,15,2010,0.50065086
9,16,2010,-0.108599042
9,17,2010,-0.367007772
9,20,2010,1.838230889
9,21,2010,-0.804745853
9,22,2010,-0.620987139
9,23,2010,-0.021734783
9,24,2010,1.220554578
9,27,2010,-0.317196018
9,28,2010,0.464629375
9,29,2010,0.252629474
9,30,2010,-0.875551368
10,1,2010,-0.458432988
10,4,2010,-0.964156382
10,5,2010,1.043841293
10,6,2010,-0.578869146
10,7,2010,-0.640888994
10,8,2010,1.061840538
10,11,2010,0.24737787
10,12,2010,0.287828953
10,13,2010,0.570609334
10,14,2010,-0.525787654
10,15,2010,-1.167006013
10,18,2010,0.223306952
10,19,2010,-0.777100173
10,20,2010,0.614628137
10,21,2010,-0.507614213
10,22,2010,0.203214798
10,25,2010,0.141242935
10,26,2010,0.526855138
10,27,2010,0.710800134
10,28,2010,-0.882476918
10,29,2010,0.486326261
11,1,2010,-1
11,2,2010,0.46055067
11,3,2010,0.199000995
11,4,2010,0.527756059
11,5,2010,0.56431408
11,8,2010,0.077416299
11,9,2010,-1.522453296
11,10,2010,0.702852388
11,11,2010,0.742769742
11,12,2010,-0.918688428
11,15,2010,-0.685740582
11,16,2010,-0.994233426
11,17,2010,0.381217897
11,18,2010,0.374981266
11,19,2010,0.551187019
11,22,2010,0.824827212
11,23,2010,0.217005331
11,24,2010,0.875478565
11,26,2010,0.349854221
11,29,2010,0.272426547
11,30,2010,0.392227872
12,1,2010,0.422421259
12,2,2010,0.91638028
12,3,2010,0.986155888
12,6,2010,0.546141264
12,7,2010,-1.017574487
12,8,2010,-0.37278843
12,9,2010,-0.186042791
12,10,2010,0.64995917
12,13,2010,-1.478638216
12,14,2010,-0.295693951
12,15,2010,-0.278545971
12,16,2010,0.893688343
12,17,2010,0.165776383
12,20,2010,0.146677665
12,21,2010,0.492253436
12,22,2010,0.054382819
12,23,2010,-0.379607737
12,27,2010,0.036569757
12,28,2010,-0.619533516
12,29,2010,0.036558217
12,30,2010,-0.14606719
12,31,2010,-0.602853467
1,3,2011,0.344949152
1,4,2011,-1.743665257
1,5,2011,0.859076967
1,6,2011,-0.524035056
1,7,2011,-0.50752041
1,10,2011,0.675681179
1,11,2011,-0.126217096
1,12,2011,-0.035805585
1,13,2011,-0.19685218
1,14,2011,0.55555915
1,18,2011,0.355739944
1,19,2011,-2.038280824
1,20,2011,-0.454710804
1,21,2011,-1.141719826
1,24,2011,0.807337615
1,25,2011,0.365031933
1,26,2011,1.161531803
1,27,2011,0.340507175
1,28,2011,-2.194075951
1,31,2011,0.454462841
2,1,2011,1.09633539
2,2,2011,-0.088941656
2,3,2011,0.392368468
2,4,2011,0.159687719
2,7,2011,0.546731913
2,8,2011,0.33268779
2,9,2011,-0.453748699
2,10,2011,0.897574798
2,11,2011,1.188397393
2,14,2011,0.223715364
2,15,2011,-0.395663162
2,16,2011,0.637270054
2,17,2011,0.633892421
2,18,2011,-0.424304156
2,22,2011,-1.600137674
2,23,2011,-1.521243251
2,24,2011,0.266337003
2,25,2011,1.528727816
2,28,2011,-0.275765253
3,1,2011,-2.274293551
3,2,2011,0.63547394
3,3,2011,0.919498628
3,4,2011,-0.668951984
3,7,2011,-2.024013757
3,8,2011,1.049505022
3,9,2011,-0.173276731
3,10,2011,-0.896945113
3,11,2011,1.55941743
3,14,2011,0.374203499
3,15,2011,1.599422028
3,16,2011,-0.862222054
3,17,2011,-0.945582532
3,18,2011,-0.621114485
3,21,2011,0.457664136
3,22,2011,-0.681578108
3,23,2011,0.211421783
3,24,2011,0.17448787
3,25,2011,0.312068308
3,28,2011,-0.77451982
3,29,2011,0.955191005
3,30,2011,0.890868612
3,31,2011,0.373897009
4,1,2011,-0.084159232
4,4,2011,-0.134276598
4,5,2011,0.420309348
4,6,2011,-0.533333333
4,7,2011,-0.785168714
4,8,2011,-1.405387318
4,11,2011,-1.16632691
4,12,2011,-0.516262252
4,13,2011,-0.360885038
4,14,2011,0.815832307
4,15,2011,0.843223183
4,18,2011,-0.276290796
4,19,2011,-0.155092196
4,20,2011,0.220939837
4,21,2011,0.06737578
4,25,2011,-0.033688732
4,26,2011,0.621220607
4,27,2011,0.432975861
4,28,2011,0.215699353
4,29,2011,0.247848645
5,2,2011,-1.116034794
5,3,2011,-0.898803232
5,4,2011,-1.141705824
5,5,2011,0.41082165
5,6,2011,-0.573742848
5,9,2011,1.017987801
5,10,2011,0.819673818
5,11,2011,-1.278644947
5,12,2011,0.94626901
5,13,2011,-1.170570254
5,16,2011,-0.663376413
5,17,2011,0.103291444
5,18,2011,1.408932965
5,19,2011,-0.538446912
5,20,2011,-0.423728814
5,23,2011,-0.138285225
5,24,2011,-0.586307964
5,25,2011,1.129847056
5,26,2011,1.274766602
5,27,2011,0.288181038
5,31,2011,0.217647748
6,1,2011,-2.657529579
6,2,2011,-0.359402704
6,3,2011,0.209385793
6,6,2011,-1.448513114
6,7,2011,-0.140972687
6,8,2011,-0.655329448
6,9,2011,0.373796725
6,10,2011,-1.122796273
6,13,2011,-0.593422036
6,14,2011,1.004307784
6,15,2011,-0.751741556
6,16,2011,-0.054140047
6,17,2011,-0.857753768
6,20,2011,1.012661863
6,21,2011,1.51245193
6,22,2011,-0.175897983
6,23,2011,1.247996078
6,24,2011,-1.08829733
6,27,2011,0.710229048
6,28,2011,1.105839896
6,29,2011,0.207250425
6,30,2011,0.446731951
7,1,2011,1.227616326
7,5,2011,-0.050357501
7,6,2011,0.487635775
7,7,2011,0.033068783
7,8,2011,0.199931689
7,11,2011,-1.044647044
7,12,2011,-0.034195588
7,13,2011,0.153269752
7,14,2011,-1.526973219
7,15,2011,0.377621022
7,18,2011,-1.030224896
7,19,2011,1.16938947
7,20,2011,-0.338984746
7,21,2011,0.558561254
7,22,2011,0.489205474
7,25,2011,0.289161417
7,26,2011,-0.509509163
7,27,2011,-2.266490307
7,28,2011,-0.351495594
7,29,2011,1.053947839
8,1,2011,-1.89895638
8,2,2011,-2.555396758
8,3,2011,0.660664318
8,4,2011,-4.940788214
8,5,2011,-2.75422969
8,8,2011,-4.662681975
8,9,2011,3.346664001
8,10,2011,-1.37672093
8,11,2011,4.660487333
8,12,2011,-0.398091147
8,15,2011,1.861023633
8,16,2011,-0.394005138
8,17,2011,-0.9432089
8,18,2011,-2.616514825
8,19,2011,-0.638295745
8,22,2011,-2.933830567
8,23,2011,3.867525724
8,24,2011,1.985109554
8,25,2011,-2.902053666
8,26,2011,3.305443584
8,29,2011,3.243241176
8,30,2011,0.916538629
8,31,2011,-0.384026483
9,1,2011,-2.038063912
9,2,2011,-0.944725628
9,6,2011,3.612928223
9,7,2011,1.656029562
9,8,2011,-0.594528351
9,9,2011,-1.535349495
9,12,2011,2.255634874
9,13,2011,1.158770099
9,14,2011,1.198318354
9,15,2011,0.371599836
9,16,2011,-0.136133805
9,19,2011,0.755922021
9,20,2011,-1.653868839
9,21,2011,-3.598558577
9,22,2011,-0.619527865
9,23,2011,1.73159953
9,26,2011,1.182686428
9,27,2011,-0.632002052
9,28,2011,-3.817882809
9,29,2011,-1.04123282
9,30,2011,-1.305932376
10,3,2011,-4.148465156
10,4,2011,5.803779632
10,5,2011,1.736108866
10,6,2011,2.849181662
10,7,2011,-2.343905877
10,10,2011,1.726285286
10,11,2011,1.175257732
10,12,2011,0.485138458
10,13,2011,1.054554836
10,14,2011,0.514847525
10,17,2011,-2.257880679
10,18,2011,2.180052439
10,19,2011,-1.583529295
10,20,2011,-0.140168205
10,21,2011,0.991473329
10,24,2011,2.901399839
10,25,2011,-2.144359563
10,26,2011,-0.307572088
10,27,2011,1.176247177
10,28,2011,0.018481153
10,31,2011,-1.254685346
11,1,2011,1.070580909
11,2,2011,0.67463183
11,3,2011,1.119757091
11,4,2011,1.043245428
11,7,2011,-0.300354796
11,8,2011,0.279854488
11,9,2011,-1.718873153
11,10,2011,-0.787258034
11,11,2011,0.9162054
11,14,2011,-0.569906926
11,15,2011,1.382224995
11,16,2011,-0.555132061
11,17,2011,-1.785371472
11,18,2011,-0.584112138
11,21,2011,-0.15932683
11,22,2011,-0.240334468
11,23,2011,-1.586331161
11,25,2011,0
11,28,2011,0.725515936
11,29,2011,-0.19992403
11,30,2011,1.608211556
12,1,2011,-0.038262535
12,2,2011,-0.70115217
12,5,2011,-0.300187623
12,6,2011,-0.169555382
12,7,2011,0.760741698
12,8,2011,-2.26408291
12,9,2011,1.955465558
12,12,2011,-0.230944962
12,13,2011,-2.807490397
12,14,2011,-0.713860797
12,15,2011,-0.315519628
12,16,2011,0.235752447
12,19,2011,-2.262973167
12,20,2011,1.704885395
12,21,2011,0.366447459
12,22,2011,0.728110763
12,23,2011,-0.038316091
12,27,2011,0.421944772
12,28,2011,-1.663165711
12,29,2011,1.009514697
12,30,2011,-0.441713079
1,3,2012,-0.699034574
1,4,2012,0.287413303
1,5,2012,1.403034815
1,6,2012,0.056967338
1,9,2012,0.113415875
1,10,2012,0.130523958
1,11,2012,0.616250245
1,12,2012,0.240655313
1,13,2012,0.093056021
1,17,2012,-0.718230216
1,18,2012,1.556420205
1,19,2012,0.236322495
1,20,2012,0.090751364
1,23,2012,-0.199096833
1,24,2012,1.058011675
1,25,2012,1.100090151
1,26,2012,-1.309272824
1,27,2012,1.133905667
1,30,2012,0.197380226
1,31,2012,-0.923789289
2,1,2012,1.119007125
2,2,2012,0.035031533
2,3,2012,0.552390817
2,6,2012,0.189624209
2,7,2012,0.224064116
2,8,2012,0.137436869
2,9,2012,-0.409979494
2,10,2012,-0.259429263
2,13,2012,0.10313166
2,14,2012,0.08614576
2,15,2012,-1.027042144
2,16,2012,1.605387537
2,17,2012,-0.625420892
2,21,2012,-0.881355932
2,22,2012,-0.274348422
2,23,2012,1.117994515
2,24,2012,0.102164141
2,27,2012,0.633349902
2,28,2012,-0.187170325
2,29,2012,-1.005283711
3,1,2012,0.48076578
3,2,2012,-0.957432007
3,5,2012,-0.20765357
3,6,2012,-0.87673156
3,7,2012,0.68758814
3,8,2012,0.590893281
3,9,2012,1.071180009
3,12,2012,-0.529456884
3,13,2012,1.485146757
3,14,2012,-0.57248696
3,15,2012,0.829808651
3,16,2012,-0.201374392
3,19,2012,0.791507228
3,20,2012,-0.168320148
3,21,2012,-0.252267075
3,22,2012,-0.034042553
3,23,2012,0.612559129
3,26,2012,0.569037657
3,27,2012,-0.549081549
3,28,2012,-0.601906026
3,29,2012,0.406163479
3,30,2012,-0.652938222
4,2,2012,1.045705835
4,3,2012,-0.050165553
4,4,2012,-0.523827307
4,5,2012,0.051103731
4,9,2012,0.190273306
4,10,2012,-2.352129021
4,11,2012,0.297930244
4,12,2012,1.606983406
4,13,2012,-0.94794726
4,16,2012,-0.674628945
4,17,2012,0.655965821
4,18,2012,-0.051674129
4,19,2012,-0.378856552
4,20,2012,-0.377750674
4,23,2012,0.087295742
4,24,2012,0.104524387
4,25,2012,0.515995881
4,26,2012,0.976863787
4,27,2012,0.202673538
4,30,2012,-0.742362072
5,1,2012,0.152905196
5,2,2012,0.99145641
5,3,2012,-1.422523309
5,4,2012,-0.968015591
5,7,2012,0.578950877
5,8,2012,0.350878947
5,9,2012,0.761061947
5,10,2012,-0.69637536
5,11,2012,0.723104044
5,14,2012,-0.247917474
5,15,2012,-0.319936023
5,16,2012,-1.190268233
5,17,2012,-2.658521741
5,18,2012,-1.326212906
5,21,2012,2.218499296
5,22,2012,-0.418181818
5,23,2012,1.773178828
5,24,2012,-0.072471464
5,25,2012,-0.090552334
5,29,2012,0.630172837
5,30,2012,-1.064215387
5,31,2012,-0.127805368
6,1,2012,-1.321421924
6,4,2012,-0.584137931
6,5,2012,1.945080129
6,6,2012,1.428563954
6,7,2012,-1.963610231
6,8,2012,0.994110825
6,11,2012,-2.574325598
6,12,2012,0.815424404
6,13,2012,-0.922168924
6,14,2012,0.575461306
6,15,2012,0.642913311
6,18,2012,1.008432325
6,19,2012,0.811543718
6,20,2012,-0.339471139
6,21,2012,-2.561807596
6,22,2012,0.182718801
6,25,2012,-0.259065502
6,26,2012,0.481396056
6,27,2012,0.716778166
6,28,2012,0.789715321
6,29,2012,0.480847712
7,2,2012,0.282343402
7,3,2012,0.965079805
7,5,2012,-0.052142856
7,6,2012,-0.140544629
7,9,2012,-0.141015336
7,10,2012,-1.807015789
7,11,2012,-0.446428571
7,12,2012,0.41554473
7,13,2012,1.021869864
7,16,2012,-0.372867543
7,17,2012,0.053244013
7,18,2012,0.781386951
7,19,2012,-0.508593476
7,20,2012,-0.655677831
7,23,2012,0.308309763
7,24,2012,-1.587298008
7,25,2012,-0.200768385
7,26,2012,0.090454054
7,27,2012,1.798561216
7,30,2012,-0.406358672
7,31,2012,-0.338083624
8,1,2012,-1.423992524
8,2,2012,0.400805254
8,3,2012,0.752145415
8,6,2012,0.67507016
8,7,2012,0.210340056
8,8,2012,0.386164641
8,9,2012,0.437828387
8,10,2012,0.490278402
8,13,2012,0.087443162
8,14,2012,-0.678496868
8,15,2012,0.577330301
8,16,2012,1.026265402
8,17,2012,0.429553257
8,20,2012,-0.034322979
8,21,2012,-0.376070085
8,22,2012,0.103291444
8,23,2012,-0.516438285
8,24,2012,0.346375118
8,27,2012,-0.429553257
8,28,2012,0.518589473
8,29,2012,0.051498457
8,30,2012,-0.327415136
8,31,2012,-0.343054894
9,4,2012,0.773463389
9,5,2012,-0.085235254
9,6,2012,1.494820817
9,7,2012,0.551928407
9,10,2012,-0.116763968
9,11,2012,0.150250412
9,12,2012,0.099685996
9,13,2012,1.212018927
9,14,2012,0.636733061
9,17,2012,-0.553115332
9,18,2012,-0.278281224
9,19,2012,-0.179975461
9,20,2012,-0.148367953
9,21,2012,-0.606355293
9,24,2012,-0.066172042
9,25,2012,-1.831080532
9,26,2012,-0.771810429
9,27,2012,0.758464495
9,28,2012,0.100842017
10,1,2012,-0.484539699
10,2,2012,-0.083666335
10,3,2012,-0.167081042
10,4,2012,0.349883372
10,5,2012,-0.643994375
10,8,2012,0.150451354
10,9,2012,-0.952540107
10,10,2012,-0.404793382
10,11,2012,-0.151642802
10,12,2012,-0.624258478
10,15,2012,0.406638428
10,16,2012,0.587746441
10,17,2012,0.684252359
10,18,2012,-0.182483414
10,19,2012,-1.069517045
10,22,2012,-0.287408274
10,23,2012,0.273551025
10,24,2012,-0.628401824
10,25,2012,-0.475387081
10,26,2012,-0.71367547
10,31,2012,0.772136252
11,1,2012,1.613999293
11,2,2012,-1.682775741
11,5,2012,0.508559061
11,6,2012,0.63897258
11,7,2012,-0.829801877
11,8,2012,-1.265607982
11,9,2012,0.662138015
11,12,2012,-0.431183167
11,13,2012,0.034826746
11,14,2012,-1.841871448
11,15,2012,-0.390211061
11,16,2012,0.69321723
11,19,2012,0.838288538
11,20,2012,0.502601378
11,21,2012,0.27543467
11,23,2012,0.615595075
11,26,2012,0.27238678
11,27,2012,-0.118805164
11,28,2012,1.109784873
11,29,2012,0.218085888
11,30,2012,-0.317200323
12,3,2012,-0.66600232
12,4,2012,0
12,5,2012,-0.283999327
12,6,2012,0.368696175
12,7,2012,-0.13329057
12,10,2012,0.534222019
12,11,2012,0.198443853
12,12,2012,-0.444298173
12,13,2012,-0.661160331
12,14,2012,-0.166413713
12,17,2012,0.731266436
12,18,2012,1.051939513
12,19,2012,-0.194771949
12,20,2012,0.324405504
12,21,2012,0.72178971
12,24,2012,-0.066374048
12,26,2012,-1.009935397
12,27,2012,-0.349940022
12,28,2012,-0.151362263
12,31,2012,1.834707962
1,2,2013,0.016092065
1,3,2013,-0.160776525
1,4,2013,0.240187346
1,7,2013,-0.016017303
1,8,2013,-0.144178153
1,9,2013,0.271698897
1,10,2013,-0.301209566
1,11,2013,-0.079497613
1,14,2013,0.191020376
1,15,2013,0.990420159
1,16,2013,-0.142585554
1,17,2013,0.506249019
1,18,2013,0.110097511
1,22,2013,0.675032956
1,23,2013,-0.186977251
1,24,2013,0.23382852
1,25,2013,0.309209957
1,28,2013,-0.322926347
1,29,2013,-0.030870369
1,30,2013,-0.832949226
1,31,2013,0.62295905
2,1,2013,0.338920022
2,4,2013,-0.524697507
2,5,2013,0.308494515
2,6,2013,0.77172402
2,7,2013,-0.13794605
2,8,2013,0.413419091
2,11,2013,-0.213252088
2,12,2013,0.27480916
2,13,2013,0.212895371
2,14,2013,0.42598355
2,15,2013,-0.181646993
2,19,2013,0.529900052
2,20,2013,-1.850731295
2,21,2013,-0.814005517
2,22,2013,0.523485782
2,25,2013,-2.603530755
2,26,2013,0.093382101
2,27,2013,1.22766282
2,28,2013,-0.015353798
3,1,2013,0.787029285
3,4,2013,0.506293342
3,5,2013,0.729046217
3,6,2013,-0.01503834
3,7,2013,0.421051128
3,8,2013,0.13386434
3,11,2013,0.282741084
3,12,2013,-0.014849206
3,13,2013,0.252484769
3,14,2013,0.576069449
3,15,2013,0.044179675
3,18,2013,0.401003998
3,19,2013,-0.604981582
3,20,2013,0.324533112
3,21,2013,-0.133130181
3,22,2013,0
3,25,2013,-0.486143215
3,26,2013,0.073630337
3,27,2013,0.487375579
3,28,2013,0.146732204
4,1,2013,-1.055101145
4,2,2013,-0.854440226
4,3,2013,-1.692399025
4,4,2013,0.618768469
4,5,2013,1.262733854
4,8,2013,0.644967771
4,9,2013,-0.134014286
4,10,2013,1.189065119
4,11,2013,0.499994118
4,12,2013,0.132327595
4,15,2013,-2.835200785
4,16,2013,0.84375015
4,17,2013,-0.813499585
4,18,2013,-0.954540909
4,19,2013,0.837640826
4,22,2013,0.165714078
4,23,2013,0.732664507
4,24,2013,0.415490435
4,25,2013,0.132573282
4,26,2013,-0.26505815
4,29,2013,0.308822059
4,30,2013,0.629852086
5,1,2013,-1.719867341
5,2,2013,0.871497823
5,3,2013,0.159351009
5,6,2013,0.534840995
5,7,2013,0.646280367
5,8,2013,0.672667783
5,9,2013,-0.355568208
5,10,2013,0.512748903
5,13,2013,0
5,14,2013,1.090954914
5,15,2013,0.449248893
5,16,2013,-0.307779786
5,17,2013,0.600978312
5,20,2013,0.361957389
5,21,2013,0.055502983
5,22,2013,-1.635256284
5,23,2013,1.183676504
5,24,2013,0.240858593
5,28,2013,-0.43176182
5,29,2013,-0.700476353
5,30,2013,0.450512466
5,31,2013,-0.577215269
6,3,2013,-0.141399885
6,4,2013,-0.665159883
6,5,2013,-1.184870756
6,6,2013,0.997246683
6,7,2013,0.49751103
6,10,2013,-0.23933268
6,11,2013,-0.156762154
6,12,2013,-1.474969466
6,13,2013,1.875364974
6,14,2013,-0.283563027
6,17,2013,-0.324039152
6,18,2013,0.762175039
6,19,2013,-1.247545626
6,20,2013,-1.30841691
6,21,2013,-0.072848195
6,24,2013,0.029498451
6,25,2013,0.483436845
6,26,2013,-0.432581123
6,27,2013,0.747442863
6,28,2013,-0.157277662
7,1,2013,0.911421235
7,2,2013,-0.098828177
7,3,2013,0.454093934
7,5,2013,0.433927759
7,8,2013,-0.291179966
7,9,2013,0.428953941
7,10,2013,0.220421558
7,11,2013,-0.122045026
7,12,2013,0.434486071
7,15,2013,0.094339626
7,16,2013,-0.739350729
7,17,2013,-0.134624396
7,18,2013,0.362704182
7,19,2013,0.389315355
7,22,2013,0
7,23,2013,-0.451592503
7,24,2013,-1.156293226
7,25,2013,0.861139666
7,26,2013,0.228032184
7,29,2013,-0.428780668
7,30,2013,0.067029492
7,31,2013,-0.013360514
8,1,2013,0.741423285
8,2,2013,0.250498359
8,5,2013,0.22385962
8,6,2013,-0.868426316
8,7,2013,-0.226604914
8,8,2013,0.133083579
8,9,2013,0.199788221
8,12,2013,0.801921946
8,13,2013,-0.264896689
8,14,2013,-0.518134736
8,15,2013,-0.728058534
8,16,2013,-0.040837191
8,19,2013,-0.790829059
8,20,2013,1.236774821
8,21,2013,-0.163436398
8,22,2013,0.966116505
8,23,2013,0.040341581
8,26,2013,-0.160926646
8,27,2013,-1.139451965
8,28,2013,0.302189548
8,29,2013,0.849657382
8,30,2013,-1.478762739
9,3,2013,-1.110810079
9,4,2013,0.669762128
9,5,2013,0.135647041
9,6,2013,-0.309967668
9,9,2013,1.117396353
9,10,2013,0.264406402
9,11,2013,0.013174394
9,12,2013,-0.565567547
9,13,2013,0
9,16,2013,-0.639767627
9,17,2013,0.788020762
9,18,2013,1.1224223
9,19,2013,-0.231900274
9,20,2013,-0.888606545
9,23,2013,-0.195137237
9,24,2013,-0.05199662
9,25,2013,-0.103831274
9,26,2013,0.454022595
9,27,2013,0.207949046
9,30,2013,1.034980976
10,1,2013,1.441745719
10,2,2013,0.42531514
10,3,2013,-0.912243327
10,4,2013,0.569139841
10,7,2013,-0.142858442
10,8,2013,-1.768531814
10,9,2013,-0.660938515
10,10,2013,1.104251347
10,11,2013,1.185044912
10,14,2013,0.853148903
10,15,2013,-0.69310868
10,16,2013,0.666919319
10,17,2013,1.176167206
10,18,2013,0.162974809
10,21,2013,-0.274829471
10,22,2013,-0.112252432
10,23,2013,-0.175504582
10,24,2013,0.363227724
10,25,2013,0.024937024
10,28,2013,-0.336066733
10,29,2013,0.012465105
10,30,2013,-1.194177151
10,31,2013,-0.214212447
11,1,2013,-0.339832612
11,4,2013,0.402515723
11,5,2013,-0.050277779
11,6,2013,-0.876530167
11,7,2013,-2.20153484
11,8,2013,1.399763655
11,11,2013,0.151844871
11,12,2013,0.037940323
11,13,2013,1.484203946
11,14,2013,0.137294054
11,15,2013,0.311332491
11,18,2013,-1.225093459
11,19,2013,-0.714285687
11,20,2013,-0.515663426
11,21,2013,0.993953158
11,22,2013,0.361057022
11,25,2013,-0.457754535
11,26,2013,0.397120864
11,27,2013,0.271505619
11,29,2013,-0.441394077
12,2,2013,-0.603008846
12,3,2013,-0.024840994
12,4,2013,0.374432088
12,5,2013,0.07461385
12,6,2013,-0.540277492
12,9,2013,-0.172433793
12,10,2013,-0.271740369
12,11,2013,-1.791889565
12,12,2013,0.163466618
12,13,2013,0.075118314
12,16,2013,0.248783434
12,17,2013,0.012404813
12,18,2013,1.090184575
12,19,2013,-0.454037316
12,20,2013,1.094979098
12,23,2013,0.193512337
12,24,2013,0.158224189
12,26,2013,-0.290246698
12,27,2013,-0.699471797
12,30,2013,0.072867033
12,31,2013,0.036287651
1,2,2014,-0.630766603
1,3,2014,0.060858185
1,6,2014,-0.95757697
1,7,2014,0.524006837
1,8,2014,0.157543632
1,9,2014,-0.229306056
1,10,2014,0.434783801
1,13,2014,-1.227579792
1,14,2014,1.008384182
1,15,2014,0.287846017
1,16,2014,0.239689592
1,17,2014,-0.299043069
1,21,2014,-0.226273666
1,22,2014,0.321654746
1,23,2014,-0.334167558
1,24,2014,-1.87929763
1,27,2014,-1.26412121
1,28,2014,1.005584072
1,29,2014,-0.272818704
1,30,2014,0.777678045
1,31,2014,0.694957789
2,3,2014,-2.98581852
2,4,2014,0.55688519
2,5,2014,0.050582953
2,6,2014,0.793847016
2,7,2014,0.746731817
2,10,2014,0.222278332
2,11,2014,0.713320642
2,12,2014,0.133901397
2,13,2014,1.937454251
2,14,2014,0.385495714
2,18,2014,0.502329859
2,19,2014,-0.619559156
2,20,2014,0.75403588
2,21,2014,-0.118396876
2,24,2014,0.496745104
2,25,2014,-0.105787492
2,26,2014,0.281928825
2,27,2014,0.692492982
2,28,2014,-0.221447545
3,3,2014,0.24734864
3,4,2014,0.719511448
3,5,2014,-0.195716093
3,6,2014,-0.459507164
3,7,2014,-0.528309406
3,10,2014,-0.415945682
3,11,2014,-0.971776933
3,12,2014,0.751791404
3,13,2014,-1.464948228
3,14,2014,0.472815614
3,17,2014,0.070189516
3,18,2014,0.92171393
3,19,2014,-0.72781656
3,20,2014,0.373046169
3,21,2014,-0.820808092
3,24,2014,-1.32511916
3,25,2014,-0.446162979
3,26,2014,-2.096756398
3,27,2014,-0.179557096
3,28,2014,0
3,31,2014,0.974333366
4,1,2014,0.856308504
4,2,2014,0.034809746
4,3,2014,-0.914881318
4,4,2014,-2.464250871
4,7,2014,-1.35183282
4,8,2014,0.739483592
4,9,2014,1.116580609
4,10,2014,-2.516613308
4,11,2014,-0.650473712
4,14,2014,-0.526444662
4,15,2014,0.257920665
4,16,2014,0.535338836
4,17,2014,0.484614726
4,21,2014,0.25261519
4,22,2014,0.946902793
4,23,2014,-0.486873299
4,24,2014,-0.747594663
4,25,2014,-1.31862626
4,28,2014,-0.968409382
4,29,2014,0.292287172
4,30,2014,0.877621881
5,1,2014,0.302407168
5,2,2014,0.120363502
5,5,2014,0.629317462
5,6,2014,-0.951923146
5,7,2014,0.060747264
5,8,2014,-0.426774773
5,9,2014,0.551669732
5,12,2014,1.434301742
5,13,2014,-0.63465332
5,14,2014,-0.844591005
5,15,2014,-0.317685744
5,16,2014,0.281729548
5,19,2014,1.151541142
5,20,2014,-0.910194153
5,21,2014,0.25644035
5,22,2014,0.596249696
5,23,2014,0.907990337
5,27,2014,0.501669846
5,28,2014,-0.119003929
5,29,2014,0.21403211
5,30,2014,-0.225647276
6,2,2014,-0.011900059
6,3,2014,0.178914608
6,4,2014,0.643778039
6,5,2014,1.076671832
6,6,2014,0.478855391
6,9,2014,0.465118605
6,10,2014,0.023190304
6,11,2014,0.15145038
6,12,2014,-0.766466139
6,13,2014,0.093416629
6,16,2014,0.303705171
6,17,2014,0.792080391
6,18,2014,0.543228174
6,19,2014,-0.080321245
6,20,2014,0.149019948
6,23,2014,-0.114427281
6,24,2014,-0.814125683
6,25,2014,0.974030635
6,26,2014,-0.206587864
6,27,2014,0.795566674
6,30,2014,0.469478977
7,1,2014,0.567988192
7,2,2014,-0.519303443
7,3,2014,0.294319687
7,7,2014,-1.129305439
7,8,2014,-0.949333181
7,9,2014,0.069122117
7,10,2014,0.959176534
7,11,2014,-0.069546774
7,14,2014,-0.253400138
7,15,2014,-0.669747129
7,16,2014,-0.578168343
7,17,2014,-0.852609174
7,18,2014,1.259267962
7,21,2014,0.210550947
7,22,2014,0.174157675
7,23,2014,-0.092458394
7,24,2014,-0.277037987
7,25,2014,-0.267445349
7,28,2014,-0.337917735
7,29,2014,-0.384877546
7,30,2014,-0.244640039
7,31,2014,-1.154565309
8,1,2014,-0.095467777
8,4,2014,0.273772163
8,5,2014,-0.083432245
8,6,2014,0.623795578
8,7,2014,-0.866566972
8,8,2014,0.825066393
8,11,2014,0.236105539
8,12,2014,-0.341982299
8,13,2014,0.483542865
8,14,2014,0.29322073
8,15,2014,-0.558005135
8,18,2014,0.522340092
8,19,2014,0.265286053
8,20,2014,0.369216577
8,21,2014,0.161067652
8,22,2014,0.022974494
8,25,2014,-0.102814712
8,26,2014,0.296864574
8,27,2014,-0.136482032
8,28,2014,0.217419616
8,29,2014,0.170689583
9,2,2014,0.238229149
9,3,2014,-0.67666405
9,4,2014,-0.634710394
9,5,2014,0.330636191
9,8,2014,0.045486694
9,9,2014,-0.830578005
9,10,2014,0.263553349
9,11,2014,0.929972467
9,12,2014,-0.898749695
9,15,2014,-0.952273935
9,16,2014,0.824812946
9,17,2014,-0.034513346
9,18,2014,0.0229376
9,19,2014,-1.16544451
9,22,2014,-1.262739805
9,23,2014,-0.377047235
9,24,2014,0.614507187
9,25,2014,-1.165800781
9,26,2014,0.498987775
9,29,2014,0.811843343
9,30,2014,-1.112156925
10,1,2014,-1.436778069
10,2,2014,0.559269301
10,3,2014,0.095891166
10,6,2014,-0.941822876
10,7,2014,-1.160961394
10,8,2014,1.443072084
10,9,2014,-2.232948756
10,10,2014,-1.523034881
10,13,2014,-1.357980653
10,14,2014,0.494421925
10,15,2014,1.75370577
10,16,2014,2.665811156
10,17,2014,-0.772623243
10,20,2014,1.439210954
10,21,2014,1.322018241
10,22,2014,-1.434030832
10,23,2014,0.540277338
10,24,2014,0.357828023
10,27,2014,0.226913882
10,28,2014,1.602182492
10,29,2014,-0.443403749
10,30,2014,0.870176377
10,31,2014,-0.217959165
11,3,2014,-0.195064826
11,4,2014,-0.150112013
11,5,2014,-0.722564498
11,6,2014,0.670056624
11,7,2014,0.218317824
11,10,2014,0.240576237
11,11,2014,0.068561474
11,12,2014,0.664834953
11,13,2014,-0.534700784
11,14,2014,-0.022877401
11,17,2014,-0.275045834
11,18,2014,0.435935538
11,19,2014,-0.548574857
11,20,2014,1.130599908
11,21,2014,-0.542498851
11,24,2014,0.487363692
11,25,2014,-0.078837706
11,26,2014,0.168997292
11,28,2014,-0.67613141
12,1,2014,-1.296484704
12,2,2014,0.679884774
12,3,2014,0.777677247
12,4,2014,-0.056866826
12,5,2014,0.136272999
12,8,2014,-0.806633747
12,9,2014,1.770626003
12,10,2014,-1.77716794
12,11,2014,-0.023087132
12,12,2014,-0.53525598
12,15,2014,-1.534705231
12,16,2014,-0.106567203
12,17,2014,2.366023925
12,18,2014,0.23904383
12,19,2014,0.340216602
12,22,2014,0.388834621
12,23,2014,-0.181689761
12,24,2014,0.079536415
12,26,2014,0.135740947
12,29,2014,0.338604974
12,30,2014,-0.338107731
12,31,2014,-0.992440532
1,2,2015,-0.623869073
1,5,2015,-0.941770989
1,6,2015,-1.48079358
1,7,2015,0.46603867
1,8,2015,0.829207628
1,9,2015,-0.946517255
1,12,2015,-0.598041424
1,13,2015,-0.666132996
1,14,2015,0.749063653
1,15,2015,-1.690596321
1,16,2015,1.641473784
1,20,2015,-0.497916854
1,21,2015,0.548361924
1,22,2015,1.188972683
1,23,2015,-0.091305635
1,26,2015,1.085842978
1,27,2015,0.548574857
1,28,2015,-1.957229347
1,29,2015,0.667589802
1,30,2015,-0.954903381
2,2,2015,0.636872387
2,3,2015,1.388409607
2,4,2015,0.12511488
2,5,2015,0.825516228
2,6,2015,-0.414058858
2,9,2015,-0.191871336
2,10,2015,-0.01121787
2,11,2015,0.07858875
2,12,2015,0.592177654
2,13,2015,0.510146401
2,17,2015,0.088224526
2,18,2015,0.507669126
2,19,2015,0.297231409
2,20,2015,0.703372914
2,23,2015,0.109336323
2,24,2015,0.054609501
2,25,2015,0.32793615
2,26,2015,-0.098025272
2,27,2015,-0.370940416
3,2,2015,0.843739846
3,3,2015,-0.087186136
3,4,2015,-0.065678162
3,5,2015,0.032785792
3,6,2015,-0.877292447
3,9,2015,0.055172682
3,10,2015,-0.389284823
3,11,2015,0.334302437
3,12,2015,0.929310775
3,13,2015,-0.318507403
3,16,2015,0.515634657
3,17,2015,0.492553629
3,18,2015,1.300264466
3,19,2015,0.183761752
3,20,2015,0.548389247
3,23,2015,-0.256662384
3,24,2015,-0.235976609
3,25,2015,-2.030292278
3,26,2015,0.253196841
3,27,2015,0.614638343
3,30,2015,0.585303477
3,31,2015,-0.010815311
4,1,2015,-0.270445689
4,2,2015,0.390286218
4,6,2015,1.008676822
4,7,2015,-0.611859141
4,8,2015,0.430896253
4,9,2015,-0.096510456
4,10,2015,0.074954493
4,13,2015,-0.149827694
4,14,2015,0.214828146
4,15,2015,0.299016449
4,16,2015,0.106729993
4,17,2015,-1.110993472
4,20,2015,0.225764359
4,21,2015,-0.299143169
4,22,2015,0.096302162
4,23,2015,0.599184684
4,24,2015,-0.340316924
4,27,2015,-1.075729056
4,28,2015,0.107675241
4,29,2015,-0.097292973
4,30,2015,-1.119077563
5,1,2015,0.427583603
5,4,2015,0.272628144
5,5,2015,-1.273545185
5,6,2015,-0.383981341
5,7,2015,0.5399427
5,8,2015,-0.043479348
5,11,2015,-0.010884657
5,12,2015,0.185729271
5,13,2015,-0.250193626
5,14,2015,0.346958679
5,15,2015,0.075576547
5,18,2015,0.950628713
5,19,2015,-0.192575156
5,20,2015,-0.128400387
5,21,2015,0.128536845
5,22,2015,-0.010720257
5,26,2015,-0.655703544
5,27,2015,0.821712635
5,28,2015,0
5,29,2015,-0.504726144
6,1,2015,-0.129035484
6,2,2015,0.388979998
6,3,2015,0.300363653
6,4,2015,-0.600670366
6,5,2015,0.713432046
6,8,2015,-0.601565178
6,9,2015,-0.216197163
6,10,2015,0.701187725
6,11,2015,0.203080381
6,12,2015,-0.1177226
6,15,2015,0.12929857
6,16,2015,0.743696925
6,17,2015,-0.256059951
6,18,2015,0.725101309
6,19,2015,-0.169325858
6,22,2015,-0.010547295
6,23,2015,0.168709412
6,24,2015,-0.874606936
6,25,2015,-0.572095567
6,26,2015,-0.234068523
6,29,2015,-1.453025446
6,30,2015,-0.303456171
7,1,2015,-0.409744456
7,2,2015,-0.496974946
7,6,2015,0.437734748
7,7,2015,0.304777393
7,8,2015,-0.951445736
7,9,2015,-0.710616588
7,10,2015,0.239913857
7,13,2015,0.421895274
7,14,2015,0.570882187
7,15,2015,-0.652407487
7,16,2015,-0.042818455
7,17,2015,-0.449724815
7,20,2015,-0.386848278
7,21,2015,-0.571796298
7,22,2015,0.654092424
7,23,2015,-0.98346051
7,24,2015,-1.123348214
7,27,2015,-0.51008982
7,28,2015,0.755052204
7,29,2015,0.783058361
7,30,2015,0.526724477
7,31,2015,0.229231522
8,3,2015,-0.500597459
8,4,2015,-0.17486776
8,5,2015,-0.315458501
8,6,2015,-1.209942254
8,7,2015,-0.188071691
8,10,2015,0.771780621
8,11,2015,-0.099243575
8,12,2015,0.566787045
8,13,2015,-0.110543888
8,14,2015,0.608949291
8,17,2015,1.113678441
8,18,2015,-0.436588067
8,19,2015,-0.561172994
8,20,2015,-1.795873914
8,21,2015,-1.269878674
8,24,2015,3.870720184
8,25,2015,-3.973357485
8,26,2015,1.333013138
8,27,2015,1.325976281
8,28,2015,0.834783768
8,31,2015,-0.322951568
9,1,2015,-1.671342956
9,2,2015,0.410941656
9,3,2015,-0.12828105
9,4,2015,-0.023578588
9,8,2015,0.743752444
9,9,2015,-1.899100702
9,10,2015,0.58486374
9,11,2015,0.887439291
9,14,2015,-0.543290936
9,15,2015,0.881263935
9,16,2015,0.780802654
9,17,2015,0.193663707
9,18,2015,-0.195669896
9,21,2015,-0.607797039
9,22,2015,-0.443102835
9,23,2015,-0.460121509
9,24,2015,0.238887957
9,25,2015,-1.594800907
9,28,2015,-2.736584789
9,29,2015,-0.48315039
9,30,2015,0.653512963
10,1,2015,-0.110231473
10,2,2015,2.601262135
10,5,2015,1.269619146
10,6,2015,-0.567782108
10,7,2015,0.829085633
10,8,2015,1.046820785
10,9,2015,0.046496572
10,12,2015,-0.278775713
10,13,2015,-0.550223614
10,14,2015,-0.694367416
10,15,2015,1.502777151
10,16,2015,-0.081498429
10,19,2015,0.502923977
10,20,2015,-0.011650361
10,21,2015,-1.546146299
10,22,2015,0.258490186
10,23,2015,0.104768333
10,26,2015,-0.116439222
10,27,2015,-0.421497463
10,28,2015,2.078679928
10,29,2015,-0.311809692
10,30,2015,-0.289318353
11,2,2015,1.552367933
11,3,2015,0.388442824
11,4,2015,-0.476296212
11,5,2015,-0.022783598
11,6,2015,0.479833206
11,9,2015,-0.831438468
11,10,2015,0.564513805
11,11,2015,-0.812541799
11,12,2015,-1.161170419
11,13,2015,-0.518015057
11,16,2015,1.114274524
11,17,2015,-0.397944747
11,18,2015,1.265230772
11,19,2015,-0.219987256
11,20,2015,0.092501153
11,23,2015,0.254130761
11,24,2015,0.890169942
11,25,2015,0.572934591
11,27,2015,0.29625683
11,30,2015,-0.792928192
12,1,2015,0.352350522
12,2,2015,-0.963607312
12,3,2015,-2.018010512
12,4,2015,1.011749064
12,7,2015,-1.108543906
12,8,2015,0.388603401
12,9,2015,-0.799436887
12,10,2015,0.355570688
12,11,2015,-1.001784162
12,14,2015,-0.542950068
12,15,2015,0.626359936
12,16,2015,0.952951791
12,17,2015,-1.560099261
12,18,2015,-1.082512642
12,21,2015,0.254205299
12,22,2015,0.372638529
12,23,2015,0.726276955
12,24,2015,0.141780484
12,28,2015,0.059287411
12,29,2015,0.448109654
12,30,2015,-0.588442973
12,31,2015,-0.569525398
1,4,2016,-0.26650635
1,5,2016,-0.470957625
1,6,2016,-0.331935104
1,7,2016,-1.189876062
1,8,2016,-2.028475418
1,11,2016,-0.999102088
1,12,2016,-0.551920136
1,13,2016,-3.42122701
1,14,2016,0.755667506
1,15,2016,0.796430864
1,19,2016,-2.135279784
1,20,2016,1.14089622
1,21,2016,-0.189856257
1,22,2016,0.949958548
1,25,2016,-1.50707516
1,26,2016,1.631166083
1,27,2016,-0.879419019
1,28,2016,-1.133179546
1,29,2016,2.753529997
2,1,2016,0.777743201
2,2,2016,-1.321702283
2,3,2016,-0.252831663
2,4,2016,0.855270591
2,5,2016,-2.241195334
2,8,2016,-1.297091192
2,9,2016,0.807594196
2,10,2016,-0.363324493
2,11,2016,0.185271489
2,12,2016,0.914208183
2,16,2016,1.114471657
2,17,2016,1.201889215
2,18,2016,-0.506335756
2,19,2016,0.713322986
2,22,2016,0.503441951
2,23,2016,-0.529653093
2,24,2016,1.747785766
2,25,2016,0.843658043
2,26,2016,0.090956342
2,29,2016,-0.324633156
3,1,2016,1.383680295
3,2,2016,1.123448203
3,3,2016,1.162200548
3,4,2016,0.424262546
3,7,2016,1.198501903
3,8,2016,-1.710033521
3,9,2016,0.012546412
3,10,2016,-0.850318859
3,11,2016,1.338503844
3,14,2016,-0.061915551
3,15,2016,-0.523361994
3,16,2016,1.307848389
3,17,2016,1.305000016
3,18,2016,0.391581004
3,21,2016,0.098005639
3,22,2016,0.664616615
3,23,2016,-1.36129628
3,24,2016,0.863141084
3,28,2016,-0.284271399
3,29,2016,2.41233903
3,30,2016,-0.410632835
3,31,2016,0.315001208
4,1,2016,1.16859279
4,4,2016,-0.686416177
4,5,2016,-0.20767041
4,6,2016,1.26117182
4,7,2016,-0.70594203
4,8,2016,-0.352584802
4,11,2016,-0.740652007
4,12,2016,0.855532877
4,13,2016,1.277106024
4,14,2016,-0.214158231
4,15,2016,0.477718841
4,18,2016,1.03930595
4,19,2016,0
4,20,2016,0.141478425
4,21,2016,-0.658984444
4,22,2016,0.709720834
4,25,2016,-0.35326779
4,26,2016,0.577292669
4,27,2016,0.421990398
4,28,2016,-0.819764619
4,29,2016,-0.426087121
5,2,2016,0.676075215
5,3,2016,-0.889996472
5,4,2016,-0.180464382
5,5,2016,-0.612974782
5,6,2016,0.88623889
5,9,2016,0.22907523
5,10,2016,0.718398014
5,11,2016,-0.892857143
5,12,2016,-0.706582036
5,13,2016,-0.338909453
5,16,2016,0.945567971
5,17,2016,-0.806934853
5,18,2016,0.365456224
5,19,2016,0.036623121
5,20,2016,0.98396137
5,23,2016,-0.180433063
5,24,2016,1.102322084
5,25,2016,0.437449741
5,26,2016,-0.340856833
5,27,2016,0.825671159
5,31,2016,0.070049035
6,1,2016,1.007497645
6,2,2016,1.058873608
6,3,2016,-0.449514743
6,6,2016,0.73979885
6,7,2016,0.183385673
6,8,2016,0.422860571
6,9,2016,-0.114283429
6,10,2016,-0.681367395
6,13,2016,-0.652458333
6,14,2016,-0.070585812
6,15,2016,-0.011734179
6,16,2016,0.472592161
6,17,2016,-0.188062995
6,20,2016,-0.046572361
6,21,2016,-0.198234604
6,22,2016,-0.373830616
6,23,2016,0.906553918
6,24,2016,-0.537309851
6,27,2016,-2.098236583
6,28,2016,1.0053936
6,29,2016,0.972618888
6,30,2016,1.364662443
7,1,2016,0.304380714
7,5,2016,-0.92570077
7,6,2016,1.140683168
7,7,2016,0.082101804
7,8,2016,1.080515859
7,11,2016,0.297383049
7,12,2016,0.464689999
7,13,2016,-0.730256135
7,14,2016,-0.550559551
7,15,2016,-0.157674286
7,18,2016,0.203045681
7,19,2016,-0.225509071
7,20,2016,0.530295629
7,21,2016,-0.347920322
7,22,2016,0.642035376
7,25,2016,-0.044854227
7,26,2016,0.56116724
7,27,2016,-0.300966451
7,28,2016,0.302144133
7,29,2016,0.50268545
8,1,2016,-0.222243588
8,2,2016,-1.203881409
8,3,2016,0.903039887
8,4,2016,-0.022374454
8,5,2016,0.556730889
8,8,2016,-0.03321045
8,9,2016,0.055322561
8,10,2016,-0.596686188
8,11,2016,0.033225163
8,12,2016,0.05541565
8,15,2016,0.663128846
8,16,2016,-0.561606664
8,17,2016,-0.188363435
8,18,2016,0.632488883
8,19,2016,0.210203565
8,22,2016,0.298281053
8,23,2016,0.186553282
8,24,2016,-0.778166391
8,25,2016,0.376152233
8,26,2016,-0.429136238
8,29,2016,0.397176748
8,30,2016,-0.032928651
8,31,2016,-0.252854005
9,1,2016,-0.02201233
9,2,2016,0.4600197
9,6,2016,-0.11965626
9,7,2016,0.643047411
9,8,2016,-0.184407199
9,9,2016,-2.123926084
9,12,2016,1.776472863
9,13,2016,-1.083315824
9,14,2016,-0.191684515
9,15,2016,1.095674925
9,16,2016,0.202110941
9,19,2016,0.111444329
9,20,2016,-0.776489167
9,21,2016,0.957151941
9,22,2016,0.613771386
9,23,2016,-0.447447357
9,26,2016,-0.176235266
9,27,2016,0.320478513
9,28,2016,0.615382418
9,29,2016,-1.08268261
9,30,2016,0.51761452
10,3,2016,-0.14278418
10,4,2016,-0.549450549
10,5,2016,0.066025089
10,6,2016,0.08830243
10,7,2016,-0.826082159
10,10,2016,0.121280048
10,11,2016,-1.368802356
10,12,2016,0.044753861
10,13,2016,0.236805368
10,14,2016,-0.783616908
10,17,2016,-0.180427379
10,18,2016,-0.32456632
10,19,2016,0.246666661
10,20,2016,-0.044834117
10,21,2016,0.450959429
10,24,2016,-0.022309495
10,25,2016,-0.670547586
10,26,2016,-0.146931505
10,27,2016,-1.331377682
10,28,2016,-0.045762496
10,31,2016,0.228385292
11,1,2016,-1.205228012
11,2,2016,-0.923577664
11,3,2016,-0.67442093
11,4,2016,0.268915004
11,7,2016,0.470394655
11,8,2016,0.68744043
11,9,2016,3.325277721
11,10,2016,-0.044288087
11,11,2016,1.105705416
11,14,2016,0.662396597
11,15,2016,0.485328942
11,16,2016,0.107524731
11,17,2016,0.417870986
11,18,2016,-0.063874162
11,21,2016,0.159017276
11,22,2016,0.305972782
11,23,2016,0.526205026
11,25,2016,0.188108471
11,28,2016,-0.960031285
11,29,2016,0.105402617
11,30,2016,-0.910330648
12,1,2016,-1.051967201
12,2,2016,0.074436409
12,5,2016,0.686379114
12,6,2016,0.848261616
12,7,2016,0.976422592
12,8,2016,0.862065869
12,9,2016,-0.30454065
12,12,2016,-0.774090446
12,13,2016,-0.27590946
12,14,2016,-0.955021594
12,15,2016,0.3932578
12,16,2016,-0.185453332
12,19,2016,0.402226696
12,20,2016,0.348222044
12,21,2016,-0.418498516
12,22,2016,-0.732033214
12,23,2016,0.467585213
12,27,2016,0.247752651
12,28,2016,-1.17259719
12,29,2016,-0.010391688
12,30,2016,-0.518672188
1,3,2017,-0.371708836
1,4,2017,1.394058298
1,5,2017,-0.551133888
1,6,2017,-0.194607196
1,9,2017,-0.513505171
1,10,2017,0.504692574
1,11,2017,0.051178216
1,12,2017,-0.389062156
1,13,2017,0.338281896
1,17,2017,-0.716850984
1,18,2017,0.267739674
1,19,2017,-0.830511646
1,20,2017,0.092741137
1,23,2017,-0.123714433
1,24,2017,0.925451928
1,25,2017,0.293701647
1,26,2017,-0.393183781
1,27,2017,-0.435090551
1,30,2017,-0.531105075
1,31,2017,0.833939077
2,1,2017,-0.751343299
2,2,2017,-0.143031267
2,3,2017,0.446747902
2,6,2017,-0.222876104
2,7,2017,-0.395536519
2,8,2017,0.22451373
2,9,2017,0.874073594
2,10,2017,0.150460424
2,13,2017,-0.10978144
2,14,2017,0.469953995
2,15,2017,0.698181714
2,16,2017,-0.168549473
2,17,2017,0.338406486
2,21,2017,0.46502523
2,22,2017,-0.266111771
2,23,2017,-0.788958564
2,24,2017,0.770536375
2,27,2017,0.844684513
2,28,2017,-0.85013935
3,1,2017,0.583116229
3,2,2017,-1.032248319
3,3,2017,0.119239866
3,6,2017,-0.069832404
3,7,2017,-0.529741114
3,8,2017,-0.661981966
3,9,2017,-0.313104731
3,10,2017,-0.151150749
3,13,2017,0.252219524
3,14,2017,-0.08075409
3,15,2017,0.966280845
3,16,2017,-0.169017694
3,17,2017,0.049739382
3,20,2017,-0.447491059
3,21,2017,-2.676352548
3,22,2017,0.255911552
3,23,2017,0.255258316
3,24,2017,-0.264633079
3,27,2017,1.050468611
3,28,2017,0.970184865
3,29,2017,0.465405725
3,30,2017,0.51370065
3,31,2017,0.140349875
4,3,2017,-1.018671757
4,4,2017,0.080818266
4,5,2017,-1.366835176
4,6,2017,0.691548852
4,7,2017,0.162004857
4,10,2017,0.171567269
4,11,2017,0.778096208
4,12,2017,-0.97350563
4,13,2017,-0.730965482
4,17,2017,0.8363933
4,18,2017,0.365483249
4,19,2017,-0.070570621
4,20,2017,0.593028457
4,21,2017,-0.170039003
4,24,2017,-0.059420619
4,25,2017,0.167419734
4,26,2017,0.265431574
4,27,2017,-0.166296581
4,28,2017,-1.125576023
5,1,2017,0.157872721
5,2,2017,-0.491738788
5,3,2017,-0.287577362
5,4,2017,-0.32803281
5,5,2017,0.507010657
5,8,2017,-0.36648475
5,9,2017,-0.218276613
5,10,2017,0.567333527
5,11,2017,-0.218428314
5,12,2017,-0.139664807
5,15,2017,0.388406518
5,16,2017,-0.188262984
5,17,2017,-1.213639956
5,18,2017,0.518559238
5,19,2017,0.463989313
5,22,2017,0.350348341
5,23,2017,-0.059716333
5,24,2017,0.129280034
5,25,2017,-0.198016832
5,26,2017,0
5,30,2017,-0.308394359
5,31,2017,-0.228927041
6,1,2017,1.392204682
6,2,2017,0.333141296
6,5,2017,-0.5175344
6,6,2017,0.138026225
6,7,2017,-0.098343985
6,8,2017,0.777865317
6,9,2017,-0.048748051
6,12,2017,-0.06828602
6,13,2017,0.379302665
6,14,2017,-0.50348277
6,15,2017,0.313787008
6,16,2017,0.058793848
6,19,2017,0.419389451
6,20,2017,-0.768782585
6,21,2017,-0.519759728
6,22,2017,0.246499709
6,23,2017,0.589678624
6,26,2017,-0.165399885
6,27,2017,-0.916531804
6,28,2017,0.763133752
6,29,2017,-0.815056294
6,30,2017,-0.165916457
7,3,2017,0.165536519
7,5,2017,-0.175149368
7,6,2017,-0.881489733
7,7,2017,0.699989155
7,10,2017,-0.195902643
7,11,2017,0.245314484
7,12,2017,0.214112895
7,13,2017,-0.009705968
7,14,2017,0.398131664
7,17,2017,0.058008315
7,18,2017,0.009675702
7,19,2017,0.714360487
7,20,2017,-0.114882722
7,21,2017,-0.172728147
7,24,2017,0.249953862
7,25,2017,0.14321272
7,26,2017,-0.590197984
7,27,2017,-0.659784841
7,28,2017,0.019309846
7,31,2017,-0.481093043
8,1,2017,-0.19252696
8,2,2017,-0.656561746
8,3,2017,-0.465661613
8,4,2017,0.233415678
8,7,2017,-0.048461911
8,8,2017,-0.261954982
8,9,2017,-0.166192197
8,10,2017,-1.297169786
8,11,2017,0.328817255
8,14,2017,0.512665878
8,15,2017,-0.724281114
8,16,2017,0.029525731
8,17,2017,-1.401359885
8,18,2017,0.170595079
8,21,2017,0.180704747
8,22,2017,0.729120034
8,23,2017,0.368712514
8,24,2017,-0.118767814
8,25,2017,-0.098744942
8,28,2017,-0.255924806
8,29,2017,0.685955888
8,30,2017,0.750990141
8,31,2017,0.673896872
9,1,2017,0.212931669
9,5,2017,-0.995071954
9,6,2017,-0.107028319
9,7,2017,-0.447513372
9,8,2017,0.303561487
9,11,2017,0.397521819
9,12,2017,0.346855185
9,13,2017,0.153783159
9,14,2017,0.03841817
9,15,2017,0.384209967
9,18,2017,0.32440035
9,19,2017,-0.123555407
9,20,2017,0.21919756
9,21,2017,-0.180723871
9,22,2017,0.410266204
9,25,2017,-0.075960881
9,26,2017,-0.075881628
9,27,2017,0.641812194
9,28,2017,0.272147152
9,29,2017,0.140207511
10,2,2017,0.914438759
10,3,2017,0.120063725
10,4,2017,-0.009226086
10,5,2017,0.128913446
10,6,2017,0.14757794
10,9,2017,-0.496598317
10,10,2017,-0.257707312
10,11,2017,0.018442313
10,12,2017,0.036914913
10,13,2017,-0.276263939
10,16,2017,-0.202691172
10,17,2017,-0.212290021
10,18,2017,-0.046099586
10,19,2017,0.398739814
10,20,2017,0.045954417
10,23,2017,-0.807336697
10,24,2017,-0.101457298
10,25,2017,-0.517128077
10,26,2017,0.129688748
10,27,2017,0.564031427
10,30,2017,-0.221912155
10,31,2017,0.295639325
11,1,2017,-0.942704541
11,2,2017,0.240520819
11,3,2017,0.258635687
11,6,2017,0.220992638
11,7,2017,-0.78146458
11,8,2017,0.250514012
11,9,2017,0.130389304
11,10,2017,0.223524256
11,13,2017,0.457343667
11,14,2017,0.037272643
11,15,2017,0.215513491
11,16,2017,0.838927114
11,17,2017,0.601741361
11,20,2017,0.395147951
11,21,2017,0.336825678
11,22,2017,-0.199305133
11,24,2017,-0.162940163
11,27,2017,-0.471053542
11,28,2017,0.934833001
11,29,2017,-0.152552941
11,30,2017,0.134181053
12,1,2017,-0.384272558
12,4,2017,-1.253336889
12,5,2017,-1.050456125
12,6,2017,-0.172791926
12,7,2017,0.700705257
12,8,2017,-0.063005402
12,11,2017,-0.15282093
12,12,2017,-0.50291604
12,13,2017,0.10820108
12,14,2017,-0.89984705
12,15,2017,0.58743876
12,18,2017,0.320741274
12,19,2017,-0.73594787
12,20,2017,-0.249065117
12,21,2017,0.107301259
12,22,2017,-0.089268883
12,26,2017,0.143001163
12,27,2017,-0.071353905
12,28,2017,0.187114848
12,29,2017,-0.913443581
1,2,2018,0.409798664
1,3,2018,0.168486304
1,4,2018,-0.237840915
1,5,2018,0.140985111
1,8,2018,0.431760515
1,9,2018,-0.210180397
1,10,2018,0.035184272
1,11,2018,1.281937846
1,12,2018,0.207772484
1,16,2018,-1.513713809
1,17,2018,0.390927805
1,18,2018,-0.320564033
1,19,2018,0.998438965
1,22,2018,0.704891246
1,23,2018,0.435594458
1,24,2018,-0.678652036
1,25,2018,-0.493066407
1,26,2018,0.204323176
1,29,2018,-0.536395927
1,30,2018,-0.2672627
1,31,2018,-0.645494438
2,1,2018,0.512601225
2,2,2018,-1.313045217
2,5,2018,-2.693571921
2,6,2018,3.046958628
2,7,2018,0.126680242
2,8,2018,-3.539584829
2,9,2018,-0.046247686
2,12,2018,0.867641716
2,13,2018,0.799708606
2,14,2018,2.487835307
2,15,2018,0.364732662
2,16,2018,0.417846717
2,20,2018,-0.328774655
2,21,2018,-0.329352869
2,22,2018,-0.622391743
2,23,2018,0.666725943
2,26,2018,0.184760683
2,27,2018,-1.343518651
2,28,2018,-1.436809756
3,1,2018,-0.441041412
3,2,2018,2.11562914
3,5,2018,1.506321183
3,6,2018,0.580989447
3,7,2018,1.358145351
3,8,2018,-0.234432582
3,9,2018,0.918150738
3,12,2018,0
3,13,2018,-1.022928157
3,14,2018,-0.823115
3,15,2018,-0.690074183
3,16,2018,0.381840657
3,19,2018,-0.555218198
3,20,2018,-0.069712442
3,21,2018,0.287432284
3,22,2018,-1.514225821
3,23,2018,-2.05856261
3,26,2018,0.878926457
3,27,2018,-2.233841898
3,28,2018,-0.253415698
3,29,2018,0.567923916
4,2,2018,-2.067598024
4,3,2018,0.629844802
4,4,2018,2.539100346
4,5,2018,0.160542272
4,6,2018,-1.050927853
4,9,2018,-0.676223941
4,10,2018,0.601171842
4,11,2018,0.555955897
4,12,2018,0.12427785
4,13,2018,-0.917836924
4,16,2018,0.283235963
4,17,2018,0.447324788
4,18,2018,-0.008696485
4,19,2018,-0.444407451
4,20,2018,-0.464585371
4,23,2018,-0.307583265
4,24,2018,-1.185567721
4,25,2018,-0.044471625
4,26,2018,0.301850145
4,27,2018,-0.256660771
4,30,2018,-1.044432615
5,1,2018,0.420847063
5,2,2018,0.035683319
5,3,2018,0.071576591
5,4,2018,1.560116575
5,7,2018,0.431032723
5,8,2018,0.473394407
5,9,2018,0.321790738
5,10,2018,0.294088744
5,11,2018,0
5,14,2018,-0.524100013
5,15,2018,0.234236147
5,16,2018,0.622354557
5,17,2018,0.361016
5,18,2018,-0.017118774
5,21,2018,0.170311675
5,22,2018,-0.865070787
5,23,2018,0.480684979
5,24,2018,0.119759622
5,25,2018,0.136994605
5,29,2018,0.206307914
5,30,2018,0.818972011
5,31,2018,-0.795398545
6,1,2018,0.254427097
6,4,2018,0.252868343
6,5,2018,0.521536857
6,6,2018,0.685160428
6,7,2018,-0.505427119
6,8,2018,0.466781692
6,11,2018,0.074630184
6,12,2018,0.264746415
6,13,2018,-0.560317233
6,14,2018,0.041287259
6,15,2018,0.389429109
6,18,2018,0.845775304
6,19,2018,0.538259348
6,20,2018,0.246207636
6,21,2018,-0.990422378
6,22,2018,-0.707004281
6,25,2018,-1.328681304
6,26,2018,0.226723494
6,27,2018,-1.647158054
6,28,2018,0.537723607
6,29,2018,-0.405813328
7,2,2018,0.946533665
7,3,2018,-0.160028632
7,5,2018,0.453096996
7,6,2018,0.910455221
7,9,2018,0.329598712
7,10,2018,-0.409802468
7,11,2018,-0.066237478
7,12,2018,-0.041212395
7,13,2018,-0.082459802
7,16,2018,-0.593570472
7,17,2018,0.747820536
7,18,2018,0.321702541
7,19,2018,0.519035274
7,20,2018,-0.352690294
7,23,2018,0.024706464
7,24,2018,-1.44190974
7,25,2018,0.506981383
7,26,2018,0.438269247
7,27,2018,-1.628158855
7,30,2018,-0.919045853
7,31,2018,0.697949894
8,1,2018,0.025063915
8,2,2018,1.417192453
8,3,2018,-0.239690061
8,6,2018,0.646122427
8,7,2018,0.016413686
8,8,2018,-0.164079909
8,9,2018,0.106764946
8,10,2018,0.082438382
8,13,2018,-0.682342163
8,14,2018,0.569731644
8,15,2018,-0.618914012
8,16,2018,0.305654681
8,17,2018,0.569262442
8,20,2018,0.18841894
8,21,2018,0.76741123
8,22,2018,0.251294583
8,23,2018,-0.266920657
8,24,2018,0.315329884
8,27,2018,0.128517269
8,28,2018,-0.080068861
8,29,2018,0.224220857
8,30,2018,-0.160041609
8,31,2018,0.481888194
9,4,2018,-0.095994719
9,5,2018,-0.432727779
9,6,2018,-0.634946964
9,7,2018,0.032455172
9,10,2018,-0.112975308
9,11,2018,0.41289023
9,12,2018,0.056469829
9,13,2018,-0.144659648
9,14,2018,0.402284975
9,17,2018,-1.106747917
9,18,2018,0.323993199
9,19,2018,-0.371476211
9,20,2018,0.347223041
9,21,2018,-0.617776
9,24,2018,-0.250630605
9,25,2018,-0.056583947
9,26,2018,-0.835563418
9,27,2018,-0.065377133
9,28,2018,0.582396011
10,1,2018,-1.387986235
10,2,2018,-0.691475123
10,3,2018,0.231251235
10,4,2018,-1.050110781
10,5,2018,-0.935596867
10,8,2018,-0.109995768
10,9,2018,-0.271553811
10,10,2018,-2.75432428
10,11,2018,-1.313931194
10,12,2018,-1.036725532
10,15,2018,0.373398816
10,16,2018,1.838491379
10,17,2018,-0.190255994
10,18,2018,-1.304688168
10,19,2018,-1.273714908
10,22,2018,-0.594761641
10,23,2018,0.734359001
10,24,2018,-3.678722792
10,25,2018,1.372788264
10,26,2018,-0.046356051
10,29,2018,-1.959175081
10,30,2018,1.896486343
10,31,2018,0.054429827
11,1,2018,1.717283096
11,2,2018,-0.566170377
11,5,2018,-0.026665778
11,6,2018,0.578910764
11,7,2018,1.135664271
11,8,2018,-0.052449515
11,9,2018,-0.819239803
11,12,2018,-1.840326231
11,13,2018,-0.370232985
11,14,2018,-1.582160223
11,15,2018,1.97501468
11,16,2018,0.715839972
11,19,2018,-2.035487724
11,20,2018,-0.363128485
11,21,2018,0.761939209
11,23,2018,0.734816282
11,26,2018,0.594531225
11,27,2018,-0.401828311
11,28,2018,1.916057517
11,29,2018,0.224577794
11,30,2018,0.825926033
12,3,2018,-0.254833912
12,4,2018,-3.53200883
12,6,2018,1.598811088
12,7,2018,-2.152999502
12,10,2018,-0.243561593
12,11,2018,-1.547591454
12,12,2018,-0.353558792
12,13,2018,-1.498232845
12,14,2018,-0.571543135
12,17,2018,-2.133795635
12,18,2018,-0.798760927
12,19,2018,-1.736558495
12,20,2018,-1.381189608
12,21,2018,-2.679577123
12,24,2018,-1.580278162
12,26,2018,4.373263321
12,27,2018,2.110928209
12,28,2018,-0.070784711
12,31,2018,0.402367955
1,2,2019,1.463566434
1,3,2019,-1.159976812
1,4,2019,2.255788451
1,7,2019,1.393658861
1,8,2019,0.517887231
1,9,2019,0.503705564
1,10,2019,1.19851806
1,11,2019,0.472143523
1,14,2019,-0.189122459
1,15,2019,0.775487058
1,16,2019,0.468427965
1,17,2019,1.281446964
1,18,2019,0.578669039
1,22,2019,-0.992101773
1,23,2019,-0.628640115
1,24,2019,0.716276279
1,25,2019,0.56834084
1,28,2019,0.533482335
1,29,2019,-0.356326186
1,30,2019,0.629392519
1,31,2019,0.997821136
2,1,2019,0.242128056
2,4,2019,0.866846276
2,5,2019,0.19469115
2,6,2019,-0.12372481
2,7,2019,-0.026703746
2,8,2019,0.599282632
2,11,2019,0.230315353
2,12,2019,0.623955527
2,13,2019,-0.017420534
2,14,2019,0.595291064
2,15,2019,0.744711619
2,19,2019,0.534808074
2,20,2019,0.205918485
2,21,2019,-0.282972039
2,22,2019,0.582791395
2,25,2019,-0.491235708
2,26,2019,-0.392022342
2,27,2019,0.531500205
2,28,2019,-0.315620567
3,1,2019,-0.050970181
3,4,2019,-1.118644068
3,5,2019,-0.351324773
3,6,2019,-1.488046594
3,7,2019,-0.733820208
3,8,2019,0.674172784
3,11,2019,1.264935919
3,12,2019,0.069295737
3,13,2019,0.163894592
3,14,2019,-0.292728363
3,15,2019,0.060333565
3,18,2019,0.352297655
3,19,2019,-0.852878465
3,20,2019,-0.662363011
3,21,2019,1.763230307
3,22,2019,-2.508590163
3,25,2019,0.229238234
3,26,2019,0.23580524
3,27,2019,-0.418443034
3,28,2019,0.56892954
3,29,2019,-0.147018944
4,1,2019,0.421503656
4,2,2019,-0.222509204
4,3,2019,-0.204340576
4,4,2019,0.085279719
4,5,2019,0.561084772
4,8,2019,0.203359605
4,9,2019,-0.551878082
4,10,2019,0.954568295
4,11,2019,0.01688508
4,12,2019,-0.033580422
4,15,2019,-0.318715919
4,16,2019,-0.301962755
4,17,2019,-1.324277115
4,18,2019,-0.084874385
4,22,2019,0.110673422
4,23,2019,1.231733765
4,24,2019,0.008378038
4,25,2019,-0.352881037
4,26,2019,0.673851072
4,29,2019,0.200482835
4,30,2019,-0.308412934
5,1,2019,-1.134373185
5,2,2019,0.261844753
5,3,2019,1.090051969
5,6,2019,1.575402736
5,7,2019,-1.05447738
5,8,2019,-0.169323565
5,9,2019,0.658848276
5,10,2019,0.699778119
5,13,2019,-1.337124764
5,14,2019,1.020140361
5,15,2019,1.191507188
5,16,2019,0.548555765
5,17,2019,-0.421075868
5,20,2019,-0.164969179
5,21,2019,0.743495301
5,22,2019,-0.336119972
5,23,2019,-0.985011323
5,24,2019,0.043758643
5,28,2019,-0.899798193
5,29,2019,-0.248094097
5,30,2019,-0.318838887
5,31,2019,0
6,3,2019,-0.080793609
6,4,2019,1.620089073
6,5,2019,-0.052316882
6,6,2019,0.139588201
6,7,2019,0.286583582
6,10,2019,0.051628948
6,11,2019,-0.991032867
6,12,2019,0.043165575
6,13,2019,0.274819645
6,14,2019,-0.48889186
6,17,2019,0.163808952
6,18,2019,0.393060757
6,19,2019,0.340107981
6,20,2019,-0.494845245
6,21,2019,-0.557146721
6,24,2019,-1.236448997
6,25,2019,-0.958243522
6,26,2019,-0.57668962
6,27,2019,1.174034053
6,28,2019,0.936328713
7,1,2019,-0.666280503
7,2,2019,-0.218043445
7,3,2019,0.544337977
7,5,2019,0.644833744
7,8,2019,-0.442550928
7,9,2019,0.749852544
7,10,2019,-0.307745147
7,11,2019,-0.349859217
7,12,2019,0.60105267
7,15,2019,-0.570768472
7,16,2019,-0.141511699
7,17,2019,-0.42510794
7,18,2019,0.393767591
7,19,2019,-0.766154218
7,22,2019,-0.19254584
7,23,2019,0.317404775
7,24,2019,1.501622554
7,25,2019,-0.790258459
7,26,2019,0.819602609
7,29,2019,-0.616067038
7,30,2019,1.16510815
7,31,2019,-0.855193645
8,1,2019,-1.42513959
8,2,2019,-0.810946971
8,5,2019,-1.309061141
8,6,2019,0.567290093
8,7,2019,1.288345334
8,8,2019,1.617619157
8,9,2019,-0.68889691
8,12,2019,-0.895779516
8,13,2019,1.376428248
8,14,2019,-1.275442463
8,15,2019,-0.493737445
8,16,2019,1.277530396
8,19,2019,-0.223536243
8,20,2019,-0.336932181
8,21,2019,0.043002236
8,22,2019,-0.334619468
8,23,2019,-2.111277148
8,26,2019,-0.052519259
8,27,2019,-1.724133637
8,28,2019,0.985003976
8,29,2019,0.565507211
8,30,2019,-0.568520995
9,3,2019,-0.366490408
9,4,2019,0.199777648
9,5,2019,0.497898541
9,6,2019,-0.494580894
9,9,2019,-0.068266062
9,10,2019,0.761789767
9,11,2019,1.152249438
9,12,2019,-0.217205519
9,13,2019,-0.408705483
9,16,2019,0.572246056
9,17,2019,0.217903118
9,18,2019,-0.3180956
9,19,2019,-0.444220106
9,20,2019,-0.420556821
9,23,2019,0.304853088
9,24,2019,-1.675652548
9,25,2019,0.959317345
9,26,2019,-0.713076383
9,27,2019,-1.29516444
9,30,2019,0.241274444
10,1,2019,-2.012846253
10,2,2019,-0.501319274
10,3,2019,0.992558525
10,4,2019,0.770507843
10,7,2019,0.069681183
10,8,2019,-0.94803548
10,9,2019,0.017594368
10,10,2019,0.29897731
10,11,2019,0.329286823
10,14,2019,-0.077851212
10,15,2019,0.69024589
10,16,2019,-0.137465419
10,17,2019,0.420022273
10,18,2019,-0.154084061
10,21,2019,0.04258155
10,22,2019,-0.586138289
10,23,2019,0.239438169
10,24,2019,-0.17807089
10,25,2019,0.764910734
10,28,2019,0.226888235
10,29,2019,0.310769365
10,30,2019,-0.125524686
10,31,2019,-0.419744785
11,1,2019,0.863658379
11,4,2019,-0.256069722
11,5,2019,-0.256280591
11,6,2019,-0.340076316
11,7,2019,-0.446097469
11,8,2019,0.565206559
11,11,2019,0.540181991
11,12,2019,-0.016506522
11,13,2019,0.290358385
11,14,2019,0.223451126
11,15,2019,0.106792078
11,18,2019,0.073973366
11,19,2019,0.188527049
11,20,2019,0.246079067
11,21,2019,-0.621170423
11,22,2019,-0.090245304
11,25,2019,1.143605639
11,26,2019,0.2180273
11,27,2019,0.224898795
11,29,2019,-0.473512046
12,2,2019,-1.215880486
12,3,2019,0.592398382
12,4,2019,0.154769466
12,5,2019,-0.235594288
12,6,2019,0.056488058
12,9,2019,-0.403225806
12,10,2019,-0.07283668
12,11,2019,-0.194000487
12,12,2019,0.58238374
12,13,2019,-0.217342022
12,16,2019,0.096063882
12,17,2019,0.015964394
12,18,2019,-0.015933865
12,19,2019,0.310261742
12,20,2019,0.02371275
12,23,2019,-0.204623803
12,24,2019,0.103000555
12,26,2019,0
12,27,2019,-0.551787005
12,30,2019,-0.514567764
